id,sum,m,cv,percent,percent_m,variable,variablename,base,category,profile,is_reliable,previous_sum,previous_m,previous_cv,previous_percent,previous_percent_m,previous_is_reliable,comparison_sum,comparison_m,comparison_cv,comparison_percent,comparison_percent_m,comparison_is_reliable,change_sum,change_m,change_significant,change_percent,change_percent_m,change_percent_significant,change_percentage_point,change_percentage_point_m,change_percentage_point_significant,difference_sum,difference_m,significant,difference_percent,difference_percent_m,percent_significant
QUlBTk5I,26,32,74.8187982230535,0.000433391118815842,0.000533171223812227,aiannh,AIANNH,Pop_2,mutually_exclusive_race_hispanic_origin,demographic,False,75,70.0357051795725,56.7665290209301,0.00131429072110751,0.00122608141509204,False,15017,875,3.5,0.002,0.001,True,-49,77,False,-0.6533333333333333,0.535573960034155,False,-0.0008808996022916679,0.0013369918437804798,False,-14991,875.5849473352085,True,-0.1566608881184158,0.11332570555268685,False
QXNuMVJj,2199,611.058098710753,16.8924006272747,1,0,asn1rc,Asn1Rc,Asn1Rc,asian_subgroup,demographic,True,,0,,0,0,False,1177700,3785,0.2,1,0,True,,,,,1,0,True,-1175501,3834.0079551299837,True,0,0
QXNuMnBs,83,108.853112036358,79.7254272064734,0.0377444292860391,0.0483772736716809,asn2pl,Asn2pl,Asn1Rc,asian_subgroup,demographic,False,,0,,0,0,False,17175,1660,5.9,0.015,0.001,True,,,,,0.0377444292860391,0.0483772736716809,False,-17092,1663.565147507004,True,2.27444292860391,4.838760799941148,False
QXNuQmh1dG4=,0,0,,0,0,asnbhutn,AsnBhutn,Asn1Rc,asian_subgroup,demographic,False,,0,,0,0,False,100,90,54.7,0,0,False,,,,,0,0,-100,90,False,0,0
QXNuQm5n,0,0,,0,0,asnbng,AsnBng,Asn1Rc,asian_subgroup,demographic,False,,0,,0,0,False,65991,3237,3,0.056,0.003,True,,,,,0,0,-65991,3237,True,-5.6000000000000005,0.3,True
QXNuQnVybQ==,0,0,,0,0,asnburm,AsnBurm,Asn1Rc,asian_subgroup,demographic,False,,0,,0,0,False,4509,620,8.4,0.004,0.001,True,,,,,0,0,-4509,620,True,-0.4,0.1,True
QXNuQ2hpTm9U,545,381,42.4974205961908,0.247839927239654,0.158984850788931,asnchinot,AsnChiNoT,Asn1Rc,asian_subgroup,demographic,False,,0,,0,0,False,565173,5911,0.6,0.48,0.005,True,,,,,0.247839927239654,0.158984850788931,False,-564628,5923.266159814195,True,-23.2160072760346,15.906345520067974,False
QXNuQ21i,0,0,,0,0,asncmb,AsnCmb,Asn1Rc,asian_subgroup,demographic,False,,0,,0,0,False,2700,1036,23.3,0.002,0.001,False,,,,,0,0,-2700,1036,False,-0.2,0.1,False
QXNuRWFzdA==,933,426.933250052043,27.817137257143,0.424283765347885,0.154250966947744,asneast,AsnEast,Asn1Rc,asian_subgroup,demographic,False,,0,,0,0,False,686453,6802,0.6,0.583,0.005,True,,,,,0.424283765347885,0.154250966947744,False,-685520,6815.385242229525,True,-15.8716234652115,15.43319824414694,False
QXNuRmxw,201,118.067777145164,35.708320750401,0.0914051841746248,0.0473037216877032,asnflp,AsnFlp,Asn1Rc,asian_subgroup,demographic,False,,0,,0,0,False,71450,2932,2.5,0.061,0.002,True,,,,,0.0914051841746248,0.0473037216877032,False,-71249,2934.3762539933423,True,3.040518417462481,4.734598278109434,False
QXNuSG1uZw==,0,0,,0,0,asnhmng,AsnHmng,Asn1Rc,asian_subgroup,demographic,False,,0,,0,0,False,60,59,59.8,0,0,False,,,,,0,0,-60,59,False,0,0
QXNuSW5k,675,326.019938040605,29.3612462492946,0.306957708049113,0.121263628699218,asnind,AsnInd,Asn1Rc,asian_subgroup,demographic,False,,0,,0,0,False,228887,4990,1.3,0.194,0.004,True,,,,,0.306957708049113,0.121263628699218,False,-228212,5000.638859185894,True,11.295770804911296,12.132958272944736,False
QXNuSW5kbnNu,36,56,94.5626477541371,0.0163710777626194,0.0250564990061277,asnindnsn,AsnIndnsn,Asn1Rc,asian_subgroup,demographic,False,,0,,0,0,False,3778,675,10.9,0.003,0.001,True,,,,,0.0163710777626194,0.0250564990061277,False,-3742,677.3189795067018,True,1.3371077762619399,2.5076445969157555,False
QXNuSnBu,212,152.895389073706,43.8422289022499,0.0964074579354252,0.0641612369922618,asnjpn,AsnJpn,Asn1Rc,asian_subgroup,demographic,False,,0,,0,0,False,25224,1431,3.4,0.021,0.001,True,,,,,0.0964074579354252,0.0641612369922618,False,-25012,1439.1448849924736,True,7.54074579354252,6.416902938627936,False
QXNuS29y,96,90,56.9908814589666,0.043656207366985,0.0390884955455112,asnkor,AsnKor,Asn1Rc,asian_subgroup,demographic,False,,0,,0,0,False,85212,2865,2,0.072,0.002,True,,,,,0.043656207366985,0.0390884955455112,False,-85116,2866.4132639938716,True,-2.834379263301499,3.9139628051521504,False
QXNuTGFv,0,0,,0,0,asnlao,AsnLao,Asn1Rc,asian_subgroup,demographic,False,,0,,0,0,False,538,173,19.5,0,0,True,,,,,0,0,-538,173,True,0,0
QXNuTWFsc24=,0,0,,0,0,asnmalsn,AsnMalsn,Asn1Rc,asian_subgroup,demographic,False,,0,,0,0,False,1750,544,18.9,0.001,0,True,,,,,0,0,-1750,544,True,-0.1,0,True
QXNuTWdvbA==,46,62,81.9347165323114,0.020918599363347,0.0275889115146895,asnmgol,AsnMgol,Asn1Rc,asian_subgroup,demographic,False,,0,,0,0,False,644,287,27.1,0.001,0,False,,,,,0.020918599363347,0.0275889115146895,False,-598,293.62050337127346,False,1.9918599363346998,2.75889115146895,False
QXNuTmVwYWw=,0,0,,0,0,asnnepal,AsnNepal,Asn1Rc,asian_subgroup,demographic,False,,0,,0,0,False,8478,1242,8.9,0.007,0.001,True,,,,,0,0,-8478,1242,True,-0.7000000000000001,0.1,True
QXNuTkg=,2098,567.904921619808,16.4552409624395,0.0349713295106014,0.0093804024585555,asnnh,AsnNH,Pop_2,mutually_exclusive_race_hispanic_origin,demographic,True,753,250.45758123882,20.2196346317926,0.0131954788399194,0.00435460503782879,False,1167421,3568,0.2,0.138,0.001,True,1345,620.6810775269377,False,1.7861885790172642,1.1948292242766645,False,0.021775850670681995,0.01034188258103707,False,-1165323,3612.9129521758477,True,-10.302867048939861,0.9433554488339698,True
QXNuT0Fzbg==,147,145,59.9631950044455,0.0668485675306958,0.0632684499998373,asnoasn,AsnOAsn,Asn1Rc,asian_subgroup,demographic,False,,0,,0,0,False,10707,1286,7.3,0.009,0.001,True,,,,,0.0668485675306958,0.0632684499998373,False,-10560,1294.1487549737085,True,5.784856753069581,6.327635233941597,False
QXNuT2tpbnc=,0,0,,0,0,asnokinw,AsnOkinw,Asn1Rc,asian_subgroup,demographic,False,,0,,0,0,False,0,0,,0,0,False,,,,,0,0,0,0,0,0
QXNuUGFr,0,0,,0,0,asnpak,AsnPak,Asn1Rc,asian_subgroup,demographic,False,,0,,0,0,False,48973,3097,3.8,0.042,0.003,True,,,,,0,0,-48973,3097,True,-4.2,0.3,True
QXNuU0Vhc3Q=,361,178.044938147649,29.9817188235396,0.164165529786266,0.0668918101850063,asnseast,AsnSEast,Asn1Rc,asian_subgroup,demographic,False,,0,,0,0,False,106360,3653,2.1,0.09,0.003,True,,,,,0.164165529786266,0.0668918101850063,False,-105999,3657.3363257977794,True,7.416552978626601,6.695904920043977,False
QXNuU291dGg=,675,326.019938040605,29.3612462492946,0.306957708049113,0.121263628699218,asnsouth,AsnSouth,Asn1Rc,asian_subgroup,demographic,False,,0,,0,0,False,357005,6872,1.2,0.303,0.006,True,,,,,0.306957708049113,0.121263628699218,False,-356330,6879.729137109978,True,0.39577080491129735,12.141197488428318,False
QXNuU3JpTA==,0,0,,0,0,asnsril,AsnSriL,Asn1Rc,asian_subgroup,demographic,False,,0,,0,0,False,4576,837,11.1,0.004,0.001,True,,,,,0,0,-4576,837,True,-0.4,0.1,True
QXNuVGhhaQ==,20,31,94.2249240121581,0.00909504320145521,0.0138689201451775,asnthai,AsnThai,Asn1Rc,asian_subgroup,demographic,False,,0,,0,0,False,7346,955,7.9,0.006,0.001,True,,,,,0.00909504320145521,0.0138689201451775,False,-7326,955.5030088911285,True,0.3095043201455211,1.3904925242276935,False
QXNuVHdu,34,44,78.6697657786519,0.0154615734424739,0.0195423719075862,asntwn,AsnTwn,Asn1Rc,asian_subgroup,demographic,False,,0,,0,0,False,10200,996,5.9,0.009,0.001,True,,,,,0.0154615734424739,0.0195423719075862,False,-10166,996.9714138329143,True,0.6461573442473902,1.9567940611480152,False
QXNuVnRu,104,117,68.3890577507599,0.0472942246475671,0.0515573800998287,asnvtn,AsnVtn,Asn1Rc,asian_subgroup,demographic,False,,0,,0,0,False,14229,1262,5.4,0.012,0.001,True,,,,,0.0472942246475671,0.0515573800998287,False,-14125,1267.4119298791534,True,3.52942246475671,5.156707712056416,False
QmxOSA==,15441,1452.26030724523,5.71746009664487,0.257384317909055,0.0223219561931126,blnh,BlNH,Pop_2,mutually_exclusive_race_hispanic_origin,demographic,True,18201,1416.42931344985,4.73079091465747,0.31895207219837,0.0209870447513073,True,1853055,3317,0.1,0.219,0.001,True,-2760,2028.6281078600935,False,-0.15164001977913302,0.10356250806383034,False,-0.06156775428931499,0.03063863207913521,False,-1837614,3620.9872963046982,True,3.838431790905503,2.234434443628271,False
RmVt,29206,1424.28789224651,2.96455696064141,0.486831577543673,0.0158038561198832,fem,Fem,Pop_1,sex_and_age,demographic,True,29800,1484.74711651513,3.02879809982484,0.522211513186717,0.014357073123351,True,4418616,268,0,0.523,0,True,-594,2057.4425872913193,False,-0.019932885906040268,0.06832846669816779,False,-0.03537993564304398,0.021351520248619704,False,-4389410,1449.2825811414439,True,-3.6168422456327036,1.58038561198832,False
RlBvcDB0NQ==,1661,421.236275740825,15.4166576966241,0.0276870249366582,0.00694887004264708,fpop0t5,FPop0t5,Pop,poppyramid_only,demographic,True,1305,310.52214091752,14.4649240548985,0.0228686585472707,0.00535794187483056,True,269674,178,0,0.032,0,True,356,523.3201696858249,False,0.2727969348659004,0.4426227965216811,False,0.004818366389387499,0.008774641645312978,False,-268013,457.3007762949899,True,-0.4312975063341802,0.694887004264708,False
RlBvcDEwdDE0,1083,291.08418026406,16.3389537822193,0.0180524069875983,0.00480736763842412,fpop10t14,FPop10t14,Pop,poppyramid_only,demographic,True,1572,323.233661613391,12.4996582137788,0.0275475335144134,0.00554744541282171,True,227093,2312,0.6,0.027,0,True,-489,434.982758278992,False,-0.3110687022900763,0.23313963776729948,False,-0.009495126526815102,0.007340635818456336,False,-226010,2330.2519177119025,True,-0.8947593012401704,0.480736763842412,False
RlBvcDE1dDE5,1060,291.547594742265,16.7200547538146,0.0176690225363382,0.00481704693835736,fpop15t19,FPop15t19,Pop,poppyramid_only,demographic,True,2070,380.847738604288,11.1844629048438,0.0362744239025673,0.00650149776500658,True,226700,355,0.1,0.027,0,True,-1010,479.63006577986755,False,-0.48792270531400966,0.16945036341942454,False,-0.0186054013662291,0.008091564397242573,False,-225640,459.3745748297352,True,-0.9330977463661803,0.481704693835736,False
RlBvcDIwdDI0,2470,438.818869238778,10.799967248041,0.041172156287505,0.00715951633135553,fpop20t24,FPop20t24,Pop,poppyramid_only,demographic,True,2775,486.543934295763,10.6584284190862,0.0486287566809778,0.00828324363148136,True,293909,3345,0.7,0.035,0,True,-305,655.1999694749684,False,-0.10990990990990991,0.22217314681058936,False,-0.007456600393472797,0.010948552377251662,False,-291439,3373.66077132838,True,0.6172156287505,0.715951633135553,False
RlBvcDI1dDI5,3311,547.972627053578,10.0608293264614,0.055190692092279,0.00891053192921041,fpop25t29,FPop25t29,Pop,poppyramid_only,demographic,True,2963,532.124045688597,10.9173021610726,0.0519232454218873,0.00907185190996903,True,405287,203,0,0.048,0,True,348,763.8258963926268,False,0.11744853189335133,0.2729021046479737,False,0.0032674466703917007,0.01271597720735166,False,-401976,584.3654678366952,True,0.719069209227901,0.8910531929210409,False
RlBvcDMwdDM0,3091,580.948362593441,11.4254318615658,0.0515235364715295,0.00950049761259191,fpop30t34,FPop30t34,Pop,poppyramid_only,demographic,True,2494,423.51505286117,10.3230136000851,0.043704547445895,0.00719601733011513,True,366861,247,0,0.043,0,True,597,718.9339329868911,False,0.23937449879711306,0.313934401238098,False,0.0078189890256345,0.01191814248539519,False,-363770,631.2764845929239,True,0.8523536471529498,0.9500497612591909,False
RlBvcDM1dDM5,2194,425.978872715537,11.8028132185745,0.036571542872383,0.00697474732576978,fpop35t39,FPop35t39,Pop,poppyramid_only,demographic,True,1970,359.560843251876,11.0953309753252,0.0345220362744239,0.00613544516975519,True,315142,3125,0.6,0.037,0,True,224,557.4423737033271,False,0.11370558375634518,0.2967760031338745,False,0.0020495065979590985,0.009289283486330093,False,-312948,3153.8996496401087,True,0,0.697474732576978
RlBvcDQwdDQ0,1907,410.329136182163,13.0802414455195,0.0317875716762235,0.00674119337210013,fpop40t44,FPop40t44,Pop,poppyramid_only,demographic,True,2230,355.123922032859,9.68075352768571,0.0390782441075966,0.00600757350814523,True,280418,3132,0.7,0.033,0,True,-323,542.6628787746589,False,-0.14484304932735426,0.22891733491098912,False,-0.007290672431373102,0.009029652680796483,False,-278511,3158.7646319407845,True,-0.12124283237764999,0.6741193372100129,False
RlBvcDQ1dDQ5,1922,371.316576521975,11.7442436330562,0.0320376050140019,0.00607862962057837,fpop45t49,FPop45t49,Pop,poppyramid_only,demographic,True,2613,390.083324432101,9.07511366320377,0.0457898887233856,0.00656564544800084,True,281658,193,0,0.033,0,True,-691,538.5545469123805,False,-0.26444699579027936,0.17958592084728062,False,-0.013752283709383702,0.008947482227589329,False,-279736,418.47939017351825,True,-0.09623949859981007,0.6078629620578371,False
RlBvcDUwdDU0,2398,373.03753162383,9.45665287495988,0.0399719962661688,0.0060455746028481,fpop50t54,FPop50t54,Pop,poppyramid_only,demographic,True,1557,297.833846296891,11.6283885617806,0.0272846753701919,0.00509458046084963,True,285202,202,0,0.034,0,True,841,477.3489289817251,False,0.5401412973667309,0.3797322309121781,False,0.012687320895976899,0.007905929569043275,False,-282804,424.21810428127645,True,0.5971996266168795,0.60455746028481,False
RlBvcDU1dDU5,829,226.072997060684,16.5778520325645,0.0138185091345513,0.00373468030373905,fpop55t59,FPop55t59,Pop,poppyramid_only,demographic,True,1616,323.87188825213,12.1833296312005,0.0283185840707965,0.00555217120822512,True,272993,2843,0.6,0.032,0,True,-787,394.97088500293313,False,-0.4870049504950495,0.17361291246170008,False,-0.014500074936245201,0.006691370718812431,False,-272164,2851.974403812208,True,-1.8181490865448702,0.373468030373905,True
RlBvcDV0OQ==,1425,350.25847598595,14.9419709267189,0.0237531670889452,0.00577407189005783,fpop5t9,FPop5t9,Pop,poppyramid_only,demographic,True,1715,361.204927984102,12.8033506600655,0.0300534478226584,0.00620530414590927,True,234049,2327,0.6,0.028,0,True,-290,503.1401395237719,False,-0.16909620991253643,0.2689538376830903,False,-0.0063002807337132,0.008476184621325492,False,-232624,2353.212697569006,True,-0.4246832911054801,0.577407189005783,False
RlBvcDYwdDY0,1997,358.231768552148,10.9048608947509,0.0332877717028937,0.00584715351951801,fpop60t64,FPop60t64,Pop,poppyramid_only,demographic,True,1140,251.097590589794,13.3897291414597,0.0199772189608341,0.00432119665930456,True,256568,2933,0.7,0.03,0,True,857,437.46999897135754,False,0.7517543859649123,0.4976150941435054,False,0.013310552742059601,0.007270622040045593,False,-254571,2954.7959320399777,True,0.32877717028937026,0.584715351951801,False
RlBvcDY1dDY5,968,224.403654159196,14.0925201687556,0.0161354847312975,0.00369418138131629,fpop65t69,FPop65t69,Pop,poppyramid_only,demographic,True,1400,279.062716965201,12.1173563597569,0.0245334267940068,0.00478282945762134,True,214644,2853,0.8,0.025,0,True,-432,358.09635574800245,False,-0.30857142857142855,0.21139412062717144,False,-0.008397942062709298,0.006043379327723386,False,-213676,2861.81166396393,True,-0.88645152687025,0.369418138131629,False
RlBvcDcwdDc0,739,194.200926877294,15.9750033420085,0.0123183091078811,0.00320592283115653,fpop70t74,FPop70t74,Pop,poppyramid_only,demographic,True,718,190.706580903754,16.146386103221,0.0125821431700692,0.00330077097902541,True,161099,2686,1,0.019,0,True,21,272.1819244549501,False,0.02924791086350975,0.384566458647444,False,-0.00026383406218810114,0.004601416114122593,False,-160360,2693.0113256353006,True,-0.6681690892118899,0.32059228311565297,False
RlBvcDc1dDc5,835,237.320458452279,17.2775755566517,0.0139185224696626,0.00392330561418434,fpop75t79,FPop75t79,Pop,poppyramid_only,demographic,True,617,196.104563944851,19.3213129462445,0.0108122316656444,0.00340701842258963,True,124380,1845,0.9,0.015,0,True,218,307.86035795470656,False,0.353322528363047,0.5770270642918932,False,0.0031062908040182004,0.005196162187052622,False,-123545,1860.200526824998,True,-0.10814775303374002,0.392330561418434,False
RlBvcDgwdDg0,637,228.88643472255,21.8431224177303,0.0106180824109881,0.00379566393570138,fpop80t84,FPop80t84,Pop,poppyramid_only,demographic,False,508,174,20.8218653519374,0.00890212915096819,0.00302663471167432,False,91235,1728,1.2,0.011,0,True,129,287.5152169885972,False,0.25393700787401574,0.6224760289737185,False,0.001715953260019911,0.004854645444385819,False,-90598,1743.0929407234717,True,0,0.379566393570138
RlBvcDg1cGw=,679,238.933045014707,21.3914656378016,0.0113181757567676,0.0039613923364254,fpop85pl,FPop85pl,Pop,poppyramid_only,demographic,False,537,169.955876626847,19.2395981985755,0.00941032156312976,0.00295250622893743,True,111704,1844,1,0.013,0,True,142,293.2132329892361,False,0.2644320297951583,0.5984292412153673,False,0.001907854193637839,0.004940639864936951,False,-111025,1859.4152306572084,True,-0.16818242432324015,0.39613923364254,False
SHNwMQ==,28979,2111.42913686441,4.42921960124864,0.483047739698626,0.030490549309314,hsp1,Hsp1,Pop_2,mutually_exclusive_race_hispanic_origin,demographic,True,29794,2173.96274117106,4.43565112898042,0.522106369929028,0.0313157480328927,True,2457137,0,0,0.291,0,True,-815,3030.552259902471,False,-0.02735450090622273,0.10029470543401346,False,-0.039058630230402014,0.04370754708335085,False,-2428158,2111.42913686441,True,19.204773969862604,3.0490549309314,True
SHNwMg==,28979,2111.42913686441,4.42921960124864,1,0,hsp2,Hsp2,Hsp2,hispanic_subgroup,demographic,True,29794,2173.96274117106,4.43565112898042,1,0,True,2457137,0,0,1,0,True,-815,3030.552259902471,False,-0.02735450090622273,0.10029470543401346,False,0,0,-2428158,2111.42913686441,True,0,0
SHNwQWxsT3Ro,990,392.230799402597,24.0846642352152,0.0341626695193071,0.0133041559291706,hspalloth,HspAllOth,Hsp2,hispanic_subgroup,demographic,False,463,184.621233881696,24.2401194642705,0.0155400416191179,0.00609196251723372,False,73407,3230,2.7,0.03,0.001,True,527,433.50893877750684,False,1.1382289416846652,1.201924738108459,False,0.018622627900189197,0.014632585974429325,False,-72417,3253.727862006901,True,0.4162669519307096,1.334168523791823,False
SHNwQXJn,78,87.6812408671319,68.3354694623427,0.00269160426515753,0.00301931980391942,hsparg,HspArg,Hsp2,hispanic_subgroup,demographic,False,41,46,68.2037215508933,0.00137611599650936,0.00154066645197138,False,18356,2145,7.1,0.007,0.001,True,37,99.01515035589252,False,0.9024390243902439,3.021476201869984,False,0.0013154882686481698,0.003389682167190618,False,-18278,2146.7913266081546,True,-0.43083957348424706,0.3180611903131221,False
SHNwQm9s,81,139,104.31911141131,0.00279512750612512,0.00479225145478836,hspbol,HspBol,Hsp2,hispanic_subgroup,demographic,False,0,0,,0,0,False,3802,607,9.7,0.002,0,True,81,139,False,0,,0.00279512750612512,0.00479225145478836,False,-3721,622.7118113541769,True,0.07951275061251195,0.479225145478836,False
SHNwQ0Ft,1272,488.256080351285,23.3342929953205,0.0438938541702612,0.0165423044080415,hspcam,HspCAm,Hsp2,hispanic_subgroup,demographic,False,1148,659.47403284739,34.9212603310311,0.0385312479022622,0.0219551758954116,False,179031,5054,1.7,0.073,0.002,True,124,820.548596976438,False,0.10801393728222997,0.7655232821236189,False,0.005362606267998997,0.027489590461241355,False,-177759,5077.529911285605,True,-2.9106145829738805,1.666276793117846,False
SHNwQ2hs,124,110.258786497948,54.0537241386154,0.00427896062666069,0.00379198749769917,hspchl,HspChl,Hsp2,hispanic_subgroup,demographic,False,9,14,94.5626477541371,0.000302074243136202,0.000469376036955202,False,7524,974,7.9,0.003,0,True,115,111.1440506729896,False,12.777777777777779,24.68645939061176,False,0.003976886383524489,0.003820926987888487,False,-7400,980.2208934724868,True,0.12789606266606907,0.379198749769917,False
SHNwQ29s,190,119,38.073908174692,0.00655647192794782,0.00407854078944098,hspcol,HspCol,Hsp2,hispanic_subgroup,demographic,False,127,151.172087370652,72.3605712230581,0.00426260320869974,0.00506436859038333,False,102532,3800,2.3,0.042,0.002,True,63,192.39022844209123,False,0.49606299212598426,2.0122799721466578,False,0.0022938687192480796,0.006502486000784246,False,-102342,3801.862832875484,True,-3.544352807205218,0.45425207727795647,True
SHNwQ1I=,57,78,83.1866901295793,0.00196694157838435,0.00268778626379934,hspcr,HspCR,Hsp2,hispanic_subgroup,demographic,False,0,0,,0,0,False,7377,1032,8.5,0.003,0,True,57,78,False,0,,0.00196694157838435,0.00268778626379934,False,-7320,1034.9434767174487,True,-0.10330584216156502,0.268778626379934,False
SHNwQ3Vi,467,298.363871807563,38.8385896926724,0.016115117843956,0.0102286943785952,hspcub,HspCub,Hsp2,hispanic_subgroup,demographic,False,408,179.120071460459,26.6881327046396,0.0136940323555078,0.005928334116388,False,39929,2284,3.5,0.016,0.001,True,59,348.0014367786429,False,0.14460784313725492,0.8872925404482309,False,0.0024210854884482,0.011822492718806595,False,-39462,2303.4055222648053,True,0.011511784395600078,1.0277460225693167,False
SHNwRG9t,16560,1660.1280071127,6.09418089919939,0.571448290141137,0.0393480270086355,hspdom,HspDom,Hsp2,hispanic_subgroup,demographic,True,17719,1968.64420350657,6.75401657351163,0.594717057125596,0.0498282734656791,True,701188,8731,0.8,0.285,0.004,True,-1159,2575.1864010203226,False,-0.06541001185168463,0.13985764035391662,False,-0.02326876698445901,0.06349113375931169,False,-684628,8887.428536984136,True,28.6448290141137,3.9550818316089353,True
SHNwRWM=,1475,659.589266134615,27.1841436766623,0.0508989268090686,0.0224567846375692,hspec,HspEc,Hsp2,hispanic_subgroup,demographic,False,1546,519.755711849326,20.4373168859859,0.0518896422098409,0.0170291504114399,False,196728,6097,1.9,0.08,0.002,True,-71,839.7642526328442,False,-0.04592496765847348,0.5337668397794272,False,-0.0009907154007723004,0.028183313147918002,False,-195253,6132.574255563482,True,-2.9101073190931395,2.254566868066157,False
SHNwR3VhdG0=,228,210.79373804741,56.202671051941,0.00786776631353739,0.00725139343104195,hspguatm,HspGuatm,Hsp2,hispanic_subgroup,demographic,False,146,231,96.1818711745847,0.00490031549976505,0.00774498969281341,False,37583,2564,4.1,0.015,0.001,True,82,312.72192120156865,False,0.5616438356164384,2.8617283436894745,False,0.0029674508137723403,0.01060978661583466,False,-37355,2572.6503843313026,True,-0.7132233686462609,0.7320020948860619,False
SHNwSG5k,453,316,42.4055771385629,0.0156320093861072,0.0108448033935555,hsphnd,HspHnd,Hsp2,hispanic_subgroup,demographic,False,319,327,62.3147945231584,0.0107068537289387,0.0109475239552854,False,50108,3416,4.1,0.02,0.001,True,134,454.7361872558638,False,0.4200626959247649,1.760758638247548,False,0.004925155657168501,0.015409673630431652,False,-49655,3430.584789798964,True,-0.43679906138928004,1.0890810835051397,False
SHNwTWU=,3906,1308.57632563026,20.3657738874222,0.134787259739812,0.0440751662262628,hspme,HspMe,Hsp2,hispanic_subgroup,demographic,False,4059,1103.44596605362,16.5259379479968,0.136235483654427,0.0356768533789928,True,339425,7811,1.4,0.138,0.003,True,-153,1711.7140532226751,False,-0.037694013303769404,0.41517644632034156,False,-0.0014482239146149933,0.056705009874779555,False,-335519,7919.854354721429,True,-0.3212740260188003,4.417714655647982,False
SHNwTmlj,62,66,64.7122266888911,0.00213948031333034,0.00227217031067578,hspnic,HspNic,Hsp2,hispanic_subgroup,demographic,False,58,93,97.4740593229221,0.00194670067798886,0.00311820024940485,False,12560,1653,8,0.005,0.001,True,4,114.03946685248927,False,0.06896551724137931,2.057374302063599,False,0.00019277963534148007,0.003858228961078507,False,-12498,1654.3170796434401,True,-0.286051968666966,0.24824902659862477,False
SHNwT0NBbQ==,0,0,,0,0,hspocam,HspOCAm,Hsp2,hispanic_subgroup,demographic,False,430,531,75.0689192054853,0.0144324360609519,0.0177912409827694,False,1606,513,19.4,0.001,0,True,-430,531,False,-1,0,True,-0.0144324360609519,0.0177912409827694,False,-1606,513,True,-0.1,0,True
SHNwT1NBbQ==,0,0,,0,0,hsposam,HspOSAm,Hsp2,hispanic_subgroup,demographic,False,0,0,,0,0,False,2811,708,15.3,0.001,0,True,0,0,0,,,,-2811,708,True,-0.1,0,True
SHNwT3Ro,1323,505.154431832484,23.211244217112,0.0456537492667104,0.0171114265530268,hspoth,HspOth,Hsp2,hispanic_subgroup,demographic,False,710,246.953436906636,21.1441788524026,0.023830301402967,0.00810425982454745,False,108479,3640,2,0.044,0.001,True,613,562.28729311625,False,0.8633802816901408,0.9624323438590118,False,0.021823447863743396,0.01893356664718522,False,-107156,3674.885168273969,True,0.16537492667104026,1.7140621887190401,False
SHNwUGFu,83,78,57.1282088841689,0.00286414300010352,0.00268350233407995,hsppan,HspPan,Hsp2,hispanic_subgroup,demographic,False,164,116.709039924078,43.260819899206,0.00550446398603746,0.00389655433723012,False,22824,1473,3.9,0.009,0.001,True,-81,140.37449910863452,False,-0.49390243902439024,0.5965899062954181,False,-0.00264032098593394,0.004731207084877959,False,-22741,1475.063727436886,True,-0.6135856999896478,0.28637710762231916,False
SHNwUGVydQ==,253,153.05227865014,36.7750588440572,0.00873045998826737,0.00524304272992926,hspperu,HspPeru,Hsp2,hispanic_subgroup,demographic,False,279,227.378539004894,49.5426651861062,0.00936430153722226,0.0076010396619954,False,40211,2081,3.1,0.016,0.001,True,-26,274.0912256895507,False,-0.0931899641577061,0.9203793149537793,False,-0.0006338415489548898,0.009233921215339192,False,-39958,2086.620713019019,True,-0.726954001173263,0.5337555345648799,False
SHNwUFI=,2589,757.52491708194,17.7868470201129,0.0893405569550364,0.0253170328554393,hsppr,HspPR,Hsp2,hispanic_subgroup,demographic,True,3583,707.571197831003,12.0048692929547,0.120259112573001,0.0220682141109799,True,696879,8571,0.7,0.284,0.003,True,-994,1036.581400566304,False,-0.2774211554563215,0.2550707662827367,False,-0.030918555617964597,0.03358508935005898,False,-694290,8604.410787497305,True,-19.46594430449636,2.549415918604481,True
SHNwUHJn,0,0,,0,0,hspprg,HspPrg,Hsp2,hispanic_subgroup,demographic,False,0,0,,0,0,False,3666,808,13.4,0.001,0,True,0,0,0,,,,-3666,808,True,-0.1,0,True
SHNwU2Fsdg==,389,287.836759292485,44.9811705319516,0.0134235135787984,0.00988432750068324,hspsalv,HspSalv,Hsp2,hispanic_subgroup,demographic,False,31,48,94.1268751838415,0.00104047794858025,0.00160927280239458,False,46973,2844,3.7,0.019,0.001,True,358,291.8115830463211,False,11.548387096774194,21.534341838402213,False,0.012383035630218149,0.010014473979859845,False,-46584,2858.528642501243,True,-0.5576486421201599,0.9934783849725316,False
SHNwU0Ft,2862,862.27721760464,18.3151879592913,0.0987611718830878,0.028872044402647,hspsam,HspSAm,Hsp2,hispanic_subgroup,demographic,True,2167,612.52346893813,17.1829576540657,0.0727327649862388,0.0198618220227515,True,392206,7423,1.2,0.16,0.003,True,695,1057.6894629332373,False,0.32071988924780803,0.5456172412532965,False,0.026028406896849002,0.03504407113980732,False,-389344,7472.914491682613,True,-6.123882811691219,2.9027486077654396,False
SHNwU3BBbQ==,0,0,,0,0,hspspam,HspSpAm,Hsp2,hispanic_subgroup,demographic,False,0,0,,0,0,False,601,224,22.7,0,0,False,0,0,0,,,,-601,224,False,0,0
SHNwU3BucmQ=,225,154.673850407882,41.7896252368477,0.00776424307256979,0.00530738216108666,hspspnrd,HspSpnrd,Hsp2,hispanic_subgroup,demographic,False,75,52,42.1479229989868,0.00251728535946835,0.00173562582546942,False,24966,1807,4.4,0.01,0.001,True,150,163.18088123306558,False,2,2.9290878367770965,False,0.005246957713101441,0.0055839683389017625,False,-24741,1813.607730464336,True,-0.22357569274302103,0.5400768964121767,False
SHNwU3Buc2g=,108,195,109.760216143195,0.0037268366748335,0.00672352962694174,hspspnsh,HspSpnsh,Hsp2,hispanic_subgroup,demographic,False,172,164,57.9628189722203,0.00577297442438075,0.00548832270375929,False,9505,1192,7.6,0.004,0,True,-64,254.7959968288356,False,-0.37209302325581395,1.2820948614461287,False,-0.00204613774954725,0.008679143779484415,False,-9397,1207.844774795172,True,0,0.672352962694174
SHNwVXJn,250,279,67.8419452887538,0.00862693674729977,0.00960712085450794,hspurg,HspUrg,Hsp2,hispanic_subgroup,demographic,False,0,0,,0,0,False,3021,707,14.2,0.001,0,True,250,279,False,0,,0.00862693674729977,0.00960712085450794,False,-2771,760.0592082199912,True,0.7626936747299771,0.960712085450794,False
SHNwVm56,411,401,59.3111914745709,0.0141826840125608,0.0137989681662056,hspvnz,HspVnz,Hsp2,hispanic_subgroup,demographic,False,165,154.896739797841,57.0679708198732,0.00553802779083037,0.00518319603598568,False,13555,1267,5.7,0.006,0.001,True,246,429.87672651586996,False,1.490909090909091,3.372598717817208,False,0.00864465622173043,0.014740320335712287,False,-13144,1328.94318915445,True,0.81826840125608,1.3835155310004856,False
TWFsZQ==,30786,1605.3426425533,3.16992199026498,0.513168422456328,0.0191648477456296,male,Male,Pop_1,sex_and_age,demographic,True,27265,1527.08120281798,3.40479310698269,0.477788486813283,0.0179437582497083,True,4025097,268,0,0.477,0,True,3521,2215.649340486897,False,0.12913992297817714,0.08640771961143354,False,0.03537993564304498,0.026253949212206886,False,-3994311,1627.559215512607,True,3.616842245632803,1.9164847745629598,False
TWRBZ2U=,34.42479890726969,0.6129403516071315,1.082382841166905,,,mdage,MdAge,median,sex_and_age,demographic,True,,33.56984361792054,0.8323983779062082,1.507356592917481,,,True,,36.5,0.1,0.2,,,True,0.8549552893491494,1.0337228517204988,False,,,,,-2.0752010927303104,0.6210441808988101,True,,
TWRQb3AwdDQ=,3288,529,9.78043026497756,0,0,mdpop0t4,MdPop0t4,MdAge,demographic__special_variable,demographic,True,2850,0,,0,0,False,551869,0,,0,0,False,438,529,False,0.15368421052631578,0.18561403508771931,False,0,0,-548581,529,True,0,0
TWRQb3AxMHQxNA==,2906,443,9.26706510165531,0,0,mdpop10t14,MdPop10t14,MdAge,demographic__special_variable,demographic,True,3290,0,,0,0,False,464704,0,,0,0,False,-384,443,False,-0.11671732522796352,0.13465045592705166,False,0,0,-461798,443,True,0,0
TWRQb3AxNXQxNw==,1920,356,11.2715298885512,0,0,mdpop15t17,MdPop15t17,MdAge,demographic__special_variable,demographic,True,2366,0,,0,0,False,273431,0,,0,0,False,-446,356,False,-0.18850380388841928,0.15046491969568893,False,0,0,-271511,356,True,0,0
TWRQb3AxOHQxOQ==,1080,240,13.5089496791624,0,0,mdpop18t19,MdPop18t19,MdAge,demographic__special_variable,demographic,True,1502,0,,0,0,False,182243,0,,0,0,False,-422,240,False,-0.2809587217043941,0.15978695073235688,False,0,0,-181163,240,True,0,0
TWRQb3AyMA==,687,241,21.3252633581538,0,0,mdpop20,MdPop20,MdAge,demographic__special_variable,demographic,False,857,0,,0,0,False,105547,0,,0,0,False,-170,241,False,-0.1983663943990665,0.2812135355892649,False,0,0,-104860,241,True,0,0
TWRQb3AyMQ==,445,186,25.4089682729415,0,0,mdpop21,MdPop21,MdAge,demographic__special_variable,demographic,False,1280,0,,0,0,False,105415,0,,0,0,False,-835,186,True,-0.65234375,0.14531249999999998,True,0,0,-104970,186,True,0,0
TWRQb3AyMnQyNA==,3716,526,8.60486649369685,0,0,mdpop22t24,MdPop22t24,MdAge,demographic__special_variable,demographic,True,3585,0,,0,0,False,360439,0,,0,0,False,131,526,False,0.036541143654114365,0.14672245467224546,False,0,0,-356723,526,True,0,0
TWRQb3AyNXQyOQ==,7434,830,6.78718416083828,0,0,mdpop25t29,MdPop25t29,MdAge,demographic__special_variable,demographic,True,6273,0,,0,0,False,785805,0,,0,0,False,1161,830,False,0.18507890961262555,0.13231308783676074,False,0,0,-778371,830,True,0,0
TWRQb3AzMHQzNA==,6589,726,6.69809358048622,0,0,mdpop30t34,MdPop30t34,MdAge,demographic__special_variable,demographic,True,4732,0,,0,0,False,718474,0,,0,0,False,1857,726,False,0.39243448858833474,0.15342349957734572,False,0,0,-711885,726,True,0,0
TWRQb3AzNXQzOQ==,4562,601,8.00853888805235,0,0,mdpop35t39,MdPop35t39,MdAge,demographic__special_variable,demographic,True,3790,0,,0,0,False,610524,0,,0,0,False,772,601,False,0.20369393139841688,0.15857519788918206,False,0,0,-605962,601,True,0,0
TWRQb3A0MHQ0NA==,3635,534,8.930400571947,0,0,mdpop40t44,MdPop40t44,MdAge,demographic__special_variable,demographic,True,4551,0,,0,0,False,545892,0,,0,0,False,-916,534,False,-0.2012744451768842,0.11733684904416614,False,0,0,-542257,534,True,0,0
TWRQb3A0NXQ0OQ==,4338,545,7.63732113604101,0,0,mdpop45t49,MdPop45t49,MdAge,demographic__special_variable,demographic,True,4648,0,,0,0,False,542513,0,,0,0,False,-310,545,False,-0.06669535283993115,0.11725473321858863,False,0,0,-538175,545,True,0,0
TWRQb3A1MHQ1NA==,4342,567,7.93829689230377,0,0,mdpop50t54,MdPop50t54,MdAge,demographic__special_variable,demographic,True,3318,0,,0,0,False,544447,0,,0,0,False,1024,567,False,0.3086196503918023,0.17088607594936708,False,0,0,-540105,567,True,0,0
TWRQb3A1NXQ1OQ==,2519,412,9.9426727690223,0,0,mdpop55t59,MdPop55t59,MdAge,demographic__special_variable,demographic,True,2879,0,,0,0,False,515825,0,,0,0,False,-360,412,False,-0.12504341785342132,0.1431052448766933,False,0,0,-513306,412,True,0,0
TWRQb3A1dDk=,2689,461,10.4218356673196,0,0,mdpop5t9,MdPop5t9,MdAge,demographic__special_variable,demographic,True,3151,0,,0,0,False,476567,0,,0,0,False,-462,461,False,-0.14662012059663598,0.146302761028245,False,0,0,-473878,461,True,0,0
TWRQb3A2MHQ2MQ==,1662,330,12.0702709227173,0,0,mdpop60t61,MdPop60t61,MdAge,demographic__special_variable,demographic,True,853,0,,0,0,False,203884,0,,0,0,False,809,330,False,0.9484173505275498,0.3868698710433763,False,0,0,-202222,330,True,0,0
TWRQb3A2MnQ2NA==,1790,325,11.0373401708241,0,0,mdpop62t64,MdPop62t64,MdAge,demographic__special_variable,demographic,True,1148,0,,0,0,False,266773,0,,0,0,False,642,325,False,0.5592334494773519,0.28310104529616725,False,0,0,-264983,325,True,0,0
TWRQb3A2NXQ2Ng==,962,238,15.0395895076746,0,0,mdpop65t66,MdPop65t66,MdAge,demographic__special_variable,demographic,True,977,0,,0,0,False,168701,0,,0,0,False,-15,238,False,-0.015353121801432957,0.24360286591606958,False,0,0,-167739,238,True,0,0
TWRQb3A2N3Q2OQ==,1193,232,11.8217464082528,0,0,mdpop67t69,MdPop67t69,MdAge,demographic__special_variable,demographic,True,1206,0,,0,0,False,215921,0,,0,0,False,-13,232,False,-0.01077943615257048,0.1923714759535655,False,0,0,-214728,232,True,0,0
TWRQb3A3MHQ3NA==,1070,225,12.7830014487402,0,0,mdpop70t74,MdPop70t74,MdAge,demographic__special_variable,demographic,True,1161,0,,0,0,False,280196,0,,0,0,False,-91,225,False,-0.07838070628768304,0.1937984496124031,False,0,0,-279126,225,True,0,0
TWRQb3A3NXQ3OQ==,1250,283,13.7629179331307,0,0,mdpop75t79,MdPop75t79,MdAge,demographic__special_variable,demographic,True,1111,0,,0,0,False,211102,0,,0,0,False,139,283,False,0.1251125112511251,0.25472547254725475,False,0,0,-209852,283,True,0,0
TWRQb3A4MHQ4NA==,1013,291,17.4629512387593,0,0,mdpop80t84,MdPop80t84,MdAge,demographic__special_variable,demographic,True,822,0,,0,0,False,148988,0,,0,0,False,191,291,False,0.23236009732360097,0.354014598540146,False,0,0,-147975,291,True,0,0
TWRQb3A4NXBs,902,252,16.9835354059537,0,0,mdpop85pl,MdPop85pl,MdAge,demographic__special_variable,demographic,True,715,0,,0,0,False,164453,0,,0,0,False,187,252,False,0.26153846153846155,0.35244755244755244,False,0,0,-163551,252,True,0,0
TWRQb3BfMw==,59992,2183.24002345138,2.21229094320112,0,0,mdpop_3,MdPop_3,MdAge,demographic__special_variable,demographic,True,57065,0,,0,0,False,8443713,0,,0,0,False,2927,2183.24002345138,False,0.051292385875755714,0.03825882806363585,False,0,0,-8383721,2183.24002345138,True,0,0
TVBvcDB0NQ==,1627,389.616478090955,14.557401527452,0.0271202827043606,0.00641904109590244,mpop0t5,MPop0t5,Pop,poppyramid_only,demographic,True,1545,350.081419101328,13.7744629347076,0.0270743888548147,0.0060307519929516,True,282195,189,0,0.033,0,True,82,523.7919434279219,False,0.05307443365695793,0.3471769587370403,False,4.589384954590062e-05,0.008807613649075105,False,-280568,433.0381045589402,True,-0.5879717295639404,0.641904109590244,False
TVBvcDEwdDE0,1823,363.716922894715,12.1286073723534,0.0303873849846646,0.00596104769780024,mpop10t14,MPop10t14,Pop,poppyramid_only,demographic,True,1718,370.001351348884,13.092248757086,0.0301060194515027,0.00636203723009047,True,237611,2370,0.6,0.028,0,True,105,518.8361976577968,False,0.06111757857974389,0.31152364219402295,False,0.00028136553316189875,0.008718348890271985,False,-235788,2397.7468590324543,True,0.23873849846645978,0.596104769780024,False
TVBvcDE1dDE5,1940,381.913602795187,11.9673362828686,0.0323376450193359,0.00625635443758593,mpop15t19,MPop15t19,Pop,poppyramid_only,demographic,True,1798,352.953254695292,11.9333286459894,0.0315079295540173,0.0060449603293647,True,228974,203,0.1,0.027,0,True,142,520.0326912800766,False,0.07897664071190211,0.2999669242515518,False,0.0008297154653185979,0.008699627361691657,False,-227034,432.5124275671161,True,0.5337645019335899,0.6256354437585929,False
TVBvcDIwdDI0,2378,470.684607778924,12.0323995229555,0.0396386184824643,0.00771203630073255,mpop20t24,MPop20t24,Pop,poppyramid_only,demographic,True,2947,492.836686946092,10.1661611869696,0.0516428634013844,0.00836557732627166,True,277492,3174,0.7,0.033,0,True,-569,681.4924797824256,False,-0.19307770614183917,0.20909169923529186,False,-0.012004244918920104,0.01137797819938354,False,-275114,3208.7100211767347,True,0.6638618482464294,0.771203630073255,False
TVBvcDI1dDI5,4123,717.78130374091,10.5831001232011,0.0687258301106814,0.0117002838891217,mpop25t29,MPop25t29,Pop,poppyramid_only,demographic,True,3310,530.57139010693,9.7442839715136,0.0580040304915447,0.00897984987521529,True,380518,179,0,0.045,0,True,813,892.5894913116558,False,0.24561933534743202,0.29477265198357633,False,0.010721799619136697,0.014749045625647949,False,-376395,739.7641516050912,True,2.37258301106814,1.17002838891217,False
TVBvcDMwdDM0,3498,509.607692249636,8.85625815272012,0.058307774369916,0.00822529447063146,mpop30t34,MPop30t34,Pop,poppyramid_only,demographic,True,2238,409.831672763343,11.1321624214886,0.0392184351178481,0.00699451499897271,True,351613,226,0,0.042,0,True,1260,653.9587142931881,False,0.5630026809651475,0.36575156119803076,False,0.019089339252067898,0.01079716209007972,False,-348115,557.4728692949996,True,1.6307774369915995,0.822529447063146,False
TVBvcDM1dDM5,2368,490.764709407675,12.5986997198635,0.0394719295906121,0.00805339534540117,mpop35t39,MPop35t39,Pop,poppyramid_only,demographic,True,1820,371.569643539404,12.4108902615119,0.0318934548322089,0.00637505473337367,True,295382,3094,0.6,0.035,0,True,548,615.5599077262907,False,0.3010989010989011,0.378512330231072,False,0.007578474758403196,0.010271246245847642,False,-293014,3132.6803220245756,True,0.44719295906120937,0.8053395345401171,False
TVBvcDQwdDQ0,1728,401.609262841384,14.1284357354421,0.0288038405120683,0.00661180244282416,mpop40t44,MPop40t44,Pop,poppyramid_only,demographic,True,2321,432.130767245287,11.3181161365381,0.040672916849207,0.00738160947524354,True,265474,3036,0.7,0.031,0,True,-593,589.9381323494865,False,-0.25549332184403273,0.22170779865611753,False,-0.011869076337138698,0.00990979767643824,False,-263746,3062.4477138393727,True,-0.21961594879316992,0.6611802442824161,False
TVBvcDQ1dDQ5,2416,456.303626985366,11.4813006246444,0.0402720362715029,0.00746353965518606,mpop45t49,MPop45t49,Pop,poppyramid_only,demographic,True,2035,390.467668315829,11.6641947772889,0.0356610882327171,0.00668013693395189,True,260855,252,0.1,0.031,0,True,381,600.5647342293753,False,0.18722358722358723,0.3196417207639698,False,0.004610948038785798,0.01001641920253356,False,-258439,521.2648079431414,True,0.9272036271502899,0.746353965518606,False
TVBvcDUwdDU0,1944,446.995525704676,13.977870517489,0.0324043205760768,0.0073570054024489,mpop50t54,MPop50t54,Pop,poppyramid_only,demographic,True,1761,347.040343476086,11.979941746144,0.0308595461316043,0.0059447736420851,True,259245,174,0,0.031,0,True,183,565.8992843253995,False,0.10391822827938671,0.3343016399208088,False,0.0015447744444724992,0.009458639550553349,False,-257301,479.6675932351483,True,0.14043205760767963,0.7357005402448901,False
TVBvcDU1dDU5,1690,357.576565227645,12.8622350399325,0.0281704227230297,0.00587157702833502,mpop55t59,MPop55t59,Pop,poppyramid_only,demographic,True,1263,296.141857899217,14.2537961624259,0.0221326557434505,0.00510741675801833,True,242832,2266,0.6,0.029,0,True,427,464.2854725274099,False,0.33808392715756136,0.422601966890986,False,0.006037766979579199,0.007782102719686882,False,-241142,2294.039450401845,True,-0.08295772769703058,0.587157702833502,False
TVBvcDV0OQ==,1264,316.180328293839,15.206241020634,0.021069475930124,0.00521429991836383,mpop5t9,MPop5t9,Pop,poppyramid_only,demographic,True,1436,312.603582832955,13.2334660968477,0.0251642863401384,0.00537730907017555,True,242518,2329,0.6,0.029,0,True,-172,444.6245607251133,False,-0.11977715877437325,0.2918844876471628,False,-0.004094810410014402,0.0074902854735211044,False,-241254,2350.364014360329,True,-0.7930524069876004,0.5214299918363829,False
TVBvcDYwdDY0,1455,332.343196109082,13.8853840591225,0.0242532337645019,0.00546902750472019,mpop60t64,MPop60t64,Pop,poppyramid_only,demographic,True,861,225.818511198706,15.9437503714636,0.0150880574783142,0.00390723789010195,True,214089,2789,0.8,0.025,0,True,594,401.80343452987034,False,0.6898954703832753,0.5877368735955549,False,0.009165176286187699,0.006721366659931169,False,-212634,2808.7315642474628,True,-0.0746766235498102,0.546902750472019,False
TVBvcDY1dDY5,1187,295.656895742345,15.141586833162,0.0197859714628617,0.00487538576652543,mpop65t69,MPop65t69,Pop,poppyramid_only,demographic,True,783,202.410474037289,15.7146718868112,0.0137211951283624,0.00350089473742529,True,169978,2612,0.9,0.02,0,True,404,358.30573537134444,False,0.5159642401021711,0.5441993514722601,False,0.006064776334499299,0.00600213714729769,False,-168791,2628.6797066207973,True,0,0.487538576652543
TVBvcDcwdDc0,331,138.19189556555,25.379828201462,0.00551740232030937,0.00229473753194872,mpop70t74,MPop70t74,Pop,poppyramid_only,demographic,False,443,180.247052680481,24.7342384653517,0.00776307719267502,0.00314211294981654,False,119097,2119,1.1,0.014,0,True,-112,227.12551595978812,False,-0.2528216704288939,0.4355829304695001,False,-0.00224567487236565,0.003890847482225293,False,-118766,2123.5013538964367,True,-0.8482597679690631,0.229473753194872,True
TVBvcDc1dDc5,415,180.049993057484,26.3741887512336,0.00691758901186825,0.00299065639475176,mpop75t79,MPop75t79,Pop,poppyramid_only,demographic,False,494,171.493440107778,21.1035083750019,0.00865679488302813,0.00298362508172235,False,86722,1618,1.1,0.01,0,True,-79,248.6523677747712,False,-0.15991902834008098,0.46678993047546985,False,-0.00173920587115988,0.004224457870514546,False,-86307,1627.9871006859973,True,-0.30824109881317496,0.299065639475176,False
TVBvcDgwdDg0,376,190.157829184075,30.7440065291463,0.00626750233364449,0.00316150269847788,mpop80t84,MPop80t84,Pop,poppyramid_only,demographic,False,314,144.013888219158,27.8810307666849,0.0055024971523701,0.00251330322432035,False,57753,1509,1.6,0.007,0,True,62,238.5372088375312,False,0.19745222929936307,0.8175409021053569,False,0.0007650051812743896,0.004038786006940945,False,-57377,1520.9342523593846,True,-0.07324976663555105,0.31615026984778805,False
TVBvcDg1cGw=,223,128.062484748657,34.9101052922041,0.00371716228830511,0.00213036877295852,mpop85pl,MPop85pl,Pop,poppyramid_only,demographic,False,178,101.390334845093,34.6266639954553,0.00311924997809515,0.00177201797832757,False,52749,1354,1.6,0.006,0,True,45,163.3401359127636,False,0.25280898876404495,1.0133369579401281,False,0.0005979123102099596,0.002771014042604786,False,-52526,1360.0426463901786,True,-0.228283771169489,0.21303687729585202,False
TkhQSU5I,0,0,,0,0,nhpinh,NHPINH,Pop_2,mutually_exclusive_race_hispanic_origin,demographic,False,0,0,,0,0,False,2794,488,10.6,0,0.001,True,0,0,0,,,,-2794,488,True,0,0.1
TkhzcA==,31013,1736.783809229,3.40436471386399,0.516952260301374,0.0220042619599119,nhsp,NHsp,Pop_2,mutually_exclusive_race_hispanic_origin,demographic,True,27271,1569.93917079612,3.49957946754202,0.477893630070972,0.0190411433812652,True,5986576,0,0,0.709,0,True,3742,2341.180685039069,False,0.13721535697260825,0.09133393929605611,False,0.03905863023040196,0.02909901520097073,False,-5955563,1736.783809229,True,-19.204773969862593,2.20042619599119,True
T3RoTkg=,219,113.846387733647,31.60161211743,0.00365048673156421,0.00189303701391103,othnh,OthNH,Pop_2,mutually_exclusive_race_hispanic_origin,demographic,False,245,137,33.9929284783822,0.0042933496889512,0.00239413375382283,False,71758,3677,3.1,0.008,0.001,True,-26,178.12916661793454,False,-0.10612244897959183,0.6824723106980036,False,-0.0006428629573869901,0.003052124762723664,False,-71539,3678.7620200279334,True,-0.43495132684357907,0.21409318382510895,False
UG9w,59992,2183.24002345138,2.21229094320112,1,0,pop,Pop,Pop,poppyramid_only,demographic,True,57065,2371.15077546747,2.52594242151471,1,0,True,8443713,0,0,1,0,True,2927,3223.180572043702,False,0.051292385875755714,0.05806845984261295,False,0,0,-8383721,2183.24002345138,True,0,0
UG9wMTB0MTQ=,2906,485.41219597369,10.1542808605545,0.048439791972263,0.00789691564834373,pop10t14,Pop10t14,Pop_1,sex_and_age,demographic,True,3290,497.652489193011,9.19526776716791,0.0576535529659161,0.00838531066953343,True,464704,3300,0.4,0.055,0,True,-384,695.1855867320611,False,-0.11671732522796352,0.19904634701889737,False,-0.009213760993653099,0.011518450928039208,False,-461798,3335.5097061768533,True,-0.6560208027736998,0.789691564834373,False
UG9wMTV0MTk=,3000,484.929891840047,9.82634026018333,0.0500066675556741,0.00787571903376266,pop15t19,Pop15t19,Pop_1,sex_and_age,demographic,True,3868,532.068604599069,8.36209824825737,0.0677823534565846,0.00888834396691865,True,455674,405,0.1,0.054,0,True,-868,719.8986039714205,False,-0.22440537745604963,0.16462048519834377,False,-0.01777568590091049,0.01187558877584731,False,-452674,631.8085152955756,True,-0.3993332444325901,0.787571903376266,False
UG9wMjB0MjQ=,4848,707.867219187328,8.87612250327685,0.0808107747699693,0.0114269909587862,pop20t24,Pop20t24,Pop_1,sex_and_age,demographic,True,5722,763.81411351192,8.11472717694856,0.100271620082362,0.0127199998176628,True,571401,453,0,0.068,0,True,-874,1041.3875359346303,False,-0.152743795875568,0.16761635060633545,False,-0.0194608453123927,0.0170989624753528,False,-566553,840.4076391846999,True,1.2810774769969289,1.1426990958786198,False
UG9wMjV0Mjk=,7434,903.125683390745,7.38515702838061,0.12391652220296,0.0143627836771566,pop25t29,Pop25t29,Pop_1,sex_and_age,demographic,True,6273,751.389379749275,7.2815504451148,0.109927275913432,0.0123496143059303,True,785805,271,0,0.093,0,True,1161,1174.828498122173,False,0.18507890961262555,0.20218160478680358,False,0.013989246289527996,0.018942083530119763,False,-778371,942.9087972863549,True,3.091652220295998,1.43627836771566,False
UG9wMzB0MzQ=,6589,772.169022947696,7.12405010420976,0.109831310841446,0.0122348586136219,pop30t34,Pop30t34,Pop_1,sex_and_age,demographic,True,4732,589.162965570648,7.56876116784446,0.0829229825637431,0.00973249706887061,True,718474,335,0,0.085,0,True,1857,971.2661839063481,False,0.39243448858833474,0.23808356404506417,False,0.026908328277702898,0.015633722029347107,False,-711885,841.70659971275,True,2.483131084144599,1.22348586136219,False
UG9wMzV0Mzk=,4562,649.776884784308,8.65850823685964,0.0760434724629951,0.0104715519004487,pop35t39,Pop35t39,Pop_1,sex_and_age,demographic,True,3790,517.217555773197,8.29598857613134,0.0664154911066328,0.00863330957945004,True,610524,4398,0.4,0.072,0.001,True,772,830.496237197978,False,0.20369393139841688,0.23743849701731956,False,0.009627981356362295,0.013571567098106785,False,-605962,4445.741108071859,True,0.404347246299511,1.0519191946332702,False
UG9wNDB0NDQ=,3635,574.913036902104,9.6146136958246,0.0605914121882918,0.00932602409057437,pop40t44,Pop40t44,Pop_1,sex_and_age,demographic,True,4551,559,7.4668782504797,0.0797511609568037,0.00921831554012424,True,545892,4362,0.5,0.065,0.001,True,-916,801.876549102167,False,-0.2012744451768842,0.15994856797015838,False,-0.01915974876851189,0.01311304948268211,False,-542257,4399.723741327403,True,-0.44085878117082,0.9379484278891538,False
UG9wNDV0NDk=,4338,588.103732346599,8.24135241327575,0.0723096412855047,0.00944323516224505,pop45t49,Pop45t49,Pop_1,sex_and_age,demographic,True,4648,551.518812009164,7.21320556227294,0.0814509769561027,0.00905278800115497,True,542513,317,0,0.064,0,True,-310,806.249961240309,False,-0.06669535283993115,0.16814728618048336,False,-0.009141335670598008,0.0130815771573353,False,-538175,668.0980466967405,True,0.8309641285504696,0.944323516224505,False
UG9wNTB0NTQ=,4342,582.389903758642,8.15376360337975,0.0723763168422456,0.0093436417215654,pop50t54,Pop50t54,Pop_1,sex_and_age,demographic,True,3318,456.668369826508,8.36678575233016,0.0581442215017962,0.00762919251525479,True,544447,267,0,0.064,0,True,1024,740.0837790412655,False,0.3086196503918023,0.2514924360330815,False,0.014232095340449405,0.01206267876782754,False,-540105,640.6769856956003,True,0.8376316842245597,0.9343641721565399,False
UG9wNTV0NTk=,2519,455.663252852367,10.9963849902411,0.041988931857581,0.00744010149786859,pop55t59,Pop55t59,Pop_1,sex_and_age,demographic,True,2879,446.454924936437,9.42692497999743,0.0504512398142469,0.0075375336034635,True,515825,3495,0.4,0.061,0,True,-360,637.9271118239135,False,-0.12504341785342132,0.2084692973150883,False,-0.008462307956665902,0.010591011430544672,False,-513306,3524.578556366704,True,-1.9011068142419,0.744010149786859,False
UG9wNXQ5,2689,484.211730547702,10.9465836962182,0.0448226430190692,0.00790472218158069,pop5t9,Pop5t9,Pop_1,sex_and_age,demographic,True,3151,449.221548904324,8.66655056973902,0.0552177341627968,0.00753032277083133,True,476567,3308,0.4,0.056,0,True,-462,660.5005677514595,False,-0.14662012059663598,0.19599961138874608,False,-0.010395091143727601,0.010917435312419973,False,-473878,3343.2506636505736,True,-1.1177356980930808,0.7904722181580689,False
UG9wNjB0NjQ=,3452,503.626845988178,8.86894951850613,0.0575410054673957,0.00812953451822177,pop60t64,Pop60t64,Pop_1,sex_and_age,demographic,True,2001,344.570747452537,10.4680409780683,0.0350652764391483,0.00585978874354205,True,470657,3485,0.5,0.056,0,True,1451,610.2204519679752,False,0.7251374312843578,0.3893529062597818,False,0.022475729028247397,0.010021300095391884,False,-467205,3521.2022094733497,True,0.15410054673956886,0.812953451822177,False
UG9wNjVwbDE=,6390,591.544588344784,5.62756765981025,0.106514201893586,0.00906651706925664,pop65pl1,Pop65pl1,Pop_1,sex_and_age,demographic,True,5992,436.757369714582,4.43100800778527,0.105003066678349,0.00628828628871905,True,1189361,179,0,0.141,0,True,398,735.3108186338618,False,0.0664218958611482,0.12565154033609613,False,0.0015111352152370056,0.011033778872898171,False,-1182971,618.0339796483685,True,-3.448579810641398,0.906651706925664,True
UG9wNjVwbDI=,6390,591.544588344784,5.62756765981025,1,0,pop65pl2,Pop65pl2,Pop65pl2,sex_and_age,demographic,True,5992,436.757369714582,4.43100800778527,1,0,True,1189361,179,0,1,0,True,398,735.3108186338618,False,0.0664218958611482,0.12565154033609613,False,0,0,-1182971,618.0339796483685,True,0,0
UG9wNjVwbEY=,3858,430.360314155476,6.78116154102045,0.603755868544601,0.0375765923032099,pop65plf,Pop65plF,Pop65pl2,sex_and_age,demographic,True,3780,388.641222723478,6.25016038216622,0.630841121495327,0.0457435448882086,True,703062,98,0,0.591,0,True,78,579.87239975705,False,0.020634920634920634,0.1548353267343556,False,-0.027085252950726058,0.059198582652469044,False,-699204,441.37738954323424,True,1.2755868544601014,3.75765923032099,False
UG9wNjVwbE0=,2532,384.334489735178,9.22740867618324,0.396244131455399,0.0476657453100378,pop65plm,Pop65plM,Pop65pl2,sex_and_age,demographic,True,2212,331.692628799616,9.11559025375861,0.369158878504673,0.0483759804480944,True,486299,131,0,0.409,0,True,320,507.67410806540005,False,0.14466546112115733,0.2442349958715672,False,0.027085252950726002,0.06791361248141496,False,-483767,406.0467953327543,True,-1.2755868544601014,4.76657453100378,False
UG9wNjV0Njk=,2155,371.194019348373,10.4709911733756,0.0359214561941592,0.00604771774439246,pop65t69,Pop65t69,Pop_1,sex_and_age,demographic,True,2183,345.117371339085,9.61052652895572,0.0382546219223692,0.00583516540600783,True,384622,3868,0.6,0.046,0,True,-28,506.8441575080058,False,-0.01282638570774164,0.23080185379699872,False,-0.0023331657282099974,0.008403811351482727,False,-382467,3885.770065250902,True,-1.0078543805840798,0.604771774439246,False
UG9wNzB0NzQ=,1070,238.136515469594,13.5293307655367,0.0178357114281904,0.00391604340822461,pop70t74,Pop70t74,Pop_1,sex_and_age,demographic,True,1161,262.131646315358,13.725283796086,0.0203452203627442,0.00451510245623956,True,280196,3421,0.7,0.033,0,True,-91,354.14968586743106,False,-0.07838070628768304,0.29218218429704645,False,-0.0025095089345537995,0.005976750468727963,False,-279126,3429.2783497406563,True,-1.5164288571809603,0.391604340822461,True
UG9wNzV0Nzk=,1250,298.519681093224,14.5176744604607,0.0208361114815309,0.00491787711913797,pop75t79,Pop75t79,Pop_1,sex_and_age,demographic,True,1111,260.284459774302,14.2419113520392,0.0194690265486726,0.00448887988211629,True,211102,2454,0.7,0.025,0,True,139,396.05807654938735,False,0.1251125112511251,0.3763998566944828,False,0.0013670849328582986,0.006658495171959587,False,-209852,2472.09020871003,True,-0.4163888518469099,0.49178771191379694,False
UG9wODB0ODQ=,1013,297.954694542643,17.8803034438406,0.0168855847446326,0.0049284115910898,pop80t84,Pop80t84,Pop_1,sex_and_age,demographic,True,822,225.858362696625,16.7031528628835,0.0144046263033383,0.00391239519552681,True,148988,2294,0.9,0.018,0,True,191,373.8836717483125,False,0.23236009732360097,0.4960304811321411,False,0.0024809584412943016,0.006292541376675211,False,-147975,2313.2688991987075,True,-0.1114415255367398,0.49284115910898,False
UG9wODVwbA==,902,284.1760018017,19.1520364607997,0.0150353380450727,0.00470518986102802,pop85pl,Pop85pl,Pop_1,sex_and_age,demographic,True,715,203.273215156351,17.2825655328799,0.0125295715412249,0.00352388313599432,True,164453,2242,0.8,0.019,0,True,187,349.393760676976,False,0.26153846153846155,0.5353482319888423,False,0.0025057665038478,0.005878483136359756,False,-163551,2259.938052248335,True,-0.39646619549273,0.470518986102802,False
UG9wXzE=,59992,2183.24002345138,2.21229094320112,1,0,pop_1,Pop_1,Pop_1,sex_and_age,demographic,True,57065,2371.15077546747,2.52594242151471,1,0,True,8443713,0,0,1,0,True,2927,3223.180572043702,False,0.051292385875755714,0.05806845984261295,False,0,0,-8383721,2183.24002345138,True,0,0
UG9wXzI=,59992,2183.24002345138,2.21229094320112,1,0,pop_2,Pop_2,Pop_2,mutually_exclusive_race_hispanic_origin,demographic,True,57065,2371.15077546747,2.52594242151471,1,0,True,8443713,0,0,1,0,True,2927,3223.180572043702,False,0.051292385875755714,0.05806845984261295,False,0,0,-8383721,2183.24002345138,True,0,0
UG9wVTE4MQ==,10803,963.349365495198,5.42092672948946,0.180074009867982,0.0146598988171663,popu181,PopU181,Pop_1,sex_and_age,demographic,True,11657,989.262351451828,5.15891987334966,0.20427582581267,0.0151155687183403,True,1766571,170,0,0.209,0,True,-854,1380.826564055023,False,-0.07326070172428584,0.11408301456881398,False,-0.02420181594468801,0.021056900318148008,False,-1755768,978.2341233058681,True,-2.8925990132017994,1.46598988171663,False
UG9wVTE4XzI=,10803,963.349365495198,5.42092672948946,1,0,popu18_2,PopU18_2,PopU18_2,sex_and_age,demographic,True,11657,989.262351451828,5.15891987334966,1,0,True,1766571,170,0,1,0,True,-854,1380.826564055023,False,-0.07326070172428584,0.11408301456881398,False,0,0,-1755768,978.2341233058681,True,0,0
UG9wVTE4Rg==,4863,680.950071591156,8.51226426694662,0.450152735351291,0.0485986611199934,popu18f,PopU18F,PopU18_2,sex_and_age,demographic,True,6134,639.077460093845,6.33350075362343,0.52620742901261,0.0318031470654615,True,865584,268,0,0.49,0,True,-1271,933.8699052865985,False,-0.20720573850668406,0.13836981159540265,False,-0.07605469366131895,0.05807985903842511,False,-860721,731.7902705010504,True,-3.9847264648708958,4.85986611199934,False
UG9wVTE4TQ==,5940,689.139318280418,7.05268816104734,0.549847264648709,0.0408067933687056,popu18m,PopU18M,PopU18_2,sex_and_age,demographic,True,5523,754.525678820807,8.30487460089042,0.47379257098739,0.0507240731345549,True,900987,291,0,0.51,0,True,417,1021.8718119216319,False,0.0755024443237371,0.19276289070279798,False,0.076054693661319,0.06510089078035654,False,-895047,748.0601580086987,True,3.984726464870903,4.08067933687056,False
UG9wVTU=,3288,616.733329730119,11.40249021458,0.0548073076410188,0.0100849132593853,popu5,PopU5,Pop_1,sex_and_age,demographic,True,2850,436.198349377895,9.3040761345469,0.0499430474020853,0.00735679610400108,True,551869,129,0,0.065,0,True,438,755.3998940958356,False,0.15368421052631578,0.27929595664222656,False,0.0048642602389335,0.012483105557719639,False,-548581,630.080153631266,True,-1.0192692358981201,1.00849132593853,False
UmMycGxOSA==,2528,620.457895428852,14.9200178770741,0.042138951860248,0.0102280187484587,rc2plnh,Rc2plNH,Pop_2,mutually_exclusive_race_hispanic_origin,demographic,True,1171,377.22407134222,19.5828817155327,0.0205204591255586,0.00655520609213823,True,162601,4044,1.5,0.019,0.001,True,1357,726.1308422040759,False,1.1588385994876174,0.874292703034731,False,0.0216184927346894,0.012148378263341524,False,-160073,4091.320569205009,True,2.3138951860248,1.0276787801585798,False
V3ROSA==,10701,979.443209175499,5.56402398080286,0.178373783171089,0.0149802325729585,wtnh,WtNH,Pop_2,mutually_exclusive_race_hispanic_origin,demographic,True,6826,846.234010188671,7.53630192967414,0.119617979497065,0.0139715387252365,True,2713930,1659,0,0.321,0.001,True,3875,1294.3805468253918,False,0.5676823908584823,0.2415783228878085,False,0.05875580367402401,0.02048441510736174,False,-2703229,1926.5487276474478,True,-14.262621682891101,1.50135727906427,True
