id,sum,m,cv,percent,percent_m,variable,variablename,base,category,profile,is_reliable,previous_sum,previous_m,previous_cv,previous_percent,previous_percent_m,previous_is_reliable,comparison_sum,comparison_m,comparison_cv,comparison_percent,comparison_percent_m,comparison_is_reliable,change_sum,change_m,change_significant,change_percent,change_percent_m,change_percent_significant,change_percentage_point,change_percentage_point_m,difference_sum,difference_m,significant,difference_percent,difference_percent_m,percent_significant
QUlBTk5I,35,33,57.6,0.001,0.001,aiannh,AIANNH,Pop_2,mutually_exclusive_race_hispanic_origin,demographic,False,34,40,72.1,0.001,0.001,False,15017,875,3.5,0.002,0.001,True,1,51.85556864985669,False,0.029411764705882353,1.5520111213683498,False,0,0.001414213562373095,-14982,875.6220645917964,True,-0.1,0.14142135623730953,False
QXNuMVJj,952,285,18.2,1,0,asn1rc,Asn1Rc,Asn1Rc,asian_subgroup,demographic,True,,0,,0,0,False,1177700,3785,0.2,1,0,True,,,,,1,0,True,-1176748,3795.7146889617507,True,0,0
QXNuMnBs,0,0,,0,0,asn2pl,Asn2pl,Asn1Rc,asian_subgroup,demographic,False,,0,,0,0,False,17175,1660,5.9,0.015,0.001,True,,,,,0,0,-17175,1660,True,-1.5,0.1,True
QXNuQmh1dG4=,0,0,,0,0,asnbhutn,AsnBhutn,Asn1Rc,asian_subgroup,demographic,False,,0,,0,0,False,100,90,54.7,0,0,False,,,,,0,0,-100,90,False,0,0
QXNuQm5n,314,237,46,0.33,0.229,asnbng,AsnBng,Asn1Rc,asian_subgroup,demographic,False,,0,,0,0,False,65991,3237,3,0.056,0.003,True,,,,,0.33,0.229,False,-65677,3245.6644928273163,True,27.4,22.901964981197576,False
QXNuQnVybQ==,0,0,,0,0,asnburm,AsnBurm,Asn1Rc,asian_subgroup,demographic,False,,0,,0,0,False,4509,620,8.4,0.004,0.001,True,,,,,0,0,-4509,620,True,-0.4,0.1,True
QXNuQ2hpTm9U,117,70,36.3,0.123,0.064,asnchinot,AsnChiNoT,Asn1Rc,asian_subgroup,demographic,False,,0,,0,0,False,565173,5911,0.6,0.48,0.005,True,,,,,0.123,0.064,False,-565056,5911.414466944439,True,-35.7,6.419501538281614,True
QXNuQ21i,0,0,,0,0,asncmb,AsnCmb,Asn1Rc,asian_subgroup,demographic,False,,0,,0,0,False,2700,1036,23.3,0.002,0.001,False,,,,,0,0,-2700,1036,False,-0.2,0.1,False
QXNuRWFzdA==,206,93,27.5,0.216,0.073,asneast,AsnEast,Asn1Rc,asian_subgroup,demographic,False,,0,,0,0,False,686453,6802,0.6,0.583,0.005,True,,,,,0.216,0.073,False,-686247,6802.635739182277,True,-36.699999999999996,7.3171032519706865,True
QXNuRmxw,147,82,33.9,0.154,0.073,asnflp,AsnFlp,Asn1Rc,asian_subgroup,demographic,False,,0,,0,0,False,71450,2932,2.5,0.061,0.002,True,,,,,0.154,0.073,False,-71303,2933.1464334396946,True,9.3,7.302739212103908,False
QXNuSG1uZw==,0,0,,0,0,asnhmng,AsnHmng,Asn1Rc,asian_subgroup,demographic,False,,0,,0,0,False,60,59,59.8,0,0,False,,,,,0,0,-60,59,False,0,0
QXNuSW5k,240,127,32.1,0.252,0.11,asnind,AsnInd,Asn1Rc,asian_subgroup,demographic,False,,0,,0,0,False,228887,4990,1.3,0.194,0.004,True,,,,,0.252,0.11,False,-228647,4991.615870637484,True,5.799999999999997,11.00727032465361,False
QXNuSW5kbnNu,0,0,,0,0,asnindnsn,AsnIndnsn,Asn1Rc,asian_subgroup,demographic,False,,0,,0,0,False,3778,675,10.9,0.003,0.001,True,,,,,0,0,-3778,675,True,-0.3,0.1,False
QXNuSnBu,48,44,56,0.05,0.044,asnjpn,AsnJpn,Asn1Rc,asian_subgroup,demographic,False,,0,,0,0,False,25224,1431,3.4,0.021,0.001,True,,,,,0.05,0.044,False,-25176,1431.6762902276478,True,2.9,4.401136216933077,False
QXNuS29y,41,43,63.2,0.043,0.043,asnkor,AsnKor,Asn1Rc,asian_subgroup,demographic,False,,0,,0,0,False,85212,2865,2,0.072,0.002,True,,,,,0.043,0.043,False,-85171,2865.322669438819,True,-2.8999999999999995,4.304648650006176,False
QXNuTGFv,0,0,,0,0,asnlao,AsnLao,Asn1Rc,asian_subgroup,demographic,False,,0,,0,0,False,538,173,19.5,0,0,True,,,,,0,0,-538,173,True,0,0
QXNuTWFsc24=,0,0,,0,0,asnmalsn,AsnMalsn,Asn1Rc,asian_subgroup,demographic,False,,0,,0,0,False,1750,544,18.9,0.001,0,True,,,,,0,0,-1750,544,True,-0.1,0,True
QXNuTWdvbA==,0,0,,0,0,asnmgol,AsnMgol,Asn1Rc,asian_subgroup,demographic,False,,0,,0,0,False,644,287,27.1,0.001,0,False,,,,,0,0,-644,287,False,-0.1,0,True
QXNuTmVwYWw=,0,0,,0,0,asnnepal,AsnNepal,Asn1Rc,asian_subgroup,demographic,False,,0,,0,0,False,8478,1242,8.9,0.007,0.001,True,,,,,0,0,-8478,1242,True,-0.7000000000000001,0.1,True
QXNuTkg=,952,285,18.2,0.018,0.005,asnnh,AsnNH,Pop_2,mutually_exclusive_race_hispanic_origin,demographic,True,383,229,36.3,0.007,0.004,False,1167421,3568,0.2,0.138,0.001,True,569,365.60361048545457,False,1.485639686684073,1.662073642062098,False,0.011,0.006403124237432849,False,-1166469,3579.3643290394457,True,-12,0.5099019513592785,True
QXNuT0Fzbg==,8,13,98.8,0.008,0.013,asnoasn,AsnOAsn,Asn1Rc,asian_subgroup,demographic,False,,0,,0,0,False,10707,1286,7.3,0.009,0.001,True,,,,,0.008,0.013,False,-10699,1286.0657059419632,True,-0.09999999999999987,1.3038404810405297,False
QXNuT2tpbnc=,0,0,,0,0,asnokinw,AsnOkinw,Asn1Rc,asian_subgroup,demographic,False,,0,,0,0,False,0,0,,0,0,False,,,,,0,0,0,0,0,0
QXNuUGFr,5,13,158.1,0.005,0.014,asnpak,AsnPak,Asn1Rc,asian_subgroup,demographic,False,,0,,0,0,False,48973,3097,3.8,0.042,0.003,True,,,,,0.005,0.014,False,-48968,3097.027284348654,True,-3.7,1.4317821063276355,False
QXNuU0Vhc3Q=,179,90,30.6,0.188,0.076,asnseast,AsnSEast,Asn1Rc,asian_subgroup,demographic,False,,0,,0,0,False,106360,3653,2.1,0.09,0.003,True,,,,,0.188,0.076,False,-106181,3654.108509609423,True,9.8,7.605918747922567,False
QXNuU291dGg=,559,269,29.3,0.587,0.222,asnsouth,AsnSouth,Asn1Rc,asian_subgroup,demographic,False,,0,,0,0,False,357005,6872,1.2,0.303,0.006,True,,,,,0.587,0.222,False,-356446,6877.262900311432,True,28.399999999999995,22.208106627986098,False
QXNuU3JpTA==,0,0,,0,0,asnsril,AsnSriL,Asn1Rc,asian_subgroup,demographic,False,,0,,0,0,False,4576,837,11.1,0.004,0.001,True,,,,,0,0,-4576,837,True,-0.4,0.1,True
QXNuVGhhaQ==,9,15,101.3,0.009,0.016,asnthai,AsnThai,Asn1Rc,asian_subgroup,demographic,False,,0,,0,0,False,7346,955,7.9,0.006,0.001,True,,,,,0.009,0.016,False,-7337,955.1177937825261,True,0.29999999999999993,1.6031219541881399,False
QXNuVHdu,0,0,,0,0,asntwn,AsnTwn,Asn1Rc,asian_subgroup,demographic,False,,0,,0,0,False,10200,996,5.9,0.009,0.001,True,,,,,0,0,-10200,996,True,-0.8999999999999999,0.1,True
QXNuVnRu,23,34,89.9,0.024,0.035,asnvtn,AsnVtn,Asn1Rc,asian_subgroup,demographic,False,,0,,0,0,False,14229,1262,5.4,0.012,0.001,True,,,,,0.024,0.035,False,-14206,1262.4579200908045,True,1.2,3.5014282800023198,False
QmxOSA==,45653,1646,2.2,0.879,0.016,blnh,BlNH,Pop_2,mutually_exclusive_race_hispanic_origin,demographic,True,46413,1877,2.5,0.879,0.02,True,1853055,3317,0.1,0.219,0.001,True,-760,2496.486531107268,False,-0.016374722599271755,0.053292417303238596,False,0,0.025612496949731396,-1807402,3702.945449233623,True,66,1.6031219541881399,True
RmVt,28909,973,2,0.557,0.007,fem,Fem,Pop_1,sex_and_age,demographic,True,29560,1155,2.4,0.56,0.011,True,4418616,268,0,0.523,0,True,-651,1510.216540764933,False,-0.02202300405953992,0.05043480914212379,False,-0.0030000000000000027,0.013038404810405297,False,-4389707,1009.2338678423351,True,3.3999999999999986,0.7000000000000001,True
RlBvcDB0NQ==,1224,236,11.7,0.024,0.004,fpop0t5,FPop0t5,Pop,poppyramid_only,demographic,True,1614,338,12.7,0.031,0.006,True,269674,178,0,0.032,0,True,-390,412.23779545306127,False,-0.241635687732342,0.21587636670511198,False,-0.006999999999999999,0.007211102550927979,False,-268450,295.6010825419961,True,-0.8000000000000003,0.4,False
RlBvcDEwdDE0,1462,272,11.3,0.028,0.005,fpop10t14,FPop10t14,Pop,poppyramid_only,demographic,True,1840,308,10.2,0.035,0.006,True,227093,2312,0.6,0.027,0,True,-378,410.9111826173632,False,-0.20543478260869566,0.198852789666159,False,-0.007000000000000003,0.0078102496759066544,False,-225631,2327.9450165328217,True,0.10000000000000009,0.5,False
RlBvcDE1dDE5,1697,284,10.2,0.033,0.005,fpop15t19,FPop15t19,Pop,poppyramid_only,demographic,True,1853,297,9.8,0.035,0.006,True,226700,355,0.1,0.027,0,True,-156,410.93186783212616,False,-0.08418780356179169,0.2122181945633364,False,-0.0020000000000000018,0.0078102496759066544,False,-225003,454.62182085773225,True,0.6000000000000001,0.5,False
RlBvcDIwdDI0,1765,287,9.9,0.034,0.005,fpop20t24,FPop20t24,Pop,poppyramid_only,demographic,True,1970,309,9.5,0.037,0.006,True,293909,3345,0.7,0.035,0,True,-205,421.7226576791909,False,-0.10406091370558376,0.20241797159058816,False,-0.0029999999999999957,0.0078102496759066544,False,-292144,3357.289680679938,True,-0.10000000000000009,0.5,False
RlBvcDI1dDI5,2185,309,8.6,0.042,0.006,fpop25t29,FPop25t29,Pop,poppyramid_only,demographic,True,2316,350,9.2,0.044,0.006,True,405287,203,0,0.048,0,True,-131,466.8843539892936,False,-0.05656303972366149,0.19526482022281247,False,-0.001999999999999995,0.00848528137423857,False,-403102,369.7161073039691,True,-0.5999999999999996,0.6,False
RlBvcDMwdDM0,1889,242,7.8,0.036,0.005,fpop30t34,FPop30t34,Pop,poppyramid_only,demographic,True,2122,348,10,0.04,0.006,True,366861,247,0,0.043,0,True,-233,423.8726223761096,False,-0.10980207351555137,0.18525308457134934,False,-0.0040000000000000036,0.0078102496759066544,False,-364972,345.79329085452196,True,-0.7000000000000002,0.5,False
RlBvcDM1dDM5,1756,276,9.6,0.034,0.005,fpop35t39,FPop35t39,Pop,poppyramid_only,demographic,True,1676,280,10.1,0.032,0.005,True,315142,3125,0.6,0.037,0,True,80,393.1615444063674,False,0.0477326968973747,0.2403276661578003,False,0.0020000000000000018,0.007071067811865475,False,-313386,3137.164484052438,True,-0.2999999999999994,0.5,False
RlBvcDQwdDQ0,2121,266,7.6,0.041,0.005,fpop40t44,FPop40t44,Pop,poppyramid_only,demographic,True,2302,321,8.5,0.044,0.006,True,280418,3132,0.7,0.033,0,True,-181,416.8896736547932,False,-0.078627280625543,0.1727983478902775,False,-0.0029999999999999957,0.0078102496759066544,False,-278297,3143.2753617842645,True,0.8000000000000003,0.5,False
RlBvcDQ1dDQ5,1928,250,7.9,0.037,0.005,fpop45t49,FPop45t49,Pop,poppyramid_only,demographic,True,2022,288,8.6,0.038,0.005,True,281658,193,0,0.033,0,True,-94,381.3712102401019,False,-0.04648862512363996,0.1836618092232038,False,-0.0010000000000000009,0.007071067811865475,False,-279730,315.83065082414026,True,0.39999999999999947,0.5,False
RlBvcDUwdDU0,1618,213,8,0.031,0.004,fpop50t54,FPop50t54,Pop,poppyramid_only,demographic,True,2276,314,8.4,0.043,0.006,True,285202,202,0,0.034,0,True,-658,379.42719986843326,False,-0.28910369068541303,0.13556230484352272,False,-0.011999999999999997,0.007211102550927979,False,-283584,293.5523803344132,True,-0.30000000000000027,0.4,False
RlBvcDU1dDU5,2372,269,6.9,0.046,0.005,fpop55t59,FPop55t59,Pop,poppyramid_only,demographic,True,2002,299,9.1,0.038,0.006,True,272993,2843,0.6,0.032,0,True,370,402.1964694027037,False,0.1848151848151848,0.22218563996925844,False,0.008,0.0078102496759066544,False,-270621,2855.6978131448013,True,1.3999999999999995,0.5,False
RlBvcDV0OQ==,1575,302,11.7,0.03,0.006,fpop5t9,FPop5t9,Pop,poppyramid_only,demographic,True,1786,308,10.5,0.034,0.006,True,234049,2327,0.6,0.028,0,True,-211,431.35600146514713,False,-0.11814109742441209,0.22742109032804264,False,-0.0040000000000000036,0.00848528137423857,False,-232474,2346.515075596149,True,0.19999999999999973,0.6,False
RlBvcDYwdDY0,1963,269,8.3,0.038,0.005,fpop60t64,FPop60t64,Pop,poppyramid_only,demographic,True,1799,288,9.7,0.034,0.005,True,256568,2933,0.7,0.03,0,True,164,394.08755372378863,False,0.09116175653140633,0.22994043327213118,False,0.003999999999999997,0.007071067811865475,False,-254605,2945.3098309006473,True,0.7999999999999998,0.5,False
RlBvcDY1dDY5,1884,250,8.1,0.036,0.005,fpop65t69,FPop65t69,Pop,poppyramid_only,demographic,True,1289,220,10.4,0.024,0.004,True,214644,2853,0.8,0.025,0,True,595,333.01651610693426,False,0.4615981380915438,0.31598341446751005,False,0.011999999999999997,0.006403124237432849,False,-212760,2863.9324363539026,True,1.0999999999999996,0.5,False
RlBvcDcwdDc0,1223,176,8.8,0.024,0.003,fpop70t74,FPop70t74,Pop,poppyramid_only,demographic,True,1168,199,10.4,0.022,0.004,True,161099,2686,1,0.019,0,True,55,265.6633207652121,False,0.04708904109589041,0.23352165146336507,False,0.0020000000000000018,0.005,False,-159876,2691.7600190210123,True,0.5,0.3,False
RlBvcDc1dDc5,1045,182,10.6,0.02,0.003,fpop75t79,FPop75t79,Pop,poppyramid_only,demographic,True,703,153,13.3,0.013,0.003,True,124380,1845,0.9,0.015,0,True,342,237.7666923688009,False,0.4864864864864865,0.41435191245419034,False,0.007000000000000001,0.004242640687119285,False,-123335,1853.9549616967506,True,0.5,0.3,False
RlBvcDgwdDg0,590,130,13.4,0.011,0.002,fpop80t84,FPop80t84,Pop,poppyramid_only,demographic,True,408,124,18.4,0.008,0.002,True,91235,1728,1.2,0.011,0,True,182,179.655225362359,False,0.44607843137254904,0.542843257597126,False,0.002999999999999999,0.00282842712474619,False,-90645,1732.8831466662718,True,0,0.2
RlBvcDg1cGw=,612,133,13.2,0.012,0.003,fpop85pl,FPop85pl,Pop,poppyramid_only,demographic,True,414,121,17.7,0.008,0.002,True,111704,1844,1,0.013,0,True,198,179.8054504179448,False,0.4782608695652174,0.5383998985436549,False,0.004,0.0036055512754639895,False,-111092,1848.790144932626,True,-0.10000000000000009,0.3,False
SHNwMQ==,3334,548,10,0.064,0.01,hsp1,Hsp1,Pop_2,mutually_exclusive_race_hispanic_origin,demographic,True,3503,761,13.2,0.066,0.014,True,2457137,0,0,0.291,0,True,-169,937.776625855006,False,-0.048244361975449616,0.2592740225801068,False,-0.0020000000000000018,0.017204650534085254,False,-2453803,548,True,-22.699999999999996,1,True
SHNwMg==,3334,548,10,1,0,hsp2,Hsp2,Hsp2,hispanic_subgroup,demographic,True,3503,761,13.2,1,0,True,2457137,0,0,1,0,True,-169,937.776625855006,False,-0.048244361975449616,0.2592740225801068,False,0,0,-2453803,548,True,0,0
SHNwQWxsT3Ro,161,86,32.6,0.048,0.025,hspalloth,HspAllOth,Hsp2,hispanic_subgroup,demographic,False,139,84,36.7,0.04,0.022,False,73407,3230,2.7,0.03,0.001,True,22,120.21647141718975,False,0.15827338129496402,0.9342083283917175,False,0.008,0.03330165161069343,False,-73246,3231.1446888061205,True,1.7999999999999998,2.5019992006393608,False
SHNwQXJn,7,11,95.5,0.002,0.003,hsparg,HspArg,Hsp2,hispanic_subgroup,demographic,False,0,0,,0,0,False,18356,2145,7.1,0.007,0.001,True,7,11,False,0,,0.002,0.003,False,-18349,2145.0282049427697,True,-0.5,0.31622776601683794,False
SHNwQm9s,0,0,,0,0,hspbol,HspBol,Hsp2,hispanic_subgroup,demographic,False,0,0,,0,0,False,3802,607,9.7,0.002,0,True,0,0,0,,,,-3802,607,True,-0.2,0,True
SHNwQ0Ft,941,263,17,0.282,0.064,hspcam,HspCAm,Hsp2,hispanic_subgroup,demographic,True,787,428,33,0.225,0.112,False,179031,5054,1.7,0.073,0.002,True,154,502.3474892940145,False,0.19567979669631513,0.7311009294309231,False,0.05699999999999997,0.1289961239727768,False,-178090,5060.838369282307,True,20.899999999999995,6.403124237432849,True
SHNwQ2hs,0,0,,0,0,hspchl,HspChl,Hsp2,hispanic_subgroup,demographic,False,0,0,,0,0,False,7524,974,7.9,0.003,0,True,0,0,0,,,,-7524,974,True,-0.3,0,True
SHNwQ29s,0,0,,0,0,hspcol,HspCol,Hsp2,hispanic_subgroup,demographic,False,0,0,,0,0,False,102532,3800,2.3,0.042,0.002,True,0,0,0,,,,-102532,3800,True,-4.2,0.2,True
SHNwQ1I=,176,145,49.9,0.053,0.042,hspcr,HspCR,Hsp2,hispanic_subgroup,demographic,False,0,0,,0,0,False,7377,1032,8.5,0.003,0,True,176,145,False,0,,0.053,0.042,False,-7201,1042.1367472649642,True,5,4.2,False
SHNwQ3Vi,103,93,55,0.031,0.027,hspcub,HspCub,Hsp2,hispanic_subgroup,demographic,False,77,67,52.6,0.022,0.018,False,39929,2284,3.5,0.016,0.001,True,26,114.62111498323509,False,0.33766233766233766,1.6773545357856812,False,0.009000000000000001,0.0324499614791759,False,-39826,2285.8926046514084,True,1.5,2.701851217221259,False
SHNwRG9t,493,236,29.1,0.148,0.066,hspdom,HspDom,Hsp2,hispanic_subgroup,demographic,False,391,218,33.9,0.112,0.057,False,701188,8731,0.8,0.285,0.004,True,102,321.27869521647403,False,0.2608695652173913,0.926556066590647,False,0.03599999999999999,0.0872066511224918,False,-700695,8734.188972079777,True,-13.699999999999998,6.612110101926616,False
SHNwRWM=,142,127,54.2,0.043,0.037,hspec,HspEc,Hsp2,hispanic_subgroup,demographic,False,83,92,67.4,0.024,0.026,False,196728,6097,1.9,0.08,0.002,True,59,156.82155464093577,False,0.7108433734939759,2.4366855980349613,False,0.018999999999999996,0.04522167621838005,False,-196586,6098.322556244463,True,-3.7,3.7054014627297804,False
SHNwR3VhdG0=,53,46,52.9,0.016,0.014,hspguatm,HspGuatm,Hsp2,hispanic_subgroup,demographic,False,0,0,,0,0,False,37583,2564,4.1,0.015,0.001,True,53,46,False,0,,0.016,0.014,False,-37530,2564.412603307042,True,0.10000000000000009,1.4035668847618201,False
SHNwSG5k,62,51,49.6,0.019,0.015,hsphnd,HspHnd,Hsp2,hispanic_subgroup,demographic,False,203,227,68,0.058,0.064,False,50108,3416,4.1,0.02,0.001,True,-141,232.65854809140367,False,-0.6945812807881774,0.42397901082441974,False,-0.03900000000000001,0.06573431371817919,False,-50046,3416.380687218566,True,-0.10000000000000009,1.5033296378372907,False
SHNwTWU=,387,290,45.5,0.116,0.085,hspme,HspMe,Hsp2,hispanic_subgroup,demographic,False,154,137,54.1,0.044,0.038,False,339425,7811,1.4,0.138,0.003,True,233,320.73197533142843,False,1.5129870129870129,2.9230026088173653,False,0.07200000000000001,0.09310746479203481,False,-339038,7816.381579733681,True,-2.1999999999999993,8.505292469985967,False
SHNwTmlj,37,58,95.3,0.011,0.017,hspnic,HspNic,Hsp2,hispanic_subgroup,demographic,False,0,0,,0,0,False,12560,1653,8,0.005,0.001,True,37,58,False,0,,0.011,0.017,False,-12523,1654.0172308655071,True,0.5999999999999999,1.7029386365926402,False
SHNwT0NBbQ==,10,14,85.1,0.003,0.004,hspocam,HspOCAm,Hsp2,hispanic_subgroup,demographic,False,0,0,,0,0,False,1606,513,19.4,0.001,0,True,10,14,False,0,,0.003,0.004,False,-1596,513.1909975827713,True,0.19999999999999998,0.4,False
SHNwT1NBbQ==,20,29,88.1,0.006,0.009,hsposam,HspOSAm,Hsp2,hispanic_subgroup,demographic,False,48,56,70.9,0.014,0.016,False,2811,708,15.3,0.001,0,True,-28,63.06346010171025,False,-0.5833333333333334,0.7754491430498781,False,-0.008,0.018357559750685818,False,-2791,708.5936776460823,True,0.5,0.8999999999999999,False
SHNwT3Ro,161,86,32.6,0.048,0.025,hspoth,HspOth,Hsp2,hispanic_subgroup,demographic,False,152,87,34.6,0.043,0.023,False,108479,3640,2,0.044,0.001,True,9,122.3315167894194,False,0.05921052631578947,0.8292570693848781,False,0.0050000000000000044,0.03397057550292606,False,-108318,3641.0157923304864,True,0.40000000000000036,2.5019992006393608,False
SHNwUGFu,556,189,20.7,0.167,0.05,hsppan,HspPan,Hsp2,hispanic_subgroup,demographic,False,584,363,37.7,0.167,0.097,False,22824,1473,3.9,0.009,0.001,True,-28,409.255421466839,False,-0.04794520547945205,0.674486974018137,False,0,0.10912836478203089,-22268,1485.0757556434621,True,15.799999999999999,5.000999900019995,True
SHNwUGVydQ==,0,0,,0,0,hspperu,HspPeru,Hsp2,hispanic_subgroup,demographic,False,0,0,,0,0,False,40211,2081,3.1,0.016,0.001,True,0,0,0,,,,-40211,2081,True,-1.6,0.1,True
SHNwUFI=,1016,299,17.9,0.305,0.074,hsppr,HspPR,Hsp2,hispanic_subgroup,demographic,True,1711,566,20.1,0.488,0.122,False,696879,8571,0.7,0.284,0.003,True,-695,640.1226444986929,False,-0.40619520748100524,0.2629130624915243,False,-0.183,0.14268847185389574,False,-695863,8576.213733344102,True,2.1000000000000014,7.406078584514209,False
SHNwUHJn,0,0,,0,0,hspprg,HspPrg,Hsp2,hispanic_subgroup,demographic,False,0,0,,0,0,False,3666,808,13.4,0.001,0,True,0,0,0,,,,-3666,808,True,-0.1,0,True
SHNwU2Fsdg==,47,48,61.8,0.014,0.014,hspsalv,HspSalv,Hsp2,hispanic_subgroup,demographic,False,0,0,,0,0,False,46973,2844,3.7,0.019,0.001,True,47,48,False,0,,0.014,0.014,False,-46926,2844.405034449208,True,-0.4999999999999998,1.4035668847618201,False
SHNwU0Ft,233,141,36.9,0.07,0.041,hspsam,HspSAm,Hsp2,hispanic_subgroup,demographic,False,231,138,36.4,0.066,0.037,False,392206,7423,1.2,0.16,0.003,True,2,197.29419656948858,False,0.008658008658008658,0.8577132409907838,False,0.0040000000000000036,0.055226805085936304,False,-391973,7424.339027819245,True,-9,4.110960958218894,False
SHNwU3BBbQ==,0,0,,0,0,hspspam,HspSpAm,Hsp2,hispanic_subgroup,demographic,False,0,0,,0,0,False,601,224,22.7,0,0,False,0,0,0,,,,-601,224,False,0,0
SHNwU3BucmQ=,0,0,,0,0,hspspnrd,HspSpnrd,Hsp2,hispanic_subgroup,demographic,False,0,0,,0,0,False,24966,1807,4.4,0.01,0.001,True,0,0,0,,,,-24966,1807,True,-1,0.1,True
SHNwU3Buc2g=,0,0,,0,0,hspspnsh,HspSpnsh,Hsp2,hispanic_subgroup,demographic,False,13,21,98.2,0.004,0.006,False,9505,1192,7.6,0.004,0,True,-13,21,False,-1,0,True,-0.004,0.006,False,-9505,1192,True,-0.4,0,True
SHNwVXJn,0,0,,0,0,hspurg,HspUrg,Hsp2,hispanic_subgroup,demographic,False,0,0,,0,0,False,3021,707,14.2,0.001,0,True,0,0,0,,,,-3021,707,True,-0.1,0,True
SHNwVm56,64,55,52.2,0.019,0.016,hspvnz,HspVnz,Hsp2,hispanic_subgroup,demographic,False,100,87,52.8,0.029,0.024,False,13555,1267,5.7,0.006,0.001,True,-36,102.9271587094485,False,-0.36,0.7826405560664487,False,-0.010000000000000002,0.028844410203711916,False,-13491,1268.1932029466172,True,1.2999999999999998,1.6031219541881399,False
TWFsZQ==,23013,984,2.6,0.443,0.013,male,Male,Pop_1,sex_and_age,demographic,True,23256,1053,2.8,0.44,0.013,True,4025097,268,0,0.477,0,True,-243,1441.2026228119348,False,-0.01044891640866873,0.06162638863532857,False,0.0030000000000000027,0.018384776310850236,False,-4002084,1019.8431251913208,True,-3.3999999999999986,1.3,False
TWRBZ2U=,39.9,1.1,1.7,,,mdage,MdAge,median,sex_and_age,demographic,True,36.7,1.3,2.2,,,True,36.5,0.1,0.2,,,True,3.1999999999999957,1.7029386365926402,False,,,,,3.3999999999999986,1.104536101718726,True,,
TWRQb3AwdDQ=,2853,388,8.3,0,0,mdpop0t4,MdPop0t4,MdAge,demographic__special_variable,demographic,True,2993,0,,0,0,False,551869,0,,0,0,False,-140,388,False,-0.046775810223855664,0.12963581690611425,False,0,0,-549016,388,True,0,0
TWRQb3AxMHQxNA==,2961,373,7.7,0,0,mdpop10t14,MdPop10t14,MdAge,demographic__special_variable,demographic,True,3541,0,,0,0,False,464704,0,,0,0,False,-580,373,False,-0.16379553798362045,0.10533747528946624,False,0,0,-461743,373,True,0,0
TWRQb3AxNXQxNw==,2060,298,8.8,0,0,mdpop15t17,MdPop15t17,MdAge,demographic__special_variable,demographic,True,2338,0,,0,0,False,273431,0,,0,0,False,-278,298,False,-0.11890504704875962,0.1274593669803251,False,0,0,-271371,298,True,0,0
TWRQb3AxOHQxOQ==,1063,217,12.4,0,0,mdpop18t19,MdPop18t19,MdAge,demographic__special_variable,demographic,True,1295,0,,0,0,False,182243,0,,0,0,False,-232,217,False,-0.17915057915057914,0.16756756756756755,False,0,0,-181180,217,True,0,0
TWRQb3AyMA==,804,188,14.2,0,0,mdpop20,MdPop20,MdAge,demographic__special_variable,demographic,True,647,0,,0,0,False,105547,0,,0,0,False,157,188,False,0.2426584234930448,0.29057187017001546,False,0,0,-104743,188,True,0,0
TWRQb3AyMQ==,566,157,16.9,0,0,mdpop21,MdPop21,MdAge,demographic__special_variable,demographic,True,834,0,,0,0,False,105415,0,,0,0,False,-268,157,False,-0.3213429256594724,0.18824940047961633,False,0,0,-104849,157,True,0,0
TWRQb3AyMnQyNA==,1972,291,9,0,0,mdpop22t24,MdPop22t24,MdAge,demographic__special_variable,demographic,True,2101,0,,0,0,False,360439,0,,0,0,False,-129,291,False,-0.061399333650642554,0.1385054735840076,False,0,0,-358467,291,True,0,0
TWRQb3AyNXQyOQ==,4158,440,6.4,0,0,mdpop25t29,MdPop25t29,MdAge,demographic__special_variable,demographic,True,4376,0,,0,0,False,785805,0,,0,0,False,-218,440,False,-0.04981718464351006,0.10054844606946983,False,0,0,-781647,440,True,0,0
TWRQb3AzMHQzNA==,3406,344,6.1,0,0,mdpop30t34,MdPop30t34,MdAge,demographic__special_variable,demographic,True,3996,0,,0,0,False,718474,0,,0,0,False,-590,344,False,-0.14764764764764765,0.08608608608608609,False,0,0,-715068,344,True,0,0
TWRQb3AzNXQzOQ==,3020,355,7.2,0,0,mdpop35t39,MdPop35t39,MdAge,demographic__special_variable,demographic,True,2861,0,,0,0,False,610524,0,,0,0,False,159,355,False,0.055574973785389725,0.12408248864033555,False,0,0,-607504,355,True,0,0
TWRQb3A0MHQ0NA==,3875,378,5.9,0,0,mdpop40t44,MdPop40t44,MdAge,demographic__special_variable,demographic,True,4063,0,,0,0,False,545892,0,,0,0,False,-188,378,False,-0.04627122815653458,0.0930347034211174,False,0,0,-542017,378,True,0,0
TWRQb3A0NXQ0OQ==,3191,343,6.5,0,0,mdpop45t49,MdPop45t49,MdAge,demographic__special_variable,demographic,True,3719,0,,0,0,False,542513,0,,0,0,False,-528,343,False,-0.14197364883033073,0.09222909384243075,False,0,0,-539322,343,True,0,0
TWRQb3A1MHQ1NA==,3301,319,5.9,0,0,mdpop50t54,MdPop50t54,MdAge,demographic__special_variable,demographic,True,3837,0,,0,0,False,544447,0,,0,0,False,-536,319,False,-0.13969246807401617,0.08313786812614021,False,0,0,-541146,319,True,0,0
TWRQb3A1NXQ1OQ==,3673,337,5.6,0,0,mdpop55t59,MdPop55t59,MdAge,demographic__special_variable,demographic,True,3338,0,,0,0,False,515825,0,,0,0,False,335,337,False,0.10035949670461354,0.10095865787896943,False,0,0,-512152,337,True,0,0
TWRQb3A1dDk=,3155,394,7.6,0,0,mdpop5t9,MdPop5t9,MdAge,demographic__special_variable,demographic,True,3334,0,,0,0,False,476567,0,,0,0,False,-179,394,False,-0.053689262147570485,0.11817636472705458,False,0,0,-473412,394,True,0,0
TWRQb3A2MHQ2MQ==,1226,224,11.1,0,0,mdpop60t61,MdPop60t61,MdAge,demographic__special_variable,demographic,True,1482,0,,0,0,False,203884,0,,0,0,False,-256,224,False,-0.17273954116059378,0.15114709851551958,False,0,0,-202658,224,True,0,0
TWRQb3A2MnQ2NA==,1850,243,8,0,0,mdpop62t64,MdPop62t64,MdAge,demographic__special_variable,demographic,True,1562,0,,0,0,False,266773,0,,0,0,False,288,243,False,0.18437900128040974,0.1555697823303457,False,0,0,-264923,243,True,0,0
TWRQb3A2NXQ2Ng==,1237,200,9.8,0,0,mdpop65t66,MdPop65t66,MdAge,demographic__special_variable,demographic,True,919,0,,0,0,False,168701,0,,0,0,False,318,200,False,0.34602829162132753,0.21762785636561477,False,0,0,-167464,200,True,0,0
TWRQb3A2N3Q2OQ==,1801,248,8.4,0,0,mdpop67t69,MdPop67t69,MdAge,demographic__special_variable,demographic,True,1285,0,,0,0,False,215921,0,,0,0,False,516,248,False,0.40155642023346305,0.19299610894941635,False,0,0,-214120,248,True,0,0
TWRQb3A3MHQ3NA==,2260,248,6.7,0,0,mdpop70t74,MdPop70t74,MdAge,demographic__special_variable,demographic,True,1872,0,,0,0,False,280196,0,,0,0,False,388,248,False,0.20726495726495728,0.13247863247863248,False,0,0,-277936,248,True,0,0
TWRQb3A3NXQ3OQ==,1665,220,8,0,0,mdpop75t79,MdPop75t79,MdAge,demographic__special_variable,demographic,True,1158,0,,0,0,False,211102,0,,0,0,False,507,220,False,0.4378238341968912,0.18998272884283243,False,0,0,-209437,220,True,0,0
TWRQb3A4MHQ4NA==,948,157,10.1,0,0,mdpop80t84,MdPop80t84,MdAge,demographic__special_variable,demographic,True,740,0,,0,0,False,148988,0,,0,0,False,208,157,False,0.2810810810810811,0.21216216216216222,False,0,0,-148040,157,True,0,0
TWRQb3A4NXBs,877,156,10.8,0,0,mdpop85pl,MdPop85pl,MdAge,demographic__special_variable,demographic,True,525,0,,0,0,False,164453,0,,0,0,False,352,156,False,0.6704761904761904,0.2971428571428571,False,0,0,-163576,156,True,0,0
TWRQb3BfMw==,51922,1607,1.9,0,0,mdpop_3,MdPop_3,MdAge,demographic__special_variable,demographic,True,52816,0,,0,0,False,8443713,0,,0,0,False,-894,1607,False,-0.016926688882156923,0.030426385943653444,False,0,0,-8391791,1607,True,0,0
TVBvcDB0NQ==,1629,308,11.5,0.031,0.006,mpop0t5,MPop0t5,Pop,poppyramid_only,demographic,True,1379,291,12.8,0.026,0.005,True,282195,189,0,0.033,0,True,250,423.72750677764594,False,0.18129079042784627,0.3347018254747152,False,0.005000000000000001,0.0078102496759066544,False,-280566,361.3654659759286,True,-0.20000000000000018,0.6,False
TVBvcDEwdDE0,1499,256,10.4,0.029,0.005,mpop10t14,MPop10t14,Pop,poppyramid_only,demographic,True,1701,307,11,0.032,0.006,True,237611,2370,0.6,0.028,0,True,-202,399.73115965608685,False,-0.11875367430922987,0.2189675705991476,False,-0.002999999999999999,0.0078102496759066544,False,-236112,2383.7860642264022,True,0.10000000000000009,0.5,False
TVBvcDE1dDE5,1426,235,10,0.027,0.004,mpop15t19,MPop15t19,Pop,poppyramid_only,demographic,True,1780,292,10,0.034,0.005,True,228974,203,0.1,0.027,0,True,-354,374.81862280308326,False,-0.19887640449438201,0.18628263963013914,False,-0.007000000000000003,0.006403124237432849,False,-227548,310.5382424114621,True,0,0.4
TVBvcDIwdDI0,1577,249,9.6,0.03,0.005,mpop20t24,MPop20t24,Pop,poppyramid_only,demographic,True,1612,298,11.2,0.031,0.006,True,277492,3174,0.7,0.033,0,True,-35,388.33619455312174,False,-0.021712158808933003,0.2378371870000152,False,-0.0010000000000000009,0.0078102496759066544,False,-275915,3183.7520318014717,True,-0.30000000000000027,0.5,False
TVBvcDI1dDI5,1973,313,9.6,0.038,0.006,mpop25t29,MPop25t29,Pop,poppyramid_only,demographic,True,2060,378,11.2,0.039,0.007,True,380518,179,0,0.045,0,True,-87,490.7677658526485,False,-0.04223300970873786,0.23232048605835326,False,-0.0010000000000000009,0.009219544457292887,False,-378545,360.568994784632,True,-0.7000000000000002,0.6,False
TVBvcDMwdDM0,1517,245,9.8,0.029,0.005,mpop30t34,MPop30t34,Pop,poppyramid_only,demographic,True,1874,318,10.3,0.035,0.006,True,351613,226,0,0.042,0,True,-357,401.4336806995646,False,-0.1905016008537887,0.18963365976502206,False,-0.006000000000000002,0.0078102496759066544,False,-350096,333.3181663216093,True,-1.2999999999999998,0.5,False
TVBvcDM1dDM5,1264,224,10.8,0.024,0.004,mpop35t39,MPop35t39,Pop,poppyramid_only,demographic,True,1185,235,12,0.022,0.004,True,295382,3094,0.6,0.035,0,True,79,324.6552017140646,False,0.06666666666666667,0.28368714728451283,False,0.0020000000000000018,0.00565685424949238,False,-294118,3102.097999741465,True,-1.1000000000000005,0.4,False
TVBvcDQwdDQ0,1754,269,9.3,0.034,0.005,mpop40t44,MPop40t44,Pop,poppyramid_only,demographic,True,1761,307,10.6,0.033,0.006,True,265474,3036,0.7,0.031,0,True,-7,408.1788823542933,False,-0.003975014196479273,0.23126737127046032,False,0.0010000000000000009,0.0078102496759066544,False,-263720,3047.8938629814525,True,0.30000000000000027,0.5,False
TVBvcDQ1dDQ5,1263,234,11.3,0.024,0.004,mpop45t49,MPop45t49,Pop,poppyramid_only,demographic,True,1697,291,10.4,0.032,0.005,True,260855,252,0.1,0.031,0,True,-434,373.41264038594085,False,-0.2557454331172658,0.18788738399530067,False,-0.008,0.006403124237432849,False,-259592,343.8895171417704,True,-0.7000000000000002,0.4,False
TVBvcDUwdDU0,1683,237,8.6,0.032,0.004,mpop50t54,MPop50t54,Pop,poppyramid_only,demographic,True,1561,288,11.2,0.03,0.005,True,259245,174,0,0.031,0,True,122,372.9785516621566,False,0.07815502882767457,0.2502375492862903,False,0.0020000000000000018,0.006403124237432849,False,-257562,294.0153057240388,True,0.10000000000000009,0.4,False
TVBvcDU1dDU5,1301,202,9.5,0.025,0.004,mpop55t59,MPop55t59,Pop,poppyramid_only,demographic,True,1336,254,11.5,0.025,0.005,True,242832,2266,0.6,0.029,0,True,-35,324.530430006186,False,-0.02619760479041916,0.23903387614649224,False,0,0.006403124237432849,-241531,2274.985714240861,True,-0.40000000000000036,0.4,False
TVBvcDV0OQ==,1580,253,9.8,0.03,0.005,mpop5t9,MPop5t9,Pop,poppyramid_only,demographic,True,1548,289,11.3,0.029,0.005,True,242518,2329,0.6,0.029,0,True,32,384.0963420809941,False,0.020671834625323,0.25104090203021173,False,0.0009999999999999974,0.007071067811865475,False,-240938,2342.7014321078136,True,0.09999999999999964,0.5,False
TVBvcDYwdDY0,1113,192,10.5,0.021,0.004,mpop60t64,MPop60t64,Pop,poppyramid_only,demographic,True,1245,240,11.7,0.024,0.004,True,214089,2789,0.8,0.025,0,True,-132,307.34996339677673,False,-0.10602409638554217,0.2312604661143816,False,-0.002999999999999999,0.00565685424949238,False,-212976,2795.601008727819,True,-0.3999999999999999,0.4,False
TVBvcDY1dDY5,1154,197,10.4,0.022,0.004,mpop65t69,MPop65t69,Pop,poppyramid_only,demographic,True,915,187,12.4,0.017,0.003,True,169978,2612,0.9,0.02,0,True,239,271.6210595664482,False,0.2612021857923497,0.3358442984019394,False,0.0049999999999999975,0.005,False,-168824,2619.4184469076336,True,0.19999999999999973,0.4,False
TVBvcDcwdDc0,1037,174,10.2,0.02,0.003,mpop70t74,MPop70t74,Pop,poppyramid_only,demographic,True,704,165,14.2,0.013,0.003,True,119097,2119,1.1,0.014,0,True,333,239.7936613007108,False,0.47301136363636365,0.4245894827586487,False,0.007000000000000001,0.004242640687119285,False,-118060,2126.1319338178428,True,0.5999999999999999,0.3,False
TVBvcDc1dDc5,620,123,12.1,0.012,0.002,mpop75t79,MPop75t79,Pop,poppyramid_only,demographic,True,455,127,16.9,0.009,0.002,True,86722,1618,1.1,0.01,0,True,165,176.7993212656655,False,0.3626373626373626,0.4666230340967105,False,0.003000000000000001,0.00282842712474619,False,-86102,1622.6684812370024,True,0.19999999999999996,0.2,False
TVBvcDgwdDg0,358,88,14.9,0.007,0.002,mpop80t84,MPop80t84,Pop,poppyramid_only,demographic,True,332,117,21.5,0.006,0.002,False,57753,1509,1.6,0.007,0,True,26,146.40013661195812,False,0.0783132530120482,0.46331738478890205,False,0.001,0.00282842712474619,False,-57395,1511.5637598196115,True,0,0.2
TVBvcDg1cGw=,265,82,18.8,0.005,0.002,mpop85pl,MPop85pl,Pop,poppyramid_only,demographic,True,111,68,37.5,0.002,0.001,False,52749,1354,1.6,0.006,0,True,154,106.5269918846862,False,1.3873873873873874,1.6385264045113357,False,0.003,0.0022360679774997894,False,-52484,1356.4807407405385,True,-0.09999999999999998,0.2,False
TkhQSU5I,0,0,,0,0,nhpinh,NHPINH,Pop_2,mutually_exclusive_race_hispanic_origin,demographic,False,0,0,,0,0,False,2794,488,10.6,0,0.001,True,0,0,0,,,,-2794,488,True,0,0.1
TkhzcA==,48588,1632,2,0.936,0.012,nhsp,NHsp,Pop_2,mutually_exclusive_race_hispanic_origin,demographic,True,49313,1827,2.3,0.934,0.014,True,5986576,0,0,0.709,0,True,-725,2449.7659071837866,False,-0.01470200555634417,0.04927300261280584,False,0.0020000000000000018,0.018439088914585774,False,-5937988,1632,True,22.700000000000017,1.2,True
T3RoTkg=,124,77,37.9,0.002,0.001,othnh,OthNH,Pop_2,mutually_exclusive_race_hispanic_origin,demographic,False,207,120,35.3,0.004,0.002,False,71758,3677,3.1,0.008,0.001,True,-83,142.57980221616245,False,-0.40096618357487923,0.5088843530701738,False,-0.002,0.0022360679774997894,False,-71634,3677.8061395348177,True,-0.6000000000000001,0.14142135623730953,True
UG9w,51922,1607,1.9,1,0,pop,Pop,Pop,poppyramid_only,demographic,True,52816,1786,2.1,1,0,True,8443713,0,0,1,0,True,-894,2402.549687311378,False,-0.016926688882156923,0.04506517919984069,False,0,0,-8391791,1607,True,0,0
UG9wMTB0MTQ=,2961,369,7.6,0.057,0.007,pop10t14,Pop10t14,Pop_1,sex_and_age,demographic,True,3541,419,7.2,0.067,0.008,True,464704,3300,0.4,0.055,0,True,-580,558.3206963744045,False,-0.16379553798362045,0.1437000082434165,False,-0.010000000000000002,0.01063014581273465,False,-461743,3320.566367353618,True,0.20000000000000018,0.7000000000000001,False
UG9wMTV0MTk=,3123,386,7.5,0.06,0.007,pop15t19,Pop15t19,Pop_1,sex_and_age,demographic,True,3633,434,7.3,0.069,0.008,True,455674,405,0.1,0.054,0,True,-510,580.820109844692,False,-0.14037985136251033,0.14776355188640808,False,-0.009000000000000008,0.01063014581273465,False,-452551,559.4827968758289,True,0.5999999999999996,0.7000000000000001,False
UG9wMjB0MjQ=,3342,378,6.9,0.064,0.007,pop20t24,Pop20t24,Pop_1,sex_and_age,demographic,True,3582,467,7.9,0.068,0.009,True,571401,453,0,0.068,0,True,-240,600.8102861968993,False,-0.06700167504187604,0.16103441415784203,False,-0.0040000000000000036,0.011401754250991379,False,-568059,589.994067766787,True,-0.40000000000000036,0.7000000000000001,False
UG9wMjV0Mjk=,4158,440,6.4,0.08,0.008,pop25t29,Pop25t29,Pop_1,sex_and_age,demographic,True,4376,515,7.2,0.083,0.009,True,785805,271,0,0.093,0,True,-218,677.3662229547617,False,-0.04981718464351006,0.15038190002616927,False,-0.0030000000000000027,0.012041594578792296,False,-781647,516.7600990788666,True,-1.3000000000000007,0.8,False
UG9wMzB0MzQ=,3406,344,6.1,0.066,0.006,pop30t34,Pop30t34,Pop_1,sex_and_age,demographic,True,3996,472,7.2,0.076,0.009,True,718474,335,0,0.085,0,True,-590,584.0547919502073,False,-0.14764764764764765,0.13246480821440382,False,-0.009999999999999995,0.010816653826391968,False,-715068,480.1676790455601,True,-1.8999999999999995,0.6,True
UG9wMzV0Mzk=,3020,355,7.2,0.058,0.007,pop35t39,Pop35t39,Pop_1,sex_and_age,demographic,True,2861,365,7.8,0.054,0.007,True,610524,4398,0.4,0.072,0.001,True,159,509.1659847240387,False,0.055574973785389725,0.18311719637997334,False,0.0040000000000000036,0.009899494936611667,False,-607504,4412.304273279439,True,-1.3999999999999986,0.7071067811865476,False
UG9wNDB0NDQ=,3875,378,5.9,0.075,0.007,pop40t44,Pop40t44,Pop_1,sex_and_age,demographic,True,4063,444,6.6,0.077,0.008,True,545892,4362,0.5,0.065,0.001,True,-188,583.112339090848,False,-0.04627122815653458,0.13970598709351162,False,-0.0020000000000000018,0.01063014581273465,False,-542017,4378.347633525689,True,1,0.7071067811865476,False
UG9wNDV0NDk=,3191,343,6.5,0.061,0.006,pop45t49,Pop45t49,Pop_1,sex_and_age,demographic,True,3719,409,6.7,0.07,0.007,True,542513,317,0,0.064,0,True,-528,533.7883475685845,False,-0.14197364883033073,0.13194854356568783,False,-0.009000000000000008,0.009219544457292887,False,-539322,467.05245958029167,True,-0.3000000000000007,0.6,False
UG9wNTB0NTQ=,3301,319,5.9,0.064,0.006,pop50t54,Pop50t54,Pop_1,sex_and_age,demographic,True,3837,426,6.7,0.073,0.008,True,544447,267,0,0.064,0,True,-536,532.2001503194076,False,-0.13969246807401617,0.12662945167495224,False,-0.008999999999999994,0.01,False,-541146,415.99278839902985,True,0,0.6
UG9wNTV0NTk=,3673,361,6,0.071,0.007,pop55t59,Pop55t59,Pop_1,sex_and_age,demographic,True,3338,384,7,0.063,0.007,True,515825,3495,0.4,0.061,0,True,335,527.045538829426,False,0.10035949670461354,0.16649227207060371,False,0.007999999999999993,0.009899494936611667,False,-512152,3513.5944558244055,True,1,0.7000000000000001,False
UG9wNXQ5,3155,432,8.3,0.061,0.008,pop5t9,Pop5t9,Pop_1,sex_and_age,demographic,True,3334,442,8.1,0.063,0.008,True,476567,3308,0.4,0.056,0,True,-179,618.0517777662321,False,-0.053689262147570485,0.18035681134694356,False,-0.0020000000000000018,0.01131370849898476,False,-473412,3336.0887278368364,True,0.4999999999999991,0.8,False
UG9wNjB0NjQ=,3076,336,6.6,0.059,0.006,pop60t64,Pop60t64,Pop_1,sex_and_age,demographic,True,3044,380,7.6,0.058,0.007,True,470657,3485,0.5,0.056,0,True,32,507.24353125495844,False,0.010512483574244415,0.16762255036068735,False,0.000999999999999994,0.009219544457292887,False,-467581,3501.159950644929,True,0.29999999999999893,0.6,False
UG9wNjVwbDE=,8788,430,3,0.169,0.006,pop65pl1,Pop65pl1,Pop_1,sex_and_age,demographic,True,6499,483,4.5,0.123,0.008,True,1189361,179,0,0.141,0,True,2289,646.6753435843987,True,0.35220803200492384,0.12032001914561932,False,0.04600000000000001,0.01,True,-1180573,465.769256177348,True,2.8000000000000043,0.6,True
UG9wNjVwbDI=,8788,430,3,1,0,pop65pl2,Pop65pl2,Pop65pl2,sex_and_age,demographic,True,6499,483,4.5,1,0,True,1189361,179,0,1,0,True,2289,646.6753435843987,True,0.35220803200492384,0.12032001914561932,False,0,0,-1180573,465.769256177348,True,0,0
UG9wNjVwbEY=,5354,333,3.8,0.609,0.023,pop65plf,Pop65plF,Pop65pl2,sex_and_age,demographic,True,3982,350,5.3,0.613,0.029,True,703062,98,0,0.591,0,True,1372,483.1035085776132,False,0.34455047714716225,0.14477523273864176,False,-0.0040000000000000036,0.037013511046643494,False,-697708,347.1210163617294,True,1.8000000000000043,2.3,False
UG9wNjVwbE0=,3434,273,4.8,0.391,0.024,pop65plm,Pop65plM,Pop65pl2,sex_and_age,demographic,True,2517,291,7,0.387,0.034,True,486299,131,0,0.409,0,True,917,399.0112780360976,False,0.3643226062773143,0.19142699519461467,False,0.0040000000000000036,0.041617304093369625,False,-482865,302.80356668969404,True,-1.7999999999999972,2.4,False
UG9wNjV0Njk=,3038,318,6.4,0.059,0.006,pop65t69,Pop65t69,Pop_1,sex_and_age,demographic,True,2204,289,8,0.042,0.005,True,384622,3868,0.6,0.046,0,True,834,429.7033860699727,False,0.37840290381125224,0.23126995797076494,False,0.016999999999999994,0.0078102496759066544,False,-381584,3881.049857963693,True,1.2999999999999998,0.6,False
UG9wNzB0NzQ=,2260,248,6.7,0.044,0.005,pop70t74,Pop70t74,Pop_1,sex_and_age,demographic,True,1872,258,8.4,0.035,0.005,True,280196,3421,0.7,0.033,0,True,388,357.865896670806,False,0.20726495726495728,0.21268485521101138,False,0.008999999999999994,0.007071067811865475,False,-277936,3429.9774051733925,True,1.0999999999999992,0.5,False
UG9wNzV0Nzk=,1665,220,8,0.032,0.004,pop75t79,Pop75t79,Pop_1,sex_and_age,demographic,True,1158,199,10.4,0.022,0.004,True,211102,2454,0.7,0.025,0,True,507,296.64962497869436,False,0.4378238341968912,0.31168173975889885,False,0.010000000000000002,0.00565685424949238,False,-209437,2463.841715695227,True,0.7000000000000002,0.4,False
UG9wODB0ODQ=,948,157,10.1,0.018,0.003,pop80t84,Pop80t84,Pop_1,sex_and_age,demographic,True,740,170,14,0.014,0.003,True,148988,2294,0.9,0.018,0,True,208,231.40656861895687,False,0.2810810810810811,0.3628039303679026,False,0.003999999999999998,0.004242640687119285,False,-148040,2299.3662170259004,True,0,0.3
UG9wODVwbA==,877,159,11,0.017,0.003,pop85pl,Pop85pl,Pop_1,sex_and_age,demographic,True,525,138,15.9,0.01,0.003,True,164453,2242,0.8,0.019,0,True,352,210.535032714273,False,0.6704761904761904,0.5334119157989734,False,0.007000000000000001,0.004242640687119285,False,-163576,2247.6309750490627,True,-0.19999999999999973,0.3,False
UG9wXzE=,51922,1607,1.9,1,0,pop_1,Pop_1,Pop_1,sex_and_age,demographic,True,52816,1786,2.1,1,0,True,8443713,0,0,1,0,True,-894,2402.549687311378,False,-0.016926688882156923,0.04506517919984069,False,0,0,-8391791,1607,True,0,0
UG9wXzI=,51922,1607,1.9,1,0,pop_2,Pop_2,Pop_2,mutually_exclusive_race_hispanic_origin,demographic,True,52816,1786,2.1,1,0,True,8443713,0,0,1,0,True,-894,2402.549687311378,False,-0.016926688882156923,0.04506517919984069,False,0,0,-8391791,1607,True,0,0
UG9wVTE4MQ==,11029,881,4.9,0.212,0.016,popu181,PopU181,Pop_1,sex_and_age,demographic,True,12206,846,4.2,0.231,0.014,True,1766571,170,0,0.209,0,True,-1177,1221.4241687472866,False,-0.09642798623627724,0.09556001452225968,False,-0.019000000000000017,0.0212602916254693,False,-1755542,897.2519155733244,True,0.3000000000000007,1.6,False
UG9wVTE4XzI=,11029,881,4.9,1,0,popu18_2,PopU18_2,PopU18_2,sex_and_age,demographic,True,12206,846,4.2,1,0,True,1766571,170,0,1,0,True,-1177,1221.4241687472866,False,-0.09642798623627724,0.09556001452225968,False,0,0,-1755542,897.2519155733244,True,0,0
UG9wVTE4Rg==,5336,505,5.8,0.484,0.025,popu18f,PopU18F,PopU18_2,sex_and_age,demographic,True,6487,621,5.8,0.531,0.035,True,865584,268,0,0.49,0,True,-1151,800.416141766269,False,-0.17743178665022352,0.11072935788966487,False,-0.04700000000000004,0.04301162633521314,False,-860248,571.7070928368827,True,-0.6000000000000014,2.5,False
UG9wVTE4TQ==,5693,587,6.3,0.516,0.034,popu18m,PopU18M,PopU18_2,sex_and_age,demographic,True,5719,574,6.1,0.469,0.034,True,900987,291,0,0.51,0,True,-26,821.0024360499791,False,-0.00454624934429096,0.14323834729503232,False,0.04700000000000004,0.048083261120685235,False,-895294,655.1717332119877,True,0.6000000000000014,3.4000000000000004,False
UG9wVTU=,2853,415,8.8,0.055,0.008,popu5,PopU5,Pop_1,sex_and_age,demographic,True,2993,446,9.1,0.057,0.008,True,551869,129,0,0.065,0,True,-140,609.2134272978559,False,-0.046775810223855664,0.19850000651645097,False,-0.0020000000000000018,0.01131370849898476,False,-549016,434.58716041779235,True,-1,0.8,False
UmMycGxOSA==,724,243,20.4,0.014,0.005,rc2plnh,Rc2plNH,Pop_2,mutually_exclusive_race_hispanic_origin,demographic,False,1054,378,21.8,0.02,0.007,False,162601,4044,1.5,0.019,0.001,True,-330,449.36955838151744,False,-0.31309297912713474,0.3374030227749002,False,-0.006,0.008602325267042627,False,-161877,4051.2942376480137,True,-0.4999999999999998,0.5099019513592785,False
V3ROSA==,1100,296,16.4,0.021,0.006,wtnh,WtNH,Pop_2,mutually_exclusive_race_hispanic_origin,demographic,True,1222,313,15.6,0.023,0.006,True,2713930,1659,0,0.321,0.001,True,-122,430.7957752810489,False,-0.09983633387888707,0.3344157398417977,False,-0.0019999999999999983,0.00848528137423857,False,-2712830,1685.199394730487,True,-30,0.6082762530298219,True
