id,sum,m,cv,percent,percent_m,variable,variablename,base,category,profile,is_reliable,previous_sum,previous_m,previous_cv,previous_percent,previous_percent_m,previous_is_reliable,comparison_sum,comparison_m,comparison_cv,comparison_percent,comparison_percent_m,comparison_is_reliable,change_sum,change_m,change_significant,change_percent,change_percent_m,change_percent_significant,change_percentage_point,change_percentage_point_m,change_percentage_point_significant,difference_sum,difference_m,significant,difference_percent,difference_percent_m
QUlBTk5I,85,107,76.5242267119614,0.00170217878884973,0.0021419317966042,aiannh,AIANNH,Pop_2,mutually_exclusive_race_hispanic_origin,demographic,False,125,210,102.127659574468,0.00297782118779332,0.00500136766372323,False,15017,875,3.5,0.002,0.001,True,-40,235.68835355188853,False,-0.32,1.4275201434655838,False,-0.0012756423989435898,0.005440730679701068,False,-14932,881.5180088914803,True,0,0.23638679788228648
QXNuMVJj,259,156,36.6149910222859,1,0,asn1rc,Asn1Rc,Asn1Rc,asian_subgroup,demographic,False,,0,,0,0,False,1177700,3785,0.2,1,0,True,,,,,1,0,True,-1177441,3788.2134311572254,True,0,0
QXNuMnBs,50,83,100.911854103343,0.193050193050193,0.298624045938478,asn2pl,Asn2pl,Asn1Rc,asian_subgroup,demographic,False,,0,,0,0,False,17175,1660,5.9,0.015,0.001,True,,,,,0.193050193050193,0.298624045938478,False,-17125,1662.0737047435653,True,17.8050193050193,29.862572027986175,False
QXNuQmh1dG4=,0,0,,0,0,asnbhutn,AsnBhutn,Asn1Rc,asian_subgroup,demographic,False,,0,,0,0,False,100,90,54.7,0,0,False,,,,,0,0,-100,90,False,0,0
QXNuQm5n,28,43,93.3564915327833,0.108108108108108,0.15272094903361,asnbng,AsnBng,Asn1Rc,asian_subgroup,demographic,False,,0,,0,0,False,65991,3237,3,0.056,0.003,True,,,,,0.108108108108108,0.15272094903361,False,-65963,3237.2855913558196,True,5.210810810810799,15.275041169740428,False
QXNuQnVybQ==,0,0,,0,0,asnburm,AsnBurm,Asn1Rc,asian_subgroup,demographic,False,,0,,0,0,False,4509,620,8.4,0.004,0.001,True,,,,,0,0,-4509,620,True,-0.4,0.1,True
QXNuQ2hpTm9U,49,69,85.6026301097947,0.189189189189189,0.240808818089001,asnchinot,AsnChiNoT,Asn1Rc,asian_subgroup,demographic,False,,0,,0,0,False,565173,5911,0.6,0.48,0.005,True,,,,,0.189189189189189,0.240808818089001,False,-565124,5911.402710017311,True,-29.0810810810811,24.08607208936766,False
QXNuQ21i,0,0,,0,0,asncmb,AsnCmb,Asn1Rc,asian_subgroup,demographic,False,,0,,0,0,False,2700,1036,23.3,0.002,0.001,False,,,,,0,0,-2700,1036,False,-0.2,0.1,False
QXNuRWFzdA==,53,69,79.1420542524517,0.204633204633205,0.236182883581407,asneast,AsnEast,Asn1Rc,asian_subgroup,demographic,False,,0,,0,0,False,686453,6802,0.6,0.583,0.005,True,,,,,0.204633204633205,0.236182883581407,False,-686400,6802.349961594155,True,-37.8366795366795,23.623580274130433,False
QXNuRmxw,41,54,80.065238342353,0.158301158301158,0.185414954288593,asnflp,AsnFlp,Asn1Rc,asian_subgroup,demographic,False,,0,,0,0,False,71450,2932,2.5,0.061,0.002,True,,,,,0.158301158301158,0.185414954288593,False,-71409,2932.4972293252044,True,9.730115830115802,18.542574059132413,False
QXNuSG1uZw==,0,0,,0,0,asnhmng,AsnHmng,Asn1Rc,asian_subgroup,demographic,False,,0,,0,0,False,60,59,59.8,0,0,False,,,,,0,0,-60,59,False,0,0
QXNuSW5k,73,69,57.4592996627389,0.281853281853282,0.205313838295231,asnind,AsnInd,Asn1Rc,asian_subgroup,demographic,False,,0,,0,0,False,228887,4990,1.3,0.194,0.004,True,,,,,0.281853281853282,0.205313838295231,False,-228814,4990.4770313067265,True,8.7853281853282,20.535279933694664,False
QXNuSW5kbnNu,0,0,,0,0,asnindnsn,AsnIndnsn,Asn1Rc,asian_subgroup,demographic,False,,0,,0,0,False,3778,675,10.9,0.003,0.001,True,,,,,0,0,-3778,675,True,-0.3,0.1,False
QXNuSnBu,4,6,91.1854103343465,0.0154440154440154,0.0212163603865171,asnjpn,AsnJpn,Asn1Rc,asian_subgroup,demographic,False,,0,,0,0,False,25224,1431,3.4,0.021,0.001,True,,,,,0.0154440154440154,0.0212163603865171,False,-25220,1431.0125785610692,True,-0.5555984555984601,2.1239914031148337,False
QXNuS29y,0,0,,0,0,asnkor,AsnKor,Asn1Rc,asian_subgroup,demographic,False,,0,,0,0,False,85212,2865,2,0.072,0.002,True,,,,,0,0,-85212,2865,True,-7.199999999999999,0.2,True
QXNuTGFv,0,0,,0,0,asnlao,AsnLao,Asn1Rc,asian_subgroup,demographic,False,,0,,0,0,False,538,173,19.5,0,0,True,,,,,0,0,-538,173,True,0,0
QXNuTWFsc24=,0,0,,0,0,asnmalsn,AsnMalsn,Asn1Rc,asian_subgroup,demographic,False,,0,,0,0,False,1750,544,18.9,0.001,0,True,,,,,0,0,-1750,544,True,-0.1,0,True
QXNuTWdvbA==,0,0,,0,0,asnmgol,AsnMgol,Asn1Rc,asian_subgroup,demographic,False,,0,,0,0,False,644,287,27.1,0.001,0,False,,,,,0,0,-644,287,False,-0.1,0,True
QXNuTmVwYWw=,0,0,,0,0,asnnepal,AsnNepal,Asn1Rc,asian_subgroup,demographic,False,,0,,0,0,False,8478,1242,8.9,0.007,0.001,True,,,,,0,0,-8478,1242,True,-0.7000000000000001,0.1,True
QXNuTkg=,252,155,37.3908428619675,0.00504645946811919,0.00309904982847474,asnnh,AsnNH,Pop_2,mutually_exclusive_race_hispanic_origin,demographic,False,175,137,47.5900998697351,0.00416894966291064,0.003259568177881,False,1167421,3568,0.2,0.138,0.001,True,77,206.86710710018642,False,0.44,1.433641271271819,False,0.0008775098052085494,0.004497654338166037,False,-1167169,3571.365145151081,True,-13.295354053188081,0.325639522161689,True
QXNuT0Fzbg==,0,0,,0,0,asnoasn,AsnOAsn,Asn1Rc,asian_subgroup,demographic,False,,0,,0,0,False,10707,1286,7.3,0.009,0.001,True,,,,,0,0,-10707,1286,True,-0.8999999999999999,0.1,True
QXNuT2tpbnc=,0,0,,0,0,asnokinw,AsnOkinw,Asn1Rc,asian_subgroup,demographic,False,,0,,0,0,False,0,0,,0,0,False,,,,,0,0,0,0,0,0
QXNuUGFr,10,15,91.1854103343465,0.0386100386100386,0.0530409009662929,asnpak,AsnPak,Asn1Rc,asian_subgroup,demographic,False,,0,,0,0,False,48973,3097,3.8,0.042,0.003,True,,,,,0.0386100386100386,0.0530409009662929,False,-48963,3097.0363252632346,True,-0.3389961389961398,5.312567341047162,False
QXNuU0Vhc3Q=,45,54,72.9483282674772,0.173745173745174,0.180328299571534,asnseast,AsnSEast,Asn1Rc,asian_subgroup,demographic,False,,0,,0,0,False,106360,3653,2.1,0.09,0.003,True,,,,,0.173745173745174,0.180328299571534,False,-106315,3653.3991022060536,True,8.3745173745174,18.035325233097655,False
QXNuU291dGg=,111,83,45.4557901366412,0.428571428571429,0.189901835195511,asnsouth,AsnSouth,Asn1Rc,asian_subgroup,demographic,False,,0,,0,0,False,357005,6872,1.2,0.303,0.006,True,,,,,0.428571428571429,0.189901835195511,False,-356894,6872.501218624847,True,12.557142857142896,18.999659736590814,False
QXNuU3JpTA==,0,0,,0,0,asnsril,AsnSriL,Asn1Rc,asian_subgroup,demographic,False,,0,,0,0,False,4576,837,11.1,0.004,0.001,True,,,,,0,0,-4576,837,True,-0.4,0.1,True
QXNuVGhhaQ==,0,0,,0,0,asnthai,AsnThai,Asn1Rc,asian_subgroup,demographic,False,,0,,0,0,False,7346,955,7.9,0.006,0.001,True,,,,,0,0,-7346,955,True,-0.6,0.1,True
QXNuVHdu,0,0,,0,0,asntwn,AsnTwn,Asn1Rc,asian_subgroup,demographic,False,,0,,0,0,False,10200,996,5.9,0.009,0.001,True,,,,,0,0,-10200,996,True,-0.8999999999999999,0.1,True
QXNuVnRu,4,7,106.382978723404,0.0154440154440154,0.0253757661685613,asnvtn,AsnVtn,Asn1Rc,asian_subgroup,demographic,False,,0,,0,0,False,14229,1262,5.4,0.012,0.001,True,,,,,0.0154440154440154,0.0253757661685613,False,-14225,1262.0194134798403,True,0.34440154440154,2.5395462363215606,False
QmxOSA==,14840,1376.32299988048,5.63794148682391,0.297180390900352,0.0255683976246412,blnh,BlNH,Pop_2,mutually_exclusive_race_hispanic_origin,demographic,True,10954,1078.68670150327,5.98627530270697,0.260952426328704,0.0235571947640468,True,1853055,3317,0.1,0.219,0.001,True,3886,1748.665205235127,False,0.354756253423407,0.18326126278997332,False,0.03622796457164795,0.03476613844307406,False,-1838215,3591.205090216932,True,7.8180390900351995,2.558794554261357,True
RmVt,26564,1188.45656210061,2.71971839782389,0.531960909964755,0.0150690235183345,fem,Fem,Pop_1,sex_and_age,demographic,True,23545,1134.37603994443,2.92881842360823,0.560902398932749,0.0155990019842058,True,4418616,268,0,0.523,0,True,3019,1642.9357869375199,False,0.1282225525589297,0.07417866493868941,False,-0.028941488967993978,0.021688806622296553,False,-4392052,1218.2992243287365,True,0.8960909964754933,1.50690235183345,False
RlBvcDB0NQ==,1739,373.268000235756,13.0483403358935,0.0348245754565844,0.00737700802302474,fpop0t5,FPop0t5,Pop,poppyramid_only,demographic,True,1727,318.868311376342,11.2241412142335,0.0411415775305524,0.00742181646887687,True,269674,178,0,0.032,0,True,12,490.9236193136363,False,0.006948465547191662,0.2850987977101532,False,-0.0063170020739680005,0.010464397119254568,False,-267935,413.5371809160578,True,0.2824575456584397,0.737700802302474,False
RlBvcDEwdDE0,1584,345.774492986397,13.2700290513953,0.0317206023710349,0.00683667022485964,fpop10t14,FPop10t14,Pop,poppyramid_only,demographic,True,1373,286.251637549901,12.6739368918992,0.0327083879267218,0.00669673596388733,True,227093,2312,0.6,0.027,0,True,211,448.8875137492686,False,0.15367807720320467,0.34824630125984657,False,-0.0009877855556869042,0.009570074834268765,False,-225509,2337.7134127176496,True,0.47206023710348965,0.683667022485964,False
RlBvcDE1dDE5,2225,370.028377290175,10.1097196759721,0.0445570330022429,0.00724762864510919,fpop15t19,FPop15t19,Pop,poppyramid_only,demographic,True,1927,307.548370179391,9.70210148156627,0.0459060914310217,0.00710050558929119,True,226700,355,0.1,0.027,0,True,298,481.1517432162122,False,0.15464452516865596,0.2661432801493306,False,-0.0013490584287787974,0.010146196361246055,False,-224475,512.7826050091794,True,1.7557033002242903,0.724762864510919,False
RlBvcDIwdDI0,2046,410.494823353474,12.1965261999386,0.0409724447292534,0.00809704752576905,fpop20t24,FPop20t24,Pop,poppyramid_only,demographic,True,2156,360.034720547894,10.151488474883,0.0513614598470591,0.00833552781831384,True,293909,3345,0.7,0.035,0,True,-110,546.0137360909521,False,-0.05102040816326531,0.24771796906103136,False,-0.010389015117805704,0.011620809035710318,False,-291863,3370.0936188776714,True,0.5972444729253392,0.809704752576905,False
RlBvcDI1dDI5,2256,406.636201044619,10.9572366575217,0.0451778276193528,0.00799145099681042,fpop25t29,FPop25t29,Pop,poppyramid_only,demographic,True,1854,323.805497173844,10.6171654542661,0.0441670438573505,0.00751562377276897,True,405287,203,0,0.048,0,True,402,519.8105424094438,False,0.2168284789644013,0.30540277956166645,False,0.0010107837620023027,0.0109703185791586,False,-403031,454.4909240017888,True,-0.2822172380647192,0.799145099681042,False
RlBvcDMwdDM0,2053,342.301037100386,10.1356910296708,0.0411126241589234,0.00670531960478863,fpop30t34,FPop30t34,Pop,poppyramid_only,demographic,True,2177,380.138132788596,10.6149292978289,0.0518617338066084,0.00882302196087914,True,366861,247,0,0.043,0,True,-124,511.5417871493981,False,-0.05695911805236564,0.22768179214782217,False,-0.010749109647684996,0.01108183322038905,False,-364808,422.1125442343544,True,-0.18873758410765973,0.670531960478863,False
RlBvcDM1dDM5,1777,311.014469116792,10.6396480909149,0.0355855495033643,0.00610513636263542,fpop35t39,FPop35t39,Pop,poppyramid_only,demographic,True,1452,296.141857899217,12.3984466619448,0.0345903709174072,0.00692236387929178,True,315142,3125,0.6,0.037,0,True,325,429.4531406335271,False,0.2238292011019284,0.3289123595483919,False,0.0009951785859571016,0.009229941044432342,False,-313365,3140.4386636264685,True,-0.1414450496635693,0.6105136362635419,False
RlBvcDQwdDQ0,1682,298.931430264534,10.8038783711869,0.0336831143864146,0.00587155471496463,fpop40t44,FPop40t44,Pop,poppyramid_only,demographic,True,1369,267.529437632572,11.8796111746009,0.0326130976487124,0.00624274884951165,True,280418,3132,0.7,0.033,0,True,313,401.1633083919817,False,0.22863403944485025,0.3245421648801025,False,0.001070016737702205,0.00857012648500023,False,-278736,3146.233303491653,True,0.06831143864146005,0.5871554714964631,False
RlBvcDQ1dDQ5,1814,306.140490624811,10.2592966768032,0.0363264979173342,0.00600020900836295,fpop45t49,FPop45t49,Pop,poppyramid_only,demographic,True,1630,290.723236085456,10.8424202765568,0.0388307882888248,0.00675518611851376,True,281658,193,0,0.033,0,True,184,422.1871622870593,False,0.11288343558282209,0.27326507773696784,False,-0.0025042903714906015,0.009035211543721647,False,-279844,361.89915722477167,True,0.3326497917334197,0.600020900836295,False
RlBvcDUwdDU0,1471,303.66099519036,12.549038046213,0.0294577058635053,0.00599483222519607,fpop50t54,FPop50t54,Pop,poppyramid_only,demographic,True,1465,261.644797387603,10.8569684694587,0.0349000643209377,0.00607994176484868,True,285202,202,0,0.034,0,True,6,400.8341302833376,False,0.004095563139931741,0.27408493340016743,False,-0.005442358457432402,0.008538366663021714,False,-283731,364.7108443685214,True,-0.45422941364947045,0.5994832225196071,False
RlBvcDU1dDU5,1362,247.541915642584,11.048561504072,0.0272749118872156,0.00486637211757151,fpop55t59,FPop55t59,Pop,poppyramid_only,demographic,True,813,219.729379009726,16.4297774395351,0.0193677490054077,0.00517876334173236,True,272993,2843,0.6,0.032,0,True,549,330.9954682469233,False,0.6752767527675276,0.5456323287609073,False,0.0079071628818079,0.007106417334800169,False,-271631,2853.756471740362,True,-0.47250881127844035,0.48663721175715097,False
RlBvcDV0OQ==,2304,385.01948002666,10.1586109007372,0.0461390579942326,0.00754289547969285,fpop5t9,FPop5t9,Pop,poppyramid_only,demographic,True,2282,388.128844586434,10.3393771417499,0.0543631036043548,0.00899546713189763,True,234049,2327,0.6,0.028,0,True,22,546.7028443313606,False,0.009640666082383873,0.24073867254599945,False,-0.008224045610122195,0.011739408040383526,False,-231745,2358.6371064663595,True,1.8139057994232597,0.7542895479692849,False
RlBvcDYwdDY0,1137,256.329865602899,13.7048044420687,0.0227691445049664,0.00507224986096545,fpop60t64,FPop60t64,Pop,poppyramid_only,demographic,True,875,201.896012838293,14.0266444004024,0.0208447483145532,0.004739252717748,True,256568,2933,0.7,0.03,0,True,262,326.29281328279427,False,0.29942857142857143,0.419184409469124,False,0.001924396190413201,0.006941774627193383,False,-255431,2944.1796820167074,True,-0.7230855495033599,0.507224986096545,False
RlBvcDY1dDY5,811,198.806438527529,14.9019701391227,0.0162407882089074,0.0039413008458881,fpop65t69,FPop65t69,Pop,poppyramid_only,demographic,True,651,161.00310556011,15.0344436718922,0.0155084927460276,0.00378666787455579,True,214644,2853,0.8,0.025,0,True,160,255.82415835882287,False,0.2457757296466974,0.4338052420764343,False,0.0007322954628798013,0.005465592918429904,False,-213833,2859.918355478002,True,-0.8759211791092598,0.39413008458881,False
RlBvcDcwdDc0,646,156.923548264752,14.7669124248122,0.0129365587952579,0.00311039824047903,fpop70t74,FPop70t74,Pop,poppyramid_only,demographic,True,600,168.433963320941,17.0652445107336,0.0142935417014079,0.00397292996045218,True,161099,2686,1,0.019,0,True,46,230.20642910223,False,0.07666666666666666,0.3996936994688081,False,-0.0013569829061500002,0.005045666426254673,False,-160453,2690.58004898572,True,-0.6063441204742099,0.311039824047903,False
RlBvcDc1dDc5,516,168.647561500307,19.8684717019283,0.0103332265299583,0.0033582641498997,fpop75t79,FPop75t79,Pop,poppyramid_only,demographic,True,522,158.028478446133,18.4034376138226,0.0124353812802249,0.00373271997660179,True,124380,1845,0.9,0.015,0,True,-6,231.11685356113637,False,-0.011494252873563218,0.44038061263714445,False,-0.002102154750266599,0.005021069261046259,False,-123864,1852.6918254259126,True,-0.4666773470041701,0.33582641498997,False
RlBvcDgwdDg0,504,167.839208768392,20.2440305843094,0.0100929189362384,0.00334286482726452,fpop80t84,FPop80t84,Pop,poppyramid_only,demographic,False,283,118.878088813709,25.5358004905557,0.00674178716916407,0.00281953355524287,False,91235,1728,1.2,0.011,0,True,221,205.67450012094343,False,0.7809187279151943,0.9546658343764923,False,0.0033511317670743305,0.004373158437845895,False,-90731,1736.1319074309993,True,-0.09070810637615989,0.334286482726452,False
RlBvcDg1cGw=,637,226.364749905987,21.6024726377908,0.012756328099968,0.00451152273293946,fpop85pl,FPop85pl,Pop,poppyramid_only,demographic,False,389,136.528385327008,21.3357272293556,0.0092669795364128,0.0032319585849311,False,111704,1844,1,0.013,0,True,248,264.35014658592496,False,0.6375321336760925,0.8178863286629388,False,0.0034893485635552005,0.0055497201429026465,False,-111067,1857.842027730022,True,0,0.45115227329394597
SHNwMQ==,33230,1751.28895388511,3.20377172984296,0.665451778276194,0.026437212608521,hsp1,Hsp1,Pop_2,mutually_exclusive_race_hispanic_origin,demographic,True,29310,1594.77177050511,3.30762921148961,0.698239512113777,0.0262440258827521,True,2457137,0,0,0.291,0,True,3920,2368.609296612678,False,0.1337427499147049,0.08588060628283775,False,-0.032787733837583044,0.03725151144641924,False,-2423907,1751.28895388511,True,37.4451778276194,2.6437212608521,True
SHNwMg==,33230,1751.28895388511,3.20377172984296,1,0,hsp2,Hsp2,Hsp2,hispanic_subgroup,demographic,True,29310,1594.77177050511,3.30762921148961,1,0,True,2457137,0,0,1,0,True,3920,2368.609296612678,False,0.1337427499147049,0.08588060628283775,False,0,0,-2423907,1751.28895388511,True,0,0
SHNwQWxsT3Ro,433,296.588941128964,41.6390828290591,0.0130303942220885,0.00889887861884198,hspalloth,HspAllOth,Hsp2,hispanic_subgroup,demographic,False,650,285.776136162556,26.7267838356377,0.0221767314909587,0.00967517038778895,False,73407,3230,2.7,0.03,0.001,True,-217,411.8652692325487,False,-0.33384615384615385,0.5421981755185648,False,-0.0091463372688702,0.013145301925236679,False,-72974,3243.5882907668783,True,-1.69696057779115,0.895488920494737,False
SHNwQXJn,0,0,,0,0,hsparg,HspArg,Hsp2,hispanic_subgroup,demographic,False,0,0,,0,0,False,18356,2145,7.1,0.007,0.001,True,0,0,0,,,,-18356,2145,True,-0.7000000000000001,0.1,True
SHNwQm9s,0,0,,0,0,hspbol,HspBol,Hsp2,hispanic_subgroup,demographic,False,77,142,112.106738246556,0.00262708973046742,0.00484265373048026,False,3802,607,9.7,0.002,0,True,-77,142,False,-1,0,True,-0.00262708973046742,0.00484265373048026,False,-3802,607,True,-0.2,0,True
SHNwQ0Ft,2559,694.769746031014,16.5045888705817,0.077008727053867,0.0205102171409733,hspcam,HspCAm,Hsp2,hispanic_subgroup,demographic,True,1909,671.423115479353,21.380824966981,0.0651313544865234,0.0226318698869704,False,179031,5054,1.7,0.073,0.002,True,650,966.1852824381048,False,0.34049240440020956,0.5956006328860214,False,0.0118773725673436,0.03054292948868252,False,-176472,5101.53124071587,True,0.40087270538669983,2.060749880916835,False
SHNwQ2hs,402,458.205194208883,69.2895997533431,0.0120975022569967,0.0137741539004231,hspchl,HspChl,Hsp2,hispanic_subgroup,demographic,False,0,0,,0,0,False,7524,974,7.9,0.003,0,True,402,458.205194208883,False,0,,0.0120975022569967,0.0137741539004231,False,-7122,1076.3958379704002,True,0.9097502256996699,1.37741539004231,False
SHNwQ29s,123,76.9025357189215,38.0075299473257,0.00370147457117063,0.00230601384269731,hspcol,HspCol,Hsp2,hispanic_subgroup,demographic,False,310,188.281703837627,36.9216009094278,0.0105765950187649,0.00639797521623413,False,102532,3800,2.3,0.042,0.002,True,-187,203.38141508013922,False,-0.603225806451613,0.3458522630886568,False,-0.006875120447594271,0.006800866614649766,False,-102409,3800.7780782360865,True,-3.829852542882937,0.3052490760462939,True
SHNwQ1I=,34,42.4264068711929,75.8562611678756,0.00102317183268131,0.00127561090530377,hspcr,HspCR,Hsp2,hispanic_subgroup,demographic,False,0,0,,0,0,False,7377,1032,8.5,0.003,0,True,34,42.4264068711929,False,0,,0.00102317183268131,0.00127561090530377,False,-7343,1032.8717248526073,True,-0.197682816731869,0.127561090530377,False
SHNwQ3Vi,56,47.169905660283,51.2048476555395,0.00168522419500451,0.00141671641827388,hspcub,HspCub,Hsp2,hispanic_subgroup,demographic,False,66,63.5295206970744,58.5148021525968,0.0022517911975435,0.00216403765845798,False,39929,2284,3.5,0.016,0.001,True,-10,79.1264810287934,False,-0.15151515151515152,1.0852783459138857,False,-0.0005665670025389901,0.0025865313446836614,False,-39873,2284.4870321365365,True,-1.431477580499549,0.17340949829253216,True
SHNwRG9t,11542,1429.24105734477,7.52763427948237,0.347336743906109,0.0389207216327923,hspdom,HspDom,Hsp2,hispanic_subgroup,demographic,True,7118,1084.88709089932,9.26532495552032,0.242852268850222,0.0345752949691735,True,701188,8731,0.8,0.285,0.004,True,4424,1794.3550373323517,False,0.6215228996909244,0.31843000331322563,False,0.10448447505588704,0.05206028807663919,False,-689646,8847.208090691662,True,6.233674390610904,3.912572775575308,False
SHNwRWM=,1308,562.227711874824,26.1299513805538,0.039362022269034,0.0167916256943193,hspec,HspEc,Hsp2,hispanic_subgroup,demographic,False,2028,674.762921328669,20.2263424917019,0.0691914022517912,0.0227116827584146,False,196728,6097,1.9,0.08,0.002,True,-720,878.2966469251716,False,-0.35502958579881655,0.350584741120206,False,-0.029829379982757198,0.02824498587673556,False,-195420,6122.8677104768485,True,-4.0637977730966,1.6910313227676304,False
SHNwR3VhdG0=,451,306.791460115825,41.3524097231853,0.0135720734276256,0.00920461447757014,hspguatm,HspGuatm,Hsp2,hispanic_subgroup,demographic,False,564,329.68469785539,35.5347924998804,0.0192425793244626,0.0111993644357839,False,37583,2564,4.1,0.015,0.001,True,-113,450.34764349333466,False,-0.20035460992907803,0.7172029088578155,False,-0.005670505896836998,0.014496575162644281,False,-37132,2582.2891007786097,True,-0.14279265723744006,0.9258775711760914,False
SHNwSG5k,1139,487.135504762279,25.9992103542156,0.034276256394824,0.0145477846199643,hsphnd,HspHnd,Hsp2,hispanic_subgroup,demographic,False,635,299.282475263755,28.6511236879836,0.0216649607642443,0.0101426623879339,False,50108,3416,4.1,0.02,0.001,True,504,571.7263331350065,False,0.7937007874015748,1.1415749665649357,False,0.012611295630579698,0.017734475962499677,False,-48969,3450.5589402298287,True,1.4276256394823998,1.4582113610477385,False
SHNwTWU=,4604,1208.3923203993,15.9553648393402,0.138549503460728,0.0356238674116728,hspme,HspMe,Hsp2,hispanic_subgroup,demographic,True,3999,1172.92796027719,17.8301104193554,0.136438075742068,0.0393234100166976,True,339425,7811,1.4,0.138,0.003,True,605,1684.0344414530286,False,0.15128782195548887,0.453140041237583,False,0.0021114277186599917,0.05306025353035694,False,-334821,7903.91883814605,True,0.054950346072798695,3.574996404703707,False
SHNwTmlj,182,195,65.1324359531046,0.00547697863376467,0.00586108800272004,hspnic,HspNic,Hsp2,hispanic_subgroup,demographic,False,264,328,75.5273095698628,0.009007164790174,0.011179983408308,False,12560,1653,8,0.005,0.001,True,-82,381.5874735889531,False,-0.3106060606060606,1.1310215504732706,False,-0.003530186156409331,0.012623168444795108,False,-12378,1664.4620752663607,True,0.047697863376466976,0.5945784437366426,False
SHNwT0NBbQ==,182,207.889393668845,69.4376544536708,0.00547697863376467,0.00624941315784953,hspocam,HspOCAm,Hsp2,hispanic_subgroup,demographic,False,49,101,125.302400595497,0.00167178437393381,0.00344472210590129,False,1606,513,19.4,0.001,0,True,133,231.12550703027136,False,2.7142857142857144,8.752941155368786,False,0.0038051942598308595,0.0071359144616781845,False,-1424,553.5223572720437,False,0.447697863376467,0.624941315784953,False
SHNwT1NBbQ==,0,0,,0,0,hsposam,HspOSAm,Hsp2,hispanic_subgroup,demographic,False,0,0,,0,0,False,2811,708,15.3,0.001,0,True,0,0,0,,,,-2811,708,True,-0.1,0,True
SHNwT3Ro,582,332.006024041733,34.678242308958,0.0175142943123683,0.0099484241448105,hspoth,HspOth,Hsp2,hispanic_subgroup,demographic,False,912,322.187833413988,21.4757527738221,0.0311156601842375,0.0108612608722523,False,108479,3640,2,0.044,0.001,True,-330,462.6370067342208,False,-0.3618421052631579,0.428196487792277,False,-0.013601365871869199,0.014728819732081974,False,-107897,3655.1098478705126,True,-2.6485705687631693,0.9998557044146347,False
SHNwUGFu,83,95,69.5792287691801,0.00249774300331026,0.00285583027571033,hsppan,HspPan,Hsp2,hispanic_subgroup,demographic,False,72,101.607086367044,85.7878135486696,0.00245649948822927,0.00346405785617377,False,22824,1473,3.9,0.009,0.001,True,11,139.1006829602211,False,0.1527777777777778,2.0946235071823254,False,4.124351508098985e-05,0.004489483644538975,False,-22741,1476.060296871371,True,-0.6502256996689739,0.3025849725889199,False
SHNwUGVydQ==,187,186.724395835145,60.7006796921949,0.00562744507974722,0.00561131912056115,hspperu,HspPeru,Hsp2,hispanic_subgroup,demographic,False,69,116,102.198141051055,0.00235414534288639,0.0039556202652794,False,40211,2081,3.1,0.016,0.001,True,118,219.8226557932551,False,1.710144927536232,5.299252713862641,False,0.00327329973686083,0.006865408506117041,False,-40024,2089.3604284565167,True,-1.0372554920252781,0.5699728263064403,False
SHNwUFI=,11853,1180.69513423237,6.05541046119099,0.356695756846223,0.0301507009124882,hsppr,HspPR,Hsp2,hispanic_subgroup,demographic,True,12822,1271.62887667747,6.02890869405912,0.437461617195496,0.0362731575647384,True,696879,8571,0.7,0.284,0.003,True,-969,1735.2466683443017,False,-0.07557323350491343,0.12994113247777356,False,-0.08076586034927297,0.04716785690733315,False,-685026,8651.940938309739,True,7.269575684622303,3.029958358648377,False
SHNwUHJn,0,0,,0,0,hspprg,HspPrg,Hsp2,hispanic_subgroup,demographic,False,0,0,,0,0,False,3666,808,13.4,0.001,0,True,0,0,0,,,,-3666,808,True,-0.1,0,True
SHNwU2Fsdg==,488,278,34.6305246898201,0.0146855251278965,0.00833005693694689,hspsalv,HspSalv,Hsp2,hispanic_subgroup,demographic,False,325,247,46.2006079027356,0.0110883657454794,0.00840553342217273,False,46973,2844,3.7,0.019,0.001,True,163,371.87766805765574,False,0.5015384615384615,1.4261662082278923,False,0.0035971593824171005,0.011833969777046071,False,-46485,2857.5548988602127,True,-0.43144748721035,0.8389865825671886,False
SHNwU0Ft,2034,690.165922079611,20.6270281231111,0.0612097502256997,0.0205173129585058,hspsam,HspSAm,Hsp2,hispanic_subgroup,demographic,False,2484,725.459854161483,17.7539867103623,0.0847492323439099,0.0243179353038153,True,392206,7423,1.2,0.16,0.003,True,-450,1001.309642418368,False,-0.18115942028985507,0.3665895490545614,False,-0.023539482118210192,0.031817009735011496,False,-390172,7455.0156270795305,True,-9.87902497743003,2.073548000498831,True
SHNwU3BBbQ==,0,0,,0,0,hspspam,HspSpAm,Hsp2,hispanic_subgroup,demographic,False,0,0,,0,0,False,601,224,22.7,0,0,False,0,0,0,,,,-601,224,False,0,0
SHNwU3BucmQ=,136,142,63.4721973895941,0.00409268733072525,0.00426780002104054,hspspnrd,HspSpnrd,Hsp2,hispanic_subgroup,demographic,False,116,93.3380951166243,48.9142097875612,0.00395769361992494,0.00317722454981746,False,24966,1807,4.4,0.01,0.001,True,20,169.9293971036207,False,0.1724137931034483,1.5454642733080288,False,0.00013499371080031002,0.005320608316683008,False,-24830,1812.570826202386,True,-0.5907312669274749,0.4383391041145387,False
SHNwU3Buc2g=,13,21,98.1996726677578,0.000391212759554619,0.000631622656370743,hspspnsh,HspSpnsh,Hsp2,hispanic_subgroup,demographic,False,146,138,57.4592996627389,0.0049812350733538,0.00470048328485646,False,9505,1192,7.6,0.004,0,True,-133,139.5886814895821,False,-0.910958904109589,0.1666491793375589,True,-0.004590022313799181,0.0047427302570624665,False,-9492,1192.1849688701834,True,-0.36087872404453814,0.0631622656370743,True
SHNwVXJn,0,0,,0,0,hspurg,HspUrg,Hsp2,hispanic_subgroup,demographic,False,0,0,,0,0,False,3021,707,14.2,0.001,0,True,0,0,0,,,,-3021,707,True,-0.1,0,True
SHNwVm56,14,20,86.8432479374729,0.000421306048751128,0.000601456081523832,hspvnz,HspVnz,Hsp2,hispanic_subgroup,demographic,False,0,0,,0,0,False,13555,1267,5.7,0.006,0.001,True,14,20,False,0,,0.000421306048751128,0.000601456081523832,False,-13541,1267.1578433644327,True,-0.5578693951248872,0.11669401946980841,True
TWFsZQ==,23372,1197.81008511366,3.11548873620024,0.468039090035245,0.0176827535887189,male,Male,Pop_1,sex_and_age,demographic,True,18432,1039.93124772746,3.42978000374485,0.439097601067251,0.017757181534691,True,4025097,268,0,0.477,0,True,4940,1586.2553388404988,True,0.2680121527777778,0.09665001174031392,False,0.028941488967994033,0.025059873713475136,False,-4001725,1227.4253541458208,True,-0.8960909964754933,1.7682753588718898,False
TWRBZ2U=,29.026698545526997,0.7341431152604511,1.5375072964673664,,,mdage,MdAge,median,sex_and_age,demographic,True,,29.470754403456297,1.1105079652975463,2.290680519155426,,,True,,36.5,0.1,0.2,,,True,-0.4440558579292997,1.3312377904317532,False,,,,,-7.4733014544730025,0.7409224748138769,True,,
TWRQb3AwdDQ=,4570,544,7.23630389815966,0,0,mdpop0t4,MdPop0t4,MdAge,demographic__special_variable,demographic,True,3637,0,,0,0,False,551869,0,,0,0,False,933,544,False,0.25653010723123454,0.14957382458069837,False,0,0,-547299,544,True,0,0
TWRQb3AxMHQxNA==,3630,499,8.35656928500256,0,0,mdpop10t14,MdPop10t14,MdAge,demographic__special_variable,demographic,True,3195,0,,0,0,False,464704,0,,0,0,False,435,499,False,0.13615023474178403,0.1561815336463224,False,0,0,-461074,499,True,0,0
TWRQb3AxNXQxNw==,2514,347,8.39070203819099,0,0,mdpop15t17,MdPop15t17,MdAge,demographic__special_variable,demographic,True,2079,0,,0,0,False,273431,0,,0,0,False,435,347,False,0.20923520923520925,0.1669071669071669,False,0,0,-270917,347,True,0,0
TWRQb3AxOHQxOQ==,1517,278,11.140208337925,0,0,mdpop18t19,MdPop18t19,MdAge,demographic__special_variable,demographic,True,1409,0,,0,0,False,182243,0,,0,0,False,108,278,False,0.0766501064584812,0.1973030518097942,False,0,0,-180726,278,True,0,0
TWRQb3AyMA==,726,251,21.0170229512589,0,0,mdpop20,MdPop20,MdAge,demographic__special_variable,demographic,False,954,0,,0,0,False,105547,0,,0,0,False,-228,251,False,-0.2389937106918239,0.26310272536687634,False,0,0,-104821,251,True,0,0
TWRQb3AyMQ==,1321,310,14.2656962925296,0,0,mdpop21,MdPop21,MdAge,demographic__special_variable,demographic,True,703,0,,0,0,False,105415,0,,0,0,False,618,310,False,0.8790896159317212,0.4409672830725462,False,0,0,-104094,310,True,0,0
TWRQb3AyMnQyNA==,2003,350,10.6223643258516,0,0,mdpop22t24,MdPop22t24,MdAge,demographic__special_variable,demographic,True,2059,0,,0,0,False,360439,0,,0,0,False,-56,350,False,-0.027197668771248178,0.1699854298203011,False,0,0,-358436,350,True,0,0
TWRQb3AyNXQyOQ==,5019,535,6.4799355155576,0,0,mdpop25t29,MdPop25t29,MdAge,demographic__special_variable,demographic,True,3009,0,,0,0,False,785805,0,,0,0,False,2010,535,True,0.6679960119641076,0.17779993353273513,True,0,0,-780786,535,True,0,0
TWRQb3AzMHQzNA==,3525,453,7.81219685701352,0,0,mdpop30t34,MdPop30t34,MdAge,demographic__special_variable,demographic,True,3332,0,,0,0,False,718474,0,,0,0,False,193,453,False,0.05792316926770708,0.13595438175270108,False,0,0,-714949,453,True,0,0
TWRQb3AzNXQzOQ==,3127,391,7.60121425023547,0,0,mdpop35t39,MdPop35t39,MdAge,demographic__special_variable,demographic,True,2456,0,,0,0,False,610524,0,,0,0,False,671,391,False,0.2732084690553746,0.15920195439739412,False,0,0,-607397,391,True,0,0
TWRQb3A0MHQ0NA==,2512,343,8.30058273478791,0,0,mdpop40t44,MdPop40t44,MdAge,demographic__special_variable,demographic,True,2510,0,,0,0,False,545892,0,,0,0,False,2,343,False,0.0007968127490039841,0.13665338645418326,False,0,0,-543380,343,True,0,0
TWRQb3A0NXQ0OQ==,2856,391,8.32247792734115,0,0,mdpop45t49,MdPop45t49,MdAge,demographic__special_variable,demographic,True,2904,0,,0,0,False,542513,0,,0,0,False,-48,391,False,-0.01652892561983471,0.13464187327823693,False,0,0,-539657,391,True,0,0
TWRQb3A1MHQ1NA==,2925,408,8.47946379861274,0,0,mdpop50t54,MdPop50t54,MdAge,demographic__special_variable,demographic,True,2362,0,,0,0,False,544447,0,,0,0,False,563,408,False,0.23835732430143947,0.17273497036409824,False,0,0,-541522,408,True,0,0
TWRQb3A1NXQ1OQ==,2462,366,9.03705935076383,0,0,mdpop55t59,MdPop55t59,MdAge,demographic__special_variable,demographic,True,1646,0,,0,0,False,515825,0,,0,0,False,816,366,False,0.4957472660996355,0.2223572296476306,False,0,0,-513363,366,True,0,0
TWRQb3A1dDk=,4645,492,6.43892671467506,0,0,mdpop5t9,MdPop5t9,MdAge,demographic__special_variable,demographic,True,4262,0,,0,0,False,476567,0,,0,0,False,383,492,False,0.08986391365556078,0.11543876114500236,False,0,0,-471922,492,True,0,0
TWRQb3A2MHQ2MQ==,987,212,13.0572826686129,0,0,mdpop60t61,MdPop60t61,MdAge,demographic__special_variable,demographic,True,698,0,,0,0,False,203884,0,,0,0,False,289,212,False,0.4140401146131805,0.3037249283667622,False,0,0,-202897,212,True,0,0
TWRQb3A2MnQ2NA==,932,206,13.4364767731584,0,0,mdpop62t64,MdPop62t64,MdAge,demographic__special_variable,demographic,True,1009,0,,0,0,False,266773,0,,0,0,False,-77,206,False,-0.07631318136769079,0.2041625371655104,False,0,0,-265841,206,True,0,0
TWRQb3A2NXQ2Ng==,563,162,17.4920502950434,0,0,mdpop65t66,MdPop65t66,MdAge,demographic__special_variable,demographic,True,543,0,,0,0,False,168701,0,,0,0,False,20,162,False,0.03683241252302026,0.29834254143646405,False,0,0,-168138,162,True,0,0
TWRQb3A2N3Q2OQ==,658,165,15.2437616060458,0,0,mdpop67t69,MdPop67t69,MdAge,demographic__special_variable,demographic,True,618,0,,0,0,False,215921,0,,0,0,False,40,165,False,0.06472491909385113,0.2669902912621359,False,0,0,-215263,165,True,0,0
TWRQb3A3MHQ3NA==,1261,231,11.1360453540756,0,0,mdpop70t74,MdPop70t74,MdAge,demographic__special_variable,demographic,True,1011,0,,0,0,False,280196,0,,0,0,False,250,231,False,0.24727992087042533,0.22848664688427298,False,0,0,-278935,231,True,0,0
TWRQb3A3NXQ3OQ==,878,202,13.9859171507502,0,0,mdpop75t79,MdPop75t79,MdAge,demographic__special_variable,demographic,True,749,0,,0,0,False,211102,0,,0,0,False,129,202,False,0.17222963951935916,0.2696929238985314,False,0,0,-210224,202,True,0,0
TWRQb3A4MHQ4NA==,630,171,16.5002171081198,0,0,mdpop80t84,MdPop80t84,MdAge,demographic__special_variable,demographic,True,401,0,,0,0,False,148988,0,,0,0,False,229,171,False,0.571072319201995,0.4264339152119701,False,0,0,-148358,171,True,0,0
TWRQb3A4NXBs,675,209,18.8224698862997,0,0,mdpop85pl,MdPop85pl,MdAge,demographic__special_variable,demographic,True,431,0,,0,0,False,164453,0,,0,0,False,244,209,False,0.5661252900232019,0.48491879350348027,False,0,0,-163778,209,True,0,0
TWRQb3BfMw==,49936,1729.23856075441,2.10511224672068,0,0,mdpop_3,MdPop_3,MdAge,demographic__special_variable,demographic,True,41977,0,,0,0,False,8443713,0,,0,0,False,7959,1729.23856075441,True,0.18960383066917597,0.04119490579970961,True,0,0,-8393777,1729.23856075441,True,0,0
TVBvcDB0NQ==,2831,512.509512106849,11.005154871475,0.0566925664851009,0.0100738118180265,mpop0t5,MPop0t5,Pop,poppyramid_only,demographic,True,1910,356.618844145959,11.3502393146282,0.0455011077494819,0.0083048390714475,True,282195,189,0,0.033,0,True,921,624.3740865859186,False,0.48219895287958114,0.3854707902086712,False,0.011191458735618998,0.013055728112504921,False,-279364,546.2481121248845,True,2.3692566485100897,1.00738118180265,False
TVBvcDEwdDE0,2046,414.342853202514,12.3108579629766,0.0409724447292534,0.00817526972408666,mpop10t14,MPop10t14,Pop,poppyramid_only,demographic,True,1822,381.62023007173,12.7326005382285,0.0434047216332754,0.00892935902573133,True,237611,2370,0.6,0.028,0,True,224,563.3063109889682,False,0.12294182217343579,0.32716289322704084,False,-0.002432276904022,0.012106547305981897,False,-235565,2405.9467990793146,True,1.2972444729253394,0.8175269724086659,False
TVBvcDE1dDE5,1806,323.797776397553,10.8990893710446,0.0361662928548542,0.00636215740668432,mpop15t19,MPop15t19,Pop,poppyramid_only,demographic,True,1561,289.171229550936,11.2612416072986,0.0371870309931629,0.00673165512523825,True,228974,203,0.1,0.027,0,True,245,434.1255578746774,False,0.15695067264573992,0.298263408327057,False,-0.001020738138308705,0.009262409383771295,False,-227168,382.17011918777706,True,0.9166292854854197,0.636215740668432,False
TVBvcDIwdDI0,2004,392.230799402597,11.8981125712889,0.0401313681512336,0.00773075274434613,mpop20t24,MPop20t24,Pop,poppyramid_only,demographic,True,1560,355.647297192035,13.8589080037423,0.0371632084236606,0.00834532473080182,True,277492,3174,0.7,0.033,0,True,444,529.4619910815128,False,0.2846153846153846,0.38598856752445,False,0.002968159727573,0.011375806910138184,False,-275488,3198.1433676431707,True,0.7131368151233599,0.773075274434613,False
TVBvcDI1dDI5,2763,444.461471896046,9.77883983415336,0.0553308234540211,0.00869193902100526,mpop25t29,MPop25t29,Pop,poppyramid_only,demographic,True,1155,262.545234197843,13.8183520413607,0.0275150677752102,0.00616011305681188,True,380518,179,0,0.045,0,True,1608,516.2131342769186,True,1.3922077922077922,0.666165451823552,False,0.0278157556788109,0.010653487542470684,False,-377755,479.1523765985093,True,1.0330823454021099,0.8691939021005259,False
TVBvcDMwdDM0,1472,353.939260325836,14.6168916151478,0.0294777314963153,0.00701396604974954,mpop30t34,MPop30t34,Pop,poppyramid_only,demographic,True,1155,288.922134839129,15.2066282366415,0.0275150677752102,0.00679720997254631,True,351613,226,0,0.042,0,True,317,456.8905777098054,False,0.27445887445887446,0.4422018153903742,False,0.0019626637211051026,0.009767178874061956,False,-350141,419.9392813252886,True,-1.2522268503684701,0.701396604974954,False
TVBvcDM1dDM5,1350,293.470611816584,13.2149324244775,0.0270346042934957,0.00580188945830595,mpop35t39,MPop35t39,Pop,poppyramid_only,demographic,True,1004,249.176644170356,15.0871676921709,0.0239178597803559,0.00586097170450024,True,295382,3094,0.6,0.035,0,True,346,384.9857140206638,False,0.34462151394422313,0.44362682587996516,False,0.003116744513139799,0.008246994034637963,False,-294032,3107.886902704151,True,-0.7965395706504306,0.580188945830595,False
TVBvcDQwdDQ0,830,214.897650056952,15.7393818476546,0.0166212752322973,0.00426479639066958,mpop40t44,MPop40t44,Pop,poppyramid_only,demographic,True,1141,254.96078129783,13.5838173893124,0.0271815518021774,0.00597894074274791,True,265474,3036,0.7,0.031,0,True,-311,333.4456477448763,False,-0.27256792287467135,0.2487854428516877,False,-0.010560276569880098,0.007344128311730346,False,-264644,3043.596063869186,True,-1.43787247677027,0.426479639066958,True
TVBvcDQ1dDQ5,1042,283.381368477181,16.5324672845172,0.0208667093880167,0.00562869847475226,mpop45t49,MPop45t49,Pop,poppyramid_only,demographic,True,1274,320.028123764147,15.2704844500077,0.0303499535459895,0.00752980926495327,True,260855,252,0.1,0.031,0,True,-232,427.4611093421248,False,-0.18210361067503925,0.3028016783987112,False,-0.0094832441579728,0.009401078346990548,False,-259813,379.2215711164119,True,-1.01332906119833,0.562869847475226,False
TVBvcDUwdDU0,1454,332.737133485278,13.9114039662216,0.0291172701057353,0.0065865401161392,mpop50t54,MPop50t54,Pop,poppyramid_only,demographic,True,897,240.30189345904,16.2854156515667,0.0213688448436048,0.00566254157108855,True,259245,174,0,0.031,0,True,557,410.4375713796186,False,0.620958751393534,0.5711130464665347,False,0.007748425262130501,0.00868601679400961,False,-257791,375.48635128323866,True,-0.18827298942647008,0.65865401161392,False
TVBvcDU1dDU5,1100,300.433020821613,16.6030959282461,0.0220281960909965,0.00596780654407406,mpop55t59,MPop55t59,Pop,poppyramid_only,demographic,True,833,206.322562992999,15.0569088177276,0.0198442003954547,0.004852734103876,True,242832,2266,0.6,0.029,0,True,267,364.45713053800966,False,0.3205282112845138,0.4868855210851951,False,0.002183995695541799,0.007691797139187589,False,-241732,2285.829389958927,True,-0.6971803909003507,0.596780654407406,False
TVBvcDV0OQ==,2341,397.270688573924,10.3161870287403,0.0468800064082025,0.007788199742077,mpop5t9,MPop5t9,Pop,poppyramid_only,demographic,True,1980,355.050700604857,10.9008228364145,0.0471686876146461,0.00825214020558197,True,242518,2329,0.6,0.029,0,True,361,532.8085960267529,False,0.18232323232323233,0.29190136065340155,False,-0.0002886812064435973,0.011346976389993532,False,-240177,2362.6394138759306,True,1.7880006408202496,0.7788199742077,False
TVBvcDYwdDY0,782,201.357890334598,15.6529427572197,0.0156600448574175,0.00399568717644012,mpop60t64,MPop60t64,Pop,poppyramid_only,demographic,True,832,228.177562437677,16.6718466826687,0.0198203778259523,0.00537955495582033,True,214089,2789,0.8,0.025,0,True,-50,304.3189116699782,False,-0.06009615384615385,0.35357836075045906,False,-0.0041603329685348,0.006701128825403903,False,-213307,2796.2592869760842,True,-0.9339955142582501,0.399568717644012,False
TVBvcDY1dDY5,410,144.124945793572,21.3692558074834,0.00821050945209869,0.00287215461625764,mpop65t69,MPop65t69,Pop,poppyramid_only,demographic,False,510,163.624570282094,19.5034948783711,0.0121495104461967,0.0038685401850806,True,169978,2612,0.9,0.02,0,True,-100,218.04815981796312,False,-0.19607843137254902,0.3826048400241123,False,-0.00393900099409801,0.004818181742449481,False,-169568,2615.97324145336,True,-1.178949054790131,0.287215461625764,True
TVBvcDcwdDc0,615,192.836718495208,19.0611331203408,0.012315764178148,0.00383805462183296,mpop70t74,MPop70t74,Pop,poppyramid_only,demographic,True,411,128.444540561287,18.9980018431266,0.00979107606546442,0.00303553615834645,True,119097,2119,1.1,0.014,0,True,204,231.69807940507448,False,0.49635036496350365,0.662435668750483,False,0.00252468811268358,0.004893377468456942,False,-118482,2127.756330034057,True,-0.16842358218520026,0.38380546218329603,False
TVBvcDc1dDc5,362,156.668439706279,26.309163832521,0.00724927907721884,0.0031273252716101,mpop75t79,MPop75t79,Pop,poppyramid_only,demographic,False,227,99.4635611668917,26.6361986441069,0.00540772327703266,0.00235990702661131,False,86722,1618,1.1,0.01,0,True,135,185.57478276964244,False,0.5947136563876652,0.9821319251955561,False,0.0018415558001861794,0.00391782140081712,False,-86360,1625.567285596016,True,-0.275072092278116,0.31273252716101,False
TVBvcDgwdDg0,126,75,36.1846866406137,0.0025232297340596,0.00149937864096866,mpop80t84,MPop80t84,Pop,poppyramid_only,demographic,False,118,73.9256383131049,38.0844048802766,0.00281106320127689,0.00175762273521957,False,57753,1509,1.6,0.007,0,True,8,105.30906893520616,False,0.06779661016949153,0.9227617456756548,False,-0.00028783346721728996,0.00231027573859783,False,-57627,1510.8626674850366,True,-0.4476770265940401,0.14993786409686602,False
TVBvcDg1cGw=,38,42,67.1892497200448,0.000760974046779878,0.000840663660704377,mpop85pl,MPop85pl,Pop,poppyramid_only,demographic,False,42,39,56.4481111593574,0.00100054791909855,0.000928245950956365,False,52749,1354,1.6,0.006,0,True,-4,57.3149195236284,False,-0.09523809523809523,1.3060737306673684,False,-0.00023957387231867192,0.0012523401837742692,False,-52711,1354.6512466313977,True,-0.5239025953220122,0.0840663660704377,True
TkhQSU5I,306,221.54232101339,44.0118245055109,0.00612784363985902,0.00443144739893501,nhpinh,NHPINH,Pop_2,mutually_exclusive_race_hispanic_origin,demographic,False,0,0,,0,0,False,2794,488,10.6,0,0.001,True,306,221.54232101339,False,0,,0.00612784363985902,0.00443144739893501,False,-2488,535.9337645642416,True,0.612784363985902,0.45428764070275857,False
TkhzcA==,16706,1394.00789093893,5.07255602955358,0.334548221723806,0.0253984708229,nhsp,NHsp,Pop_2,mutually_exclusive_race_hispanic_origin,demographic,True,12667,1164.98583682378,5.59089032206933,0.301760487886223,0.0250855583905713,True,5986576,0,0,0.709,0,True,4039,1816.714066659915,False,0.31886002999921054,0.16377954752668783,False,0.03278773383758299,0.03569828511159135,False,-5969870,1394.00789093893,True,-37.44517782761939,2.53984708229,True
T3RoTkg=,130,110,51.4379237783493,0.00260333226529958,0.00220097410695274,othnh,OthNH,Pop_2,mutually_exclusive_race_hispanic_origin,demographic,False,428,316,44.882538420021,0.0101960597470043,0.00751723695024091,False,71758,3677,3.1,0.008,0.001,True,-298,334.5982665824795,False,-0.6962616822429907,0.34109278112031516,False,-0.007592727481704721,0.007832824419425196,False,-71628,3678.644995103496,True,-0.539666773470042,0.24174960226392128,False
UG9w,49936,1729.23856075441,2.10511224672068,1,0,pop,Pop,Pop,poppyramid_only,demographic,True,41977,1651.46056568118,2.39161301558203,1,0,True,8443713,0,0,1,0,True,7959,2391.147841518794,True,0.18960383066917597,0.06234897379394374,True,0,0,-8393777,1729.23856075441,True,0,0
UG9wMTB0MTQ=,3630,562.425106125251,9.41872618629374,0.0726930471002884,0.0109780036848617,pop10t14,Pop10t14,Pop_1,sex_and_age,demographic,True,3195,469.437961822433,8.93185042781384,0.0761131095599971,0.0107748632115867,True,464704,3300,0.4,0.055,0,True,435,732.594021269625,False,0.13615023474178403,0.24259910120703115,False,-0.003420062459708703,0.01538227038291947,False,-461074,3347.5845022941544,True,1.7693047100288402,1.0978003684861701,False
UG9wMTV0MTk=,4031,550.236312869298,8.29794492182995,0.0807233258570971,0.0106583533641311,pop15t19,Pop15t19,Pop_1,sex_and_age,demographic,True,3488,461.692538384583,8.04656413625846,0.0830931224241847,0.0105016548494463,True,455674,405,0.1,0.054,0,True,543,718.2757130795943,False,0.15567660550458715,0.21974068110191342,False,-0.0023697965670876064,0.014962795561377685,False,-451643,683.2166567056163,True,2.672332585709709,1.06583533641311,False
UG9wMjB0MjQ=,4050,496.86718547314,7.45794867309303,0.081103812880487,0.00954547669173418,pop20t24,Pop20t24,Pop_1,sex_and_age,demographic,True,3716,538.711425533188,8.81281348924373,0.0885246682707197,0.0123518821936093,True,571401,453,0,0.068,0,True,334,732.8621971421362,False,0.0898815931108719,0.2069848673510109,False,-0.007420855390232697,0.015610417002669819,False,-567351,672.3734081594837,True,1.3103812880486991,0.9545476691734179,False
UG9wMjV0Mjk=,5019,601.997508300491,7.29141127909072,0.100508651073374,0.011542017441389,pop25t29,Pop25t29,Pop_1,sex_and_age,demographic,True,3009,416.707331348994,8.41866157048598,0.0716821116325607,0.00951803725823485,True,785805,271,0,0.093,0,True,2010,732.1516236408958,False,0.6679960119641076,0.305590067910029,False,0.0288265394408133,0.01496032084771161,False,-780786,660.1833078774407,True,0.7508651073374004,1.1542017441389,False
UG9wMzB0MzQ=,3525,493.187591084772,8.50525066002322,0.0705903556552387,0.00956909959356266,pop30t34,Pop30t34,Pop_1,sex_and_age,demographic,True,3332,477.177115964293,8.70580054449061,0.0793768015818186,0.0109302254823638,True,718474,335,0,0.085,0,True,193,686.2448542612183,False,0.05792316926770708,0.2118077815905051,False,-0.0087864459265799,0.01452712965891184,False,-714949,596.2038242077958,True,-1.4409644344761299,0.956909959356266,False
UG9wMzV0Mzk=,3127,427.562860875451,8.31201255999469,0.06262015379686,0.00828307037269975,pop35t39,Pop35t39,Pop_1,sex_and_age,demographic,True,2456,387.361588183444,9.58787333503569,0.0585082306977631,0.00893625182086915,True,610524,4398,0.4,0.072,0.001,True,671,576.9393382323659,False,0.2732084690553746,0.26576703317240297,False,0.004111923099096908,0.012184656392573554,False,-607397,4418.73443420172,True,-0.9379846203139985,0.8343216094474383,False
UG9wNDB0NDQ=,2512,368.245841795939,8.9115308354776,0.050304389618712,0.00716565266068529,pop40t44,Pop40t44,Pop_1,sex_and_age,demographic,True,2510,369.167983443852,8.94096521982227,0.0597946494508898,0.0084740644446204,True,545892,4362,0.5,0.065,0.001,True,2,521.4307240660065,False,0.0007968127490039841,0.20782431327478715,False,-0.0094902598321778,0.011097582901928051,False,-543380,4377.516304938224,True,-1.4695610381287993,0.7235093506899976,False
UG9wNDV0NDk=,2856,416.673733273409,8.8689461587488,0.0571932073053509,0.00810569867614148,pop45t49,Pop45t49,Pop_1,sex_and_age,demographic,True,2904,432.862564793954,9.06123750897942,0.0691807418348143,0.0099462324552336,True,542513,317,0,0.064,0,True,-48,600.8219370162844,False,-0.01652892561983471,0.20512670660643056,False,-0.011987534529463405,0.012830818020763288,False,-539657,523.5513346368243,True,-0.6806792694649104,0.810569867614148,False
UG9wNTB0NTQ=,2925,450.494173103271,9.36262017724305,0.0585749759692406,0.00879043883558625,pop50t54,Pop50t54,Pop_1,sex_and_age,demographic,True,2362,355.613554297358,9.15234769095682,0.0562689091645425,0.00817727803394229,True,544447,267,0,0.064,0,True,563,573.939021151202,False,0.23835732430143947,0.26671525111709565,False,0.0023060668046981023,0.012005819046053377,False,-541522,523.673562441336,True,-0.5425024030759404,0.8790438835586251,False
UG9wNTV0NTk=,2462,394.707486627756,9.74588793127281,0.0493031079782121,0.0077176739495637,pop55t59,Pop55t59,Pop_1,sex_and_age,demographic,True,1646,309.195730889028,11.4192545948741,0.0392119494008624,0.0072024785074404,True,515825,3495,0.4,0.061,0,True,816,501.39405660617916,False,0.4957472660996355,0.3693885692037897,False,0.010091158577349699,0.010556428744699366,False,-513363,3517.2175082016183,True,-1.1696892021787892,0.7717673949563699,False
UG9wNXQ5,4645,515.6946771104,6.74902486394692,0.0930190644024351,0.00981189767320625,pop5t9,Pop5t9,Pop_1,sex_and_age,demographic,True,4262,516.400038729665,7.36557945068621,0.101531791219001,0.0116354132184298,True,476567,3308,0.4,0.056,0,True,383,729.801342832417,False,0.08986391365556078,0.179104226030751,False,-0.008512726816565896,0.015220255474632518,False,-471922,3347.9553461777236,True,3.7019064402435093,0.9811897673206249,True
UG9wNjB0NjQ=,1919,320.156211871642,10.1419404379384,0.0384291893623839,0.00627169977898516,pop60t64,Pop60t64,Pop_1,sex_and_age,demographic,True,1707,273,9.72217028755188,0.0406651261405055,0.00630371285279346,True,470657,3485,0.5,0.056,0,True,212,420.7481431925751,False,0.12419449326303457,0.25981153824029546,False,-0.002235936778121596,0.008892188361038916,False,-468738,3499.674984909313,True,-1.75708106376161,0.627169977898516,False
UG9wNjVwbDE=,4665,395.693062865651,5.15633216203769,0.0934195770586351,0.00723355957570826,pop65pl1,Pop65pl1,Pop_1,sex_and_age,demographic,True,3753,340.34835095825,5.51288818522892,0.0894061033423065,0.00730527102732091,True,1189361,179,0,0.141,0,True,912,521.9291139608904,False,0.24300559552358114,0.15434730670373126,False,0.004013473716328597,0.010280630764594893,False,-1184696,434.29713330852184,True,-4.758042294136487,0.723355957570826,True
UG9wNjVwbDI=,4665,395.693062865651,5.15633216203769,1,0,pop65pl2,Pop65pl2,Pop65pl2,sex_and_age,demographic,True,3753,340.34835095825,5.51288818522892,1,0,True,1189361,179,0,1,0,True,912,521.9291139608904,False,0.24300559552358114,0.15434730670373126,False,0,0,-1184696,434.29713330852184,True,0,0
UG9wNjVwbEY=,3114,380.194686969716,7.42200996323527,0.667524115755627,0.0586197063811037,pop65plf,Pop65plF,Pop65pl2,sex_and_age,demographic,True,2445,267.55560169804,6.65226103015371,0.651478816946443,0.0398986180733223,True,703062,98,0,0.591,0,True,669,464.90214024028813,False,0.27361963190184047,0.20881664838289785,False,0.016045298809183928,0.07090958821180426,False,-699948,392.6219555755897,True,7.652411575562709,5.861970638110369,False
UG9wNjVwbE0=,1551,276.175668732783,10.824496745223,0.332475884244373,0.0520531395761379,pop65plm,Pop65plM,Pop65pl2,sex_and_age,demographic,True,1308,216.760236205813,10.0740933142696,0.348521183053557,0.0483410293512694,True,486299,131,0,0.409,0,True,243,351.0811871917943,False,0.18577981651376146,0.2884375075202588,False,-0.016045298809183983,0.07103790860148675,False,-484748,305.6697564365829,True,-7.652411575562695,5.20531395761379,False
UG9wNjV0Njk=,1221,245.405786402847,12.2180875411229,0.0244512976610061,0.00484091339313985,pop65t69,Pop65t69,Pop_1,sex_and_age,demographic,True,1161,228.965062837106,11.9886725277238,0.0276580031922243,0.00534489986832681,True,384622,3868,0.6,0.046,0,True,60,335.6322392142919,False,0.05167958656330749,0.2961355305136746,False,-0.0032067055312181986,0.007211268756766782,False,-383401,3875.777083373088,True,-2.1548702338993895,0.484091339313985,True
UG9wNzB0NzQ=,1261,247.913291293549,11.9514011070265,0.025252322973406,0.00488699988209833,pop70t74,Pop70t74,Pop_1,sex_and_age,demographic,True,1011,211.983489923154,12.74632476937,0.0240846177668723,0.00496030093630159,True,280196,3421,0.7,0.033,0,True,250,326.1870628948978,False,0.24727992087042533,0.35850617274208196,False,0.001167705206533698,0.006963286093957616,False,-278935,3429.971136904799,True,-0.7747677026594002,0.48869998820983296,False
UG9wNzV0Nzk=,878,230.008695487801,15.9251611833887,0.0175825056071772,0.00456564997970105,pop75t79,Pop75t79,Pop_1,sex_and_age,demographic,True,749,187.459328922302,15.2145579250391,0.0178431045572575,0.00441024450942871,True,211102,2454,0.7,0.025,0,True,129,296.7237772744203,False,0.17222963951935916,0.424708880774823,False,-0.00026059895008029993,0.006347867072496893,False,-210224,2464.755565974038,True,-0.7417494392822801,0.456564997970105,False
UG9wODB0ODQ=,630,184.396312327552,17.7928607446858,0.012616148670298,0.00366671730368414,pop80t84,Pop80t84,Pop_1,sex_and_age,demographic,True,401,139.459671590034,21.1416249027937,0.00955285037044096,0.0033009617657583,False,148988,2294,0.9,0.018,0,True,229,231.1947231231722,False,0.571072319201995,0.7141377870875022,False,0.0030632982998570393,0.0049336765564976836,False,-148358,2301.3991396539627,True,-0.5383851329701999,0.366671730368414,False
UG9wODVwbA==,675,229.993478168404,20.7131354874167,0.0135173021467478,0.00458191669747376,pop85pl,Pop85pl,Pop_1,sex_and_age,demographic,False,431,142.523682242636,20.1022126027174,0.0102675274555114,0.00337116546512401,False,164453,2242,0.8,0.019,0,True,244,270.57346507002495,False,0.5661252900232019,0.7436174217957674,False,0.0032497746912364,0.005688472309489924,False,-163778,2253.765959455418,True,-0.5482697853252199,0.458191669747376,False
UG9wXzE=,49936,1729.23856075441,2.10511224672068,1,0,pop_1,Pop_1,Pop_1,sex_and_age,demographic,True,41977,1651.46056568118,2.39161301558203,1,0,True,8443713,0,0,1,0,True,7959,2391.147841518794,True,0.18960383066917597,0.06234897379394374,True,0,0,-8393777,1729.23856075441,True,0,0
UG9wXzI=,49936,1729.23856075441,2.10511224672068,1,0,pop_2,Pop_2,Pop_2,mutually_exclusive_race_hispanic_origin,demographic,True,41977,1651.46056568118,2.39161301558203,1,0,True,8443713,0,0,1,0,True,7959,2391.147841518794,True,0.18960383066917597,0.06234897379394374,True,0,0,-8393777,1729.23856075441,True,0,0
UG9wVTE4MQ==,15359,1160.53134382489,4.5933340622238,0.307573694328741,0.020656021568865,popu181,PopU181,Pop_1,sex_and_age,demographic,True,13173,907.516391036548,4.18797310163784,0.313814708054411,0.0177474181926775,True,1766571,170,0,0.209,0,True,2186,1473.23419726804,False,0.16594549457223107,0.11922039354430686,False,-0.006241013725669986,0.0272331063149101,False,-1751212,1172.916450562445,True,9.857369432874101,2.0656021568865,True
UG9wVTE4XzI=,15359,1160.53134382489,4.5933340622238,1,0,popu18_2,PopU18_2,PopU18_2,sex_and_age,demographic,True,13173,907.516391036548,4.18797310163784,1,0,True,1766571,170,0,1,0,True,2186,1473.23419726804,False,0.16594549457223107,0.11922039354430686,False,0,0,-1751212,1172.916450562445,True,0,0
UG9wVTE4Rg==,7073,673.61190607055,5.78948848307125,0.460511752067192,0.0266967233201128,popu18f,PopU18F,PopU18_2,sex_and_age,demographic,True,6464,604.087741971313,5.6811044378716,0.490700675624383,0.0309863087452122,True,865584,268,0,0.49,0,True,609,904.8066091712633,False,0.09421410891089109,0.14600188685170779,False,-0.030188923557190994,0.040900689061240385,False,-858511,724.9668957959387,True,-2.9488247932807994,2.66967233201128,False
UG9wVTE4TQ==,8286,818.706296543516,6.00644215895355,0.539488247932808,0.0343466141769312,popu18m,PopU18M,PopU18_2,sex_and_age,demographic,True,6709,676.616582711361,6.13082533249453,0.509299324375617,0.0375122791922763,True,900987,291,0,0.51,0,True,1577,1062.1158128942436,False,0.2350573856014309,0.17437401566111113,False,0.03018892355719105,0.05086119341519875,False,-892701,868.8849175811488,True,2.9488247932808065,3.4346614176931203,False
UG9wVTU=,4570,608.313241677345,8.09180051847778,0.0915171419416854,0.0117624022000446,popu5,PopU5,Pop_1,sex_and_age,demographic,True,3637,479.420483500653,8.01322582910785,0.0866426852800343,0.0109004882284036,True,551869,129,0,0.065,0,True,933,774.5250157354506,False,0.25653010723123454,0.23539130246724138,False,0.004874456661651108,0.016036668891424414,False,-547299,621.8408156433605,True,2.651714194168541,1.1762402200044602,False
UmMycGxOSA==,354,203.337158433967,34.9178573032415,0.00708907401473887,0.00406454859270783,rc2plnh,Rc2plNH,Pop_2,mutually_exclusive_race_hispanic_origin,demographic,False,323,151.795915623577,28.5687778188105,0.00769468994925793,0.00360347528815846,False,162601,4044,1.5,0.019,0.001,True,31,253.74790639530468,False,0.09597523219814241,0.8133826835243178,False,-0.0006056159345190605,0.005431904768573534,False,-162247,4049.108790832867,True,-1.191092598526113,0.41857562354350264,False
V3ROSA==,739,307.366231066459,25.2840017164787,0.0147989426465876,0.00613383222981959,wtnh,WtNH,Pop_2,mutually_exclusive_race_hispanic_origin,demographic,False,662,289.696392797701,26.602300553513,0.0157705410105534,0.006873366086622,False,2713930,1659,0,0.321,0.001,True,77,422.37187406360255,False,0.1163141993957704,0.6739539243451887,False,-0.0009715983639658008,0.009212331908062095,False,-2713191,1687.2329418310917,True,-30.62010573534124,0.6214812774619487,True
