id,sum,variable,variablename,base,category,profile,percent,previous_sum,previous_percent,comparison_sum,comparison_percent,change_sum,change_percent,change_percentage_point,difference_sum,significant,difference_percent
QU5I,3059,anh,ANH,Pop3,mutually_exclusive_race___hispanic_origin,decennial,0.0806506894460703,2377,0.0631693640543198,1028119,0.125761746016854,682,0.286916281026504,0.0174813253917505,-1025060,True,-4.511105657078369
QXJn,102,arg,Arg,Hsp2,hispanic_subgroup,decennial,0.0169886742171885,84.7895314787701,0.0241816885370734,15169,0.0064933675103036,17.2104685212299,0.20297869584925252,-0.007193014319884901,-15067,True,1.04953067068849
QXNuQWxuT3JD,3358,asnalnorc,AsnAlnOrC,AsnAlnOrC,asian_subgroup,decennial,1,2649.65172585021,1,1134919,1,708.3482741497901,0.26733636999877713,0,-1131561,True,0
QXNuQWxvbmU=,3103,asnalone,AsnAlone,AsnAlnOrC,asian_subgroup,decennial,0.924061941631924,2435.48533860479,0.919171872606503,1038388,0.914944590759341,667.5146613952102,0.27407870243128113,0.0048900690254209955,-1035285,True,0.9117350872582932
QXNuSW5Db21ibw==,255,asnincombo,AsnInCombo,AsnAlnOrC,asian_subgroup,decennial,0.0759380583680762,214.166387245416,0.0808281273934955,96531,0.0850554092406595,40.83361275458401,0.19066303204616444,-0.0048900690254193024,-96276,True,-0.9117350872583314
QXNuSW5k,254,asnind,AsnInd,AsnAlnOrC,asian_subgroup,decennial,0.0756402620607504,237.085359711351,0.0894779330424175,192209,0.169359222993007,16.914640288648997,0.07134409441916784,-0.013837670981667091,-191955,True,-9.371896093225661
QXZnRmFtU3o=,3.06561108362197,avgfamsz,AvgFamSz,mean,relationship_to_head_of_household__householder_,decennial,,,3.01834712175814,,3.32030552025947,,0.04726396186382997,0.01565888877495954,,,-0.25469443663750013,True,0
QXZnSEhTeg==,2.46807252660623,avghhsz,AvgHHSz,mean,relationship_to_head_of_household__householder_,decennial,,,2.42593441120639,,2.56918261847125,,0.042138115399839915,0.01736984940944265,,,-0.10111009186501985,True,0
QXZISFN6T09j,2.63983402489627,avhhszooc,AvHHSzOOc,mean,housing_tenure,decennial,,,2.61892700897997,,2.75068958927896,,0.020907015916300065,0.007983046432608679,,,-0.11085556438268984,True,0
QXZISFN6Uk9j,2.25460439074702,avhhszroc,AvHHSzROc,mean,housing_tenure,decennial,,,2.17159763313609,,2.48777581732104,,0.08300675761093013,0.03822382026225401,,,-0.23317142657401968,True,0
QmdsZHNo,65,bgldsh,Bgldsh,AsnAlnOrC,asian_subgroup,decennial,0.0193567599761763,23.2352048558422,0.00876915431154884,53174,0.04685268287869,41.7647951441578,1.7974791013584102,0.01058760566462746,-53109,True,-2.7495922902513703
Qk5I,354,bnh,BNH,Pop3,mutually_exclusive_race___hispanic_origin,decennial,0.00933322787313138,223,0.00592628026256345,1861295,0.227677641452439,131,0.5874439461883408,0.003406947610567929,-1860941,True,-21.83444135793076
Qm9s,39,bol,Bol,Hsp2,hispanic_subgroup,decennial,0.00649566955363091,63.5921092564492,0.0181362551795681,4488,0.0019211703728817,-24.5921092564492,-0.38671636377519886,-0.01164058562593719,-4449,True,0.4574499180749211
Q0Ft,229,cam,CAm,Hsp2,hispanic_subgroup,decennial,0.0381412391738841,148.473772986712,0.042344219524173,151378,0.0648001178043865,80.52622701328801,0.5423599427253384,-0.004202980350288897,-151149,True,-2.6658878630502407
Q2FtYmRu,13,cambdn,Cambdn,AsnAlnOrC,asian_subgroup,decennial,0.00387135199523526,3,0.00113222427337592,2166,0.00190850624582019,10,3.3333333333333335,0.0027391277218593397,-2153,True,0.19628457494150697
Q2hp,59,chi,Chi,Hsp2,hispanic_subgroup,decennial,0.00982678214523651,52.8905563689605,0.0150842083729047,7026,0.00300760762920384,6.109443631039497,0.11551104867229005,-0.005257426227668191,-6967,True,0.681917451603267
Q2hpbmVzZQ==,1842,chinese,Chinese,AsnAlnOrC,asian_subgroup,decennial,0.548540798094104,1544.98351577549,0.583089279508892,486463,0.428632351736115,297.0164842245099,0.1922457302564974,-0.034548481414787946,-484621,True,11.990844635798908
Q29s,971,col,Col,Hsp2,hispanic_subgroup,decennial,0.161725516322452,755.726039831414,0.215530518872308,94723,0.0405479102563444,215.27396016858597,0.2848571424330024,-0.05380500254985601,-93752,True,12.117760606610759
Q1JpYw==,16,cric,CRic,Hsp2,hispanic_subgroup,decennial,0.00266489007328448,24,0.00684471909170856,6673,0.00285649953169332,-8,-0.3333333333333333,-0.0041798290184240795,-6657,True,0
Q3Vi,140,cub,Cub,Hsp2,hispanic_subgroup,decennial,0.0233177881412392,77.4910843662588,0.0221001960249554,40840,0.0174823079386116,62.508915633741196,0.8066594517931259,0.0012175921162837985,-40700,True,0.5835480202627601
RG9t,551,dom,Dom,Hsp2,hispanic_subgroup,decennial,0.0917721518987342,352.011960532952,0.100392624448736,576701,0.246867396437445,198.988039467048,0.5652877225131122,-0.008620472550001812,-576150,True,-15.509524453871084
RWN1,707,ecu,Ecu,Hsp2,hispanic_subgroup,decennial,0.117754830113258,354.297453326727,0.101044439288716,167209,0.0715768665060555,352.702546673273,0.9954983965070073,0.01671039082454201,-166502,True,4.6177963607202495
RmFt,10105,fam,Fam,HH,household_type_,decennial,0.663841807909605,10204,0.667932185638542,1850221,0.594967689074225,-99,-0.009702077616620933,-0.004090377728936945,-1840116,True,6.887411883537993
RmFtMQ==,10105,fam1,Fam1,AvgFamSz,relationship_to_head_of_household__householder_,decennial,0,10204,0,1850221,0,-99,-0.009702077616620933,0,-1840116,True,0
RmVt,19930,fem,Fem,Pop2,sex_and_age,decennial,0.525455456247199,19997,0.531425230540275,4292589,0.525078796883182,-67,-0.003350502575386308,-0.005969774293075991,-4272659,True,0.037665936401694466
RmVtTkhzYg==,1762,femnhsb,FemNHsb,HH,household_type_,decennial,0.115753514649849,1742,0.114027623224455,581745,0.187069262688341,20,0.011481056257175661,0.001725891425393991,-579983,True,-7.131574803849203
RmlsaXBpbm8=,412,filipino,Filipino,AsnAlnOrC,asian_subgroup,decennial,0.122692078618225,149.108449845256,0.0562747354267515,67292,0.0592923371623878,262.891550154744,1.7630895527890709,0.0664173431914735,-66880,True,6.339974145583719
Rm1SZWxDaFUxOA==,4174,fmrelchu18,FmRelChU18,HH,household_type_,decennial,0.274208382604126,4041,0.264515284414479,948747,0.305084533202306,133,0.03291264538480574,0.009693098189646976,-944573,True,-3.087615059817999
Rk5IUkNoVTE4,735,fnhrchu18,FNHRChU18,HH,household_type_,decennial,0.048285376428853,666,0.0435949466518296,343280,0.110387087977815,69,0.1036036036036036,0.0046904297770234,-342545,True,-6.2101711548962015
R3JuZENoVTE4,308,grndchu18,GrndChU18,PopU18_2,relationship_to_head_of_household__householder_,decennial,0.0449700686231567,284,0.0420990216424548,165859,0.0938057621947943,24,0.08450704225352113,0.0028710469807019037,-165551,True,-4.8835693571637595
R3VhdA==,37,guat,Guat,Hsp2,hispanic_subgroup,decennial,0.00616255829447035,15.9326500732064,0.00454393808906615,30420,0.0130218366183292,21.0673499267936,1.3222753170373156,0.0016186202054042,-30383,True,-0.6859278323858851
SEg=,15222,hh,HH,HH,household_type_,decennial,1,15277,1,3109784,1,-55,-0.0036001832820579957,0,-3094562,True,0
SEgx,15222,hh1,HH1,AvgHHSz,relationship_to_head_of_household__householder_,decennial,0,15277,0,3109784,0,-55,-0.0036001832820579957,0,-3094562,True,0
SEgxcGVyc29u,4353,hh1person,HH1person,OcHU_4,household_size,decennial,0.285967678360268,4464,0.292203966747398,995755,0.320200695611013,-111,-0.02486559139784946,-0.006236288387130029,-991402,True,-3.423301725074502
SEgycHBs,4731,hh2ppl,HH2ppl,OcHU_4,household_size,decennial,0.310800157666535,4861,0.318190744256071,858781,0.276154549640747,-130,-0.026743468422135364,-0.007390586589536008,-854050,True,3.4645608025788057
SEgzcHBs,2693,hh3ppl,HH3ppl,OcHU_4,household_size,decennial,0.176914991459729,2681,0.175492570530863,496643,0.159703374896777,12,0.004475941812756434,0.0014224209288659917,-493950,True,1.7211616562951981
SEg0cHBs,2178,hh4ppl,HH4ppl,OcHU_4,household_size,decennial,0.143082380764683,2071,0.135563265038947,377689,0.121451843600713,107,0.05166586190246258,0.007519115725735992,-375511,True,2.163053716397
SEg1cHBs,868,hh5ppl,HH5ppl,OcHU_4,household_size,decennial,0.0570227302588359,842,0.0551155331544151,198515,0.063835623310172,26,0.030878859857482184,0.0019071971044207978,-197647,True,-0.6812893051336095
SEg2cHBs,279,hh6ppl,HH6ppl,OcHU_4,household_size,decennial,0.0183287347260544,236,0.0154480591739216,92634,0.0297879209617131,43,0.18220338983050846,0.0028806755521328005,-92355,True,-1.1459186235658698
SEg3cGxQcGw=,120,hh7plppl,HH7plPpl,OcHU_4,household_size,decennial,0.00788332676389436,122,0.00798586109838319,89767,0.0288659919788641,-2,-0.01639344262295082,-0.00010253433448883034,-89647,True,-2.0982665214969742
SEhsZHI=,10105,hhldr,HHldr,Pop4,relationship_to_head_of_household__householder_,decennial,0.266418835192069,10204,0.271173828695953,1850221,0.226323045753506,-99,-0.009702077616620933,-0.004754993503884031,-1840116,True,4.009578943856297
SEhsZHJVMTg=,2,hhldru18,HHldrU18,PopU18_2,relationship_to_head_of_household__householder_,decennial,0.0002920134326179,4,0.000592943966795138,1182,0.00066851006526174,-2,-0.5,-0.00030093053417723807,-1180,True,0
SEhyMTV0MjQ=,244,hhr15t24,HHr15t24,OcHU_3,tenure_by_age_of_householder,decennial,0.0160294310865852,307,0.0200955685016692,119317,0.038368259660478,-63,-0.20521172638436483,-0.004066137415083999,-119073,True,-2.23388285738928
SEhyMjV0MzQ=,1931,hhr25t34,HHr25t34,OcHU_3,tenure_by_age_of_householder,decennial,0.126855866509,2320,0.151862276624992,583537,0.187645508498339,-389,-0.16767241379310344,-0.025006410115992,-581606,True,-6.0789641989339
SEhyMzV0NDQ=,2786,hhr35t44,HHr35t44,OcHU_3,tenure_by_age_of_householder,decennial,0.183024569701747,3097,0.202723047718793,609384,0.195957018236636,-311,-0.10041976105908944,-0.019698478017045995,-606598,True,-1.2932448534889005
SEhyNDV0NTQ=,3179,hhr45t54,HHr45t54,OcHU_3,tenure_by_age_of_householder,decennial,0.208842464853501,2811,0.184002094652091,630949,0.20289158346689,368,0.13091426538598364,0.02484037020141,-627770,True,0.5950881386611009
SEhyNTV0NjQ=,2870,hhr55t64,HHr55t64,OcHU_3,tenure_by_age_of_householder,decennial,0.188542898436474,2292,0.150029456045035,531036,0.170762985467801,578,0.25218150087260033,0.038513442391439,-528166,True,1.7779912968672988
SEhyNjV0NzQ=,1931,hhr65t74,HHr65t74,OcHU_3,tenure_by_age_of_householder,decennial,0.126855866509,2201,0.144072789160175,332966,0.107070458912902,-270,-0.1226715129486597,-0.017216922651175,-331035,True,1.9785407596097997
SEhyNzVw,2281,hhr75p,HHr75p,OcHU_3,tenure_by_age_of_householder,decennial,0.149848902903692,2249,0.147214767297244,302595,0.0973041857569529,32,0.014228546020453535,0.002634135606447985,-300314,True,5.254471714673908
SEhyODVw,672,hhr85p,HHr85p,OcHU_3,tenure_by_age_of_householder,decennial,0.0441466298778084,611,0.0399947633697715,92439,0.0297252156419867,61,0.09983633387888707,0.004151866508036901,-91767,True,1.4421414235821701
SEh3SW5kNjVw,4969,hhwind65p,HHwInd65p,HH,household_type_,decennial,0.326435422414926,5143,0.33664986581135,763496,0.245514157896497,-174,-0.03383239354462376,-0.010214443396423967,-758527,True,8.092126451842905
SEh3SW5kVTE4,4192,hhwindu18,HHwIndU18,HH,household_type_,decennial,0.27539088161871,4072,0.266544478628003,959122,0.308420777777492,120,0.029469548133595286,0.008846402990706992,-954930,True,-3.3029896158782
SG1Pd25yVmNSdA==,0.951150775011742,hmownrvcrt,HmOwnrVcRt,ratio,housing_occupancy,decennial,,,0.99167901516015,,2.88326832943512,,-0.04052824014840806,-0.04086830469218208,,,-1.9321175544233777,True,0
SG9u,70,hon,Hon,Hsp2,hispanic_subgroup,decennial,0.0116588940706196,32,0.00912629212227808,42400,0.0181500944318592,38,1.1875,0.0025326019483415205,-42330,True,-0.64912003612396
SHNwMQ==,6004,hsp1,Hsp1,Pop3,mutually_exclusive_race___hispanic_origin,decennial,0.158295763136386,3447,0.0916048792154987,2336076,0.285753883147834,2557,0.7418044676530317,0.06669088392088729,-2330072,True,-12.7458120011448
SHNwMg==,6004,hsp2,Hsp2,Hsp2,hispanic_subgroup,decennial,1,3506.3528069505,1,2336076,1,2497.6471930495,0.7123205594424257,0,-2330072,True,0
SFVuaXRz,15966,hunits,HUnits,HUnits,housing_occupancy,decennial,1,15869,1,3371062,1,97,0.006112546474257987,0,-3355096,True,0
SUZISGxkcjY1cA==,2203,ifhhldr65p,IFHHldr65p,Pop65pl_2,relationship_to_head_of_household__householder_,decennial,0.318813314037627,2362,0.323340177960301,304001,0.30609530407045,-159,-0.06731583403895004,-0.004526863922673985,-301798,True,1.271800996717701
SUZOUmVsNjVw,37,ifnrel65p,IFNRel65p,Pop65pl_2,relationship_to_head_of_household__householder_,decennial,0.00535455861070912,23,0.00314852840520192,9757,0.00982421729473055,14,0.6086956521739131,0.0022060302055072,-9720,True,-0.44696586840214303
SUZPUmVsNjVw,808,iforel65p,IFORel65p,Pop65pl_2,relationship_to_head_of_household__householder_,decennial,0.116931982633864,810,0.11088295687885,132054,0.132963737894675,-2,-0.0024691358024691358,0.006049025755014009,-131246,True,-1.603175526081099
SUZTcHM2NXA=,1415,ifsps65p,IFSps65p,Pop65pl_2,relationship_to_head_of_household__householder_,decennial,0.204775687409551,1461,0.2,158399,0.159490232168497,-46,-0.03148528405201916,0.004775687409550977,-156984,True,4.5285455241054
SW5kb25zbg==,34,indonsn,Indonsn,AsnAlnOrC,asian_subgroup,decennial,0.0101250744490768,26.1842185128983,0.00988213592656084,3785,0.00333503976935799,7.815781487101699,0.2984920662517256,0.00024293852251595915,-3751,True,0.6790034679718808
SU5GSEhscjY1cA==,2009,infhhlr65p,INFHHlr65p,Pop65pl_2,relationship_to_head_of_household__householder_,decennial,0.290738060781476,2088,0.285831622176591,331560,0.333844161754726,-79,-0.037835249042145594,0.004906438604884988,-329551,True,-4.310610097324993
SU5GTHZBbDY1cA==,1882,inflval65p,INFLvAl65p,Pop65pl_2,relationship_to_head_of_household__householder_,decennial,0.272358900144718,2020,0.276522929500342,310684,0.312824344162762,-138,-0.06831683168316832,-0.004164029355624044,-308802,True,-4.0465444018044
SW5GbUhINjVw,4463,infmhh65p,InFmHH65p,Pop65pl_2,relationship_to_head_of_household__householder_,decennial,0.645875542691751,4656,0.637371663244353,604211,0.608373491428353,-193,-0.04145189003436426,0.008503879447397944,-599748,True,3.7502051263398073
SU5GTnJlbDY1cA==,118,infnrel65p,INFNrel65p,Pop65pl_2,relationship_to_head_of_household__householder_,decennial,0.0170767004341534,51,0.00698151950718686,16327,0.0164394789147346,67,1.3137254901960784,0.01009518092696654,-16209,True,0.0637221519418798
SW5HUTY1cA==,320,ingq65p,InGQ65p,Pop65pl_2,relationship_to_head_of_household__householder_,decennial,0.0463096960926194,510,0.0698151950718686,41060,0.0413428679021868,-190,-0.37254901960784315,-0.023505498979249202,-40740,True,0.4966828190432597
SW5HUVUxOA==,0,ingqu18,InGQU18,PopU18_2,relationship_to_head_of_household__householder_,decennial,0,2,0.000296471983397569,12825,0.00725350388069527,-2,-1,-0.000296471983397569,-12825,True,-0.725350388069527
SW5HcnBRdHJz,360,ingrpqtrs,InGrpQtrs,Pop4,relationship_to_head_of_household__householder_,decennial,0.00949141817606581,568,0.0150947407584576,185530,0.0226944320049594,-208,-0.36619718309859156,-0.00560332258239179,-185170,True,-1.3203013828893593
SW5ORm1ISDY1cA==,2127,innfmhh65p,InNFmHH65p,Pop65pl_2,relationship_to_head_of_household__householder_,decennial,0.30781476121563,2139,0.292813141683778,347887,0.35028364066946,-12,-0.005610098176718092,0.015001619531852028,-345760,True,-4.246887945382998
SW5zdEdRNjVw,306,instgq65p,InstGQ65p,Pop65pl_2,relationship_to_head_of_household__householder_,decennial,0.0442836468885673,503,0.0688569472963723,35026,0.0352672988587919,-197,-0.39165009940357853,-0.024573300407805004,-34720,True,0.9016348029775401
SW5zdGl0bHpk,340,institlzd,Institlzd,Pop4,relationship_to_head_of_household__householder_,decennial,0.00896411716628437,539,0.0143240585718462,70041,0.00856756703530083,-199,-0.3692022263450835,-0.005359941405561829,-69701,True,0.039655013098354175
SmFwYW5lc2U=,32,japanese,Japanese,AsnAlnOrC,asian_subgroup,decennial,0.00952948183442525,29.7450682852807,0.0112260294419397,24277,0.0213909538918636,2.2549317147193015,0.0758085909601072,-0.0016965476075144498,-24245,True,-1.1861472057438351
S29yZWFu,164,korean,Korean,AsnAlnOrC,asian_subgroup,decennial,0.0488385944014294,251.989390286983,0.0951028347720399,96741,0.0852404444722487,-87.989390286983,-0.3491789483151436,-0.0462642403706105,-96577,True,-3.6401850070819304
TGFuZEFjcmVz,1329.29,landacres,LandAcres,PopPerAcre,population_density,decennial,0,1329.29,0,193691.68,0,0,0,0,-192362.38999999998,True,0
TWFsZQ==,17999,male,Male,Pop2,sex_and_age,decennial,0.474544543752801,17632,0.468574769459725,3882544,0.474921203116818,367,0.02081442831215971,0.005969774293075991,-3864545,True,0
TWFsZU5XZg==,667,malenwf,MaleNWf,HH,household_type_,decennial,0.0438181579293128,610,0.039929305491916,170606,0.0548610450114863,57,0.09344262295081968,0.0038888524373967975,-169939,True,-1.104288708217351
TUNGbQ==,7676,mcfm,MCFm,HH,household_type_,decennial,0.504270135330443,7852,0.513975256922171,1097870,0.353037381374398,-176,-0.022414671421293938,-0.009705121591728094,-1090194,True,15.123275395604495
TUNGbVJDaFUxOA==,3236,mcfmrchu18,MCFmRChU18,HH,household_type_,decennial,0.212587045066351,3171,0.207566930680107,529522,0.17027613493413,65,0.020498265531378113,0.005020114386244001,-526286,True,4.231091013222102
TWRBZ2U=,42.8,mdage,MdAge,median,sex_and_age,decennial,,,40.9,,35.5,,1.8999999999999986,0.04645476772616133,,,7.299999999999997,True,0
TWV4,318,mex,Mex,Hsp2,hispanic_subgroup,decennial,0.052964690206529,91.0312594840668,0.0259618083222028,319263,0.136666358457516,226.9687405159332,2.4933055062877556,0.0270028818843262,-318945,True,-8.370166825098702
TWx5c24=,5,mlysn,Mlysn,AsnAlnOrC,asian_subgroup,decennial,0.00148898153662895,0,0,2100,0.00185035231589215,5,0,0.00148898153662895,-2095,True,0
TU5XUkNoVTE4,203,mnwrchu18,MNWRChU18,HH,household_type_,decennial,0.0133359611089213,204,0.0133534070825424,75945,0.024421310290361,-1,-0.004901960784313725,-1.7445973621100022e-05,-75742,True,-1.10853491814397
TkZhbUhI,5117,nfamhh,NFamHH,HH,household_type_,decennial,0.336158192090395,5073,0.332067814361458,1259563,0.405032310925775,44,0.00867336881529667,0.004090377728937,-1254446,True,-6.887411883538
TkZISGxkcg==,5117,nfhhldr,NFHHldr,Pop4,relationship_to_head_of_household__householder_,decennial,0.13490996335258,5073,0.134816232161365,1259563,0.154072478086901,44,0.00867336881529667,9.373119121497409e-05,-1254446,True,-1.9162514734321014
TkZMdkFsNjVw,1882,nflval65p,NFLvAl65p,HH,household_type_,decennial,0.123636841413743,2020,0.132224913268312,310684,0.0999053310455003,-138,-0.06831683168316832,-0.008588071854569015,-308802,True,2.37315103682427
TkZtTHZnQWxu,4353,nfmlvgaln,NFmLvgAln,HH,household_type_,decennial,0.285967678360268,4464,0.292203966747398,995755,0.320200695611013,-111,-0.02486559139784946,-0.006236288387130029,-991402,True,-3.423301725074502
TkZOb25SZWw=,906,nfnonrel,NFNonRel,Pop4,relationship_to_head_of_household__householder_,decennial,0.0238867357430989,727,0.0193202051609131,352738,0.04314767723045,179,0.24621733149931224,0.004566530582185802,-351832,True,-1.9260941487351104
TkZVbk1QdG5y,415,nfunmptnr,NFUnMPtnr,Pop4,relationship_to_head_of_household__householder_,decennial,0.0109414959529647,324.583170627665,0.00862587819574437,114403,0.0139940230941809,90.41682937233497,0.27856290021904334,0.002315617757220329,-113988,True,-0.30525271412162014
Tmlj,18,nic,Nic,Hsp2,hispanic_subgroup,decennial,0.00299800133244504,0,0,9346,0.00400072600377727,18,0,0.00299800133244504,-9328,True,-0.10027246713322296
Tm9uRmFtSEg=,6023,nonfamhh,NonFamHH,Pop4,relationship_to_head_of_household__householder_,decennial,0.158796699095679,5800,0.154136437322278,1612301,0.197220155317351,223,0.03844827586206897,0.004660261773401009,-1606278,True,-3.8423456221671994
Tm9uUmVs,568,nonrel,NonRel,Pop4,relationship_to_head_of_household__householder_,decennial,0.0149753486777927,469,0.0124637912248532,234003,0.0286237545003855,99,0.21108742004264391,0.0025115574529394995,-233435,True,-1.3648405822592802
Tm9uUmVsVTE4,34,nonrelu18,NonRelU18,PopU18_2,relationship_to_head_of_household__householder_,decennial,0.00496422835450431,61,0.00904239549362585,24617,0.0139227684234757,-27,-0.4426229508196721,-0.00407816713912154,-24583,True,-0.895854006897139
TlJlbFVNUHRucg==,260,nrelumptnr,NRelUMPtnr,Pop4,relationship_to_head_of_household__householder_,decennial,0.00685491312715864,190.565859248118,0.005064334934442,86629,0.0105966471738136,69.43414075188201,0.36435771352663077,0.0017905781927166405,-86369,True,-0.374173404665496
T0FzbkFsb25l,128,oasnalone,OAsnAlone,AsnAlnOrC,asian_subgroup,decennial,0.038117927337701,67.7594902876491,0.0255729798850854,45155,0.0397869803924333,60.2405097123509,0.8890342807571454,0.012544947452615602,-45027,True,-0.16690530547322968
T0NB,2,oca,OCA,Hsp2,hispanic_subgroup,decennial,0.00033311125916056,0,0,1627,0.000696467066996108,2,0,0.00033311125916056,-1625,True,0
T2NIVV8x,15222,ochu_1,OcHU_1,HUnits,housing_occupancy,decennial,0.953400977076287,15277,0.962694561724116,3109784,0.922493860985055,-55,-0.0036001832820579957,-0.009293584647829034,-3094562,True,3.09071160912319
T2NIVV8y,15222,ochu_2,OcHU_2,OcHU_2,housing_tenure,decennial,1,15277,1,3109784,1,-55,-0.0036001832820579957,0,-3094562,True,0
T2NIVV8z,15222,ochu_3,OcHU_3,OcHU_3,tenure_by_age_of_householder,decennial,1,15277,1,3109784,1,-55,-0.0036001832820579957,0,-3094562,True,0
T2NIVV80,15222,ochu_4,OcHU_4,OcHU_4,household_size,decennial,1,15277,1,3109784,1,-55,-0.0036001832820579957,0,-3094562,True,0
T0NJbkZISFUxOA==,887,ocinfhhu18,OCInFHHU18,PopU18_2,relationship_to_head_of_household__householder_,decennial,0.129507957366039,841,0.124666469018678,467053,0.264153664560653,46,0.054696789536266346,0.004841488347361006,-466166,True,-13.464570719461395
T0NJbk1DRlUxOA==,5257,ocinmcfu18,OCInMCFU18,PopU18_2,relationship_to_head_of_household__householder_,decennial,0.767557307636151,5213,0.772754224725763,927417,0.524524195596317,44,0.008440437368118166,-0.005196917089612008,-922160,True,24.303311203983405
T0NJbk9GVTE4,1133,ocinofu18,OCInOFU18,PopU18_2,relationship_to_head_of_household__householder_,decennial,0.165425609578041,1064,0.157723095167507,559529,0.316455810749438,69,0.06484962406015038,0.007702514410534017,-558396,True,-15.103020117139703
T0hzcA==,570,ohsp,OHsp,Hsp2,hispanic_subgroup,decennial,0.0949367088607595,251.909513949215,0.0718437441463007,180805,0.0773968826356677,318.090486050785,1.2627172394723927,0.023092964714458805,-180235,True,1.75398262250918
T05I,127,onh,ONH,Pop3,mutually_exclusive_race___hispanic_origin,decennial,0.0033483614121121,90,0.00239177230327673,78063,0.00954883547460329,37,0.4111111111111111,0.0009565891088353698,-77936,True,-0.6200474062491189
T09jSFU=,8435,oochu,OOcHU,OcHU_2,housing_tenure,decennial,0.554132177112075,8686,0.568567127053741,962892,0.309633080625535,-251,-0.028897075754087037,-0.014434949941666053,-954457,True,24.449909648653993
T09jSFUx,8435,oochu1,OOcHU1,HmOwnrVcRt,housing_occupancy,decennial,0,8686,0,962892,0,-251,-0.028897075754087037,0,-954457,True,0
T1JlbFUxOA==,423,orelu18,ORelU18,PopU18_2,relationship_to_head_of_household__householder_,decennial,0.0617608409986859,402,0.0595908686629114,242541,0.137175211284812,21,0.05223880597014925,0.0021699723357745046,-242118,True,-7.54143702861261
T1NB,18,osa,OSA,Hsp2,hispanic_subgroup,decennial,0.00299800133244504,0,0,2678,0.00114636681340847,18,0,0.00299800133244504,-2660,True,0.18516345190365702
T3RoclJlbA==,6807,othrrel,OthrRel,Pop4,relationship_to_head_of_household__householder_,decennial,0.179466898679111,6459,0.171649525631827,1708262,0.208958312971789,348,0.0538783093358105,0.007817373047283999,-1701455,True,-2.9491414292677973
T3duQ2hVMTg=,6390,ownchu18,OwnChU18,PopU18_2,relationship_to_head_of_household__householder_,decennial,0.932982917214192,6277,0.93047731989327,1486946,0.840980006345755,113,0.01800223036482396,0.0025055973209220372,-1480556,True,9.200291086843706
T3duQ1UxOA==,6390,owncu18,OwnCU18,Pop4,relationship_to_head_of_household__householder_,decennial,0.168472672625168,6277,0.166812830529645,1486946,0.181886459828849,113,0.01800223036482396,0.0016598420955230009,-1480556,True,-1.3413787203681018
UGFr,63,pak,Pak,AsnAlnOrC,asian_subgroup,decennial,0.0187611673615247,35.9242313323572,0.0135580955722888,41887,0.0369074797408449,27.075768667642798,0.7536909674461278,0.005203071789235901,-41824,True,-1.8146312379320197
UGFu,19,pan,Pan,Hsp2,hispanic_subgroup,decennial,0.00316455696202532,14,0.00399275280349666,22353,0.00956860992536202,5,0.35714285714285715,-0.0008281958414713404,-22334,True,-0.64040529633367
UGFy,15,par,Par,Hsp2,hispanic_subgroup,decennial,0.0024983344437042,0,0,3534,0.00151279324816487,15,0,0.0024983344437042,-3519,True,0.098554119553933
UGVy,356,per,Per,Hsp2,hispanic_subgroup,decennial,0.0592938041305796,228.949487554905,0.0652956220209979,36018,0.0154181627652525,127.050512445095,0.5549281363411074,-0.006001817890418294,-35662,True,4.387564136532711
UG9wMQ==,37929,pop1,Pop1,Pop1,population_density,decennial,1,37629,1,8175133,1,300,0.00797257434425576,0,-8137204,True,0
UG9wMTB0MTQ=,1850,pop10t14,Pop10t14,Pop2,sex_and_age,decennial,0.0487753434047826,1894,0.050333519360068,468154,0.0572656126817753,-44,-0.023231256599788808,-0.0015581759552854013,-466304,True,-0.8490269276992697
UG9wMTV0MTk=,1846,pop15t19,Pop15t19,Pop2,sex_and_age,decennial,0.0486698832028263,1785,0.0474368173483218,535833,0.0655442547540205,61,0.03417366946778711,0.0012330658545045003,-533987,True,-1.6874371551194196
UG9wMg==,37929,pop2,Pop2,Pop2,sex_and_age,decennial,1,37629,1,8175133,1,300,0.00797257434425576,0,-8137204,True,0
UG9wMjB0MjQ=,2005,pop20t24,Pop20t24,Pop2,sex_and_age,decennial,0.0528619262305887,2055,0.054612134258152,642585,0.0786023909335787,-50,-0.024330900243309004,-0.001750208027563302,-640580,True,-2.574046470299
UG9wMjFwbA==,29979,pop21pl,Pop21pl,Pop2,sex_and_age,decennial,0.79039784861188,29818,0.792420739323394,6059847,0.741253628534239,161,0.0053994231672144346,-0.0020228907115139583,-6029868,True,4.914422007764088
UG9wMjV0Mjk=,2500,pop25t29,Pop25t29,Pop2,sex_and_age,decennial,0.0659126262226792,2679,0.0711950888942039,730190,0.0893184245442857,-179,-0.06681597611048899,-0.005282462671524699,-727690,True,-2.3405798321606497
UG9wMw==,37929,pop3,Pop3,Pop3,mutually_exclusive_race___hispanic_origin,decennial,1,37629,1,8175133,1,300,0.00797257434425576,0,-8137204,True,0
UG9wMzB0MzQ=,2674,pop30t34,Pop30t34,Pop2,sex_and_age,decennial,0.0705001450077777,2981,0.0792208137340881,662255,0.0810084679967898,-307,-0.10298557531029856,-0.008720668726310402,-659581,True,-1.0508322989012102
UG9wMzV0Mzk=,2635,pop35t39,Pop35t39,Pop2,sex_and_age,decennial,0.0694719080387039,3067,0.0815062850461081,587407,0.0718528982953549,-432,-0.14085425497228563,-0.012034377007404201,-584772,True,-0.23809902566510033
UG9wNA==,37929,pop4,Pop4,Pop4,relationship_to_head_of_household__householder_,decennial,1,37629,1,8175133,1,300,0.00797257434425576,0,-8137204,True,0
UG9wNDB0NDQ=,2832,pop40t44,Pop40t44,Pop2,sex_and_age,decennial,0.074665822985051,2916,0.077493422626166,567280,0.0693909200009345,-84,-0.02880658436213992,-0.0028275996411149945,-564448,True,0.5274902984116512
UG9wNDV0NDk=,2863,pop45t49,Pop45t49,Pop2,sex_and_age,decennial,0.0754831395502122,2623,0.0697068750166095,565692,0.0691966723966448,240,0.09149828440716737,0.005776264533602693,-562829,True,0.6286467153567399
UG9wNTB0NTQ=,2935,pop50t54,Pop50t54,Pop2,sex_and_age,decennial,0.0773814231854254,2490,0.0661723670573228,541684,0.0662599617645364,445,0.178714859437751,0.011209056128102607,-538749,True,1.1121461420888998
UG9wNTV0NTk=,2698,pop55t59,Pop55t59,Pop2,sex_and_age,decennial,0.0711329062195154,2078,0.0552233649578782,475535,0.058168472610782,620,0.2983638113570741,0.015909541261637204,-472837,True,1.2964433608733401
UG9wNXQ5,1928,pop5t9,Pop5t9,Pop2,sex_and_age,decennial,0.0508318173429302,1911,0.0507852985729092,473159,0.0578778351373611,17,0.008895866038723181,4.651877002100069e-05,-471231,True,-0.7046017794430899
UG9wNjB0NjQ=,2315,pop60t64,Pop60t64,Pop2,sex_and_age,decennial,0.061035091882201,1974,0.0524595391852029,414477,0.0506997256191428,341,0.17274569402228976,0.008575552696998098,-412162,True,1.0335366263058194
UG9wNjJwbA==,8278,pop62pl,Pop62pl,Pop2,sex_and_age,decennial,0.218249887948535,8470,0.225092348986154,1228851,0.150315719634164,-192,-0.022668240850059033,-0.006842461037618985,-1220573,True,6.793416831437099
UG9wNjVwbF8x,6910,pop65pl_1,Pop65pl_1,Pop2,sex_and_age,decennial,0.182182498879485,7305,0.194132185282628,993158,0.121485240668256,-395,-0.054072553045859,-0.011949686403142978,-986248,True,6.069725821122903
UG9wNjVwbF8y,6910,pop65pl_2,Pop65pl_2,Pop65pl_2,relationship_to_head_of_household__householder_,decennial,1,7305,1,993158,1,-395,-0.054072553045859,0,-986248,True,0
UG9wNjVwbEY=,4119,pop65plf,Pop65plF,Pop2,sex_and_age,decennial,0.108597642964486,4492,0.119376013181323,598318,0.0731875554807487,-373,-0.08303650934995548,-0.010778370216837002,-594199,True,3.541008748373729
UG9wNjVwbE0=,2791,pop65plm,Pop65plM,Pop2,sex_and_age,decennial,0.0735848559149991,2813,0.0747561721013048,394840,0.048297685187507,-22,-0.007820831852115179,-0.0011713161863056987,-392049,True,2.5287170727492088
UG9wNjV0Njk=,1802,pop65t69,Pop65t69,Pop2,sex_and_age,decennial,0.0475098209813072,1871,0.0497222886603418,297167,0.0363501119798296,-69,-0.03687867450561197,-0.002212467679034595,-295365,True,1.1159709001477602
UG9wNzB0NzQ=,1536,pop70t74,Pop70t74,Pop2,sex_and_age,decennial,0.0404967175512141,1763,0.0468521618964097,234294,0.0286593502515494,-227,-0.12875779920589903,-0.006355444345195603,-232758,True,1.18373672996647
UG9wNzV0Nzk=,1388,pop75t79,Pop75t79,Pop2,sex_and_age,decennial,0.0365946900788315,1544,0.041032182625103,178019,0.0217756701939895,-156,-0.10103626943005181,-0.0044374925462714945,-176631,True,1.4819019884842004
UG9wODB0ODQ=,1115,pop80t84,Pop80t84,Pop2,sex_and_age,decennial,0.0293970312953149,1024,0.0272130537617263,142272,0.0174030196205982,91,0.0888671875,0.0021839775335886005,-141157,True,1.1994011674716702
UG9wODVwbA==,1069,pop85pl,Pop85pl,Pop2,sex_and_age,decennial,0.0281842389728176,1103,0.029312498339047,141406,0.0172970886222891,-34,-0.030825022665457842,-0.0011282593662294005,-140337,True,1.08871503505285
UG9wSW5GYW0=,30978,popinfam,PopInFam,AvgFamSz,relationship_to_head_of_household__householder_,decennial,0,30799.2140304201,0,6143299,0,178.78596957990158,0.005804887404052465,0,-6112321,True,0
UG9wSW5GSEg=,31546,popinfhh,PopInFHH,Pop4,relationship_to_head_of_household__householder_,decennial,0.831711882728255,31261,0.830768821919264,6377302,0.78008541267769,285,0.009116790889606858,0.0009430608089909809,-6345756,True,5.162647005056499
UG9wSW5ISA==,37569,popinhh,PopInHH,Pop4,relationship_to_head_of_household__householder_,decennial,0.990508581823934,37061,0.984905259241542,7989603,0.977305567995041,508,0.013707131485928604,0.005603322582391934,-7952034,True,1.3203013828892978
UG9wT09jSFU=,22267,popoochu,PopOOcHU,AvHHSzOOc,housing_tenure,decennial,0,22748,0,2648617,0,-481,-0.02114471601899068,0,-2626350,True,0
UG9wUGVyQWNyZQ==,28.5332771629968,popperacre,PopPerAcre,ratio,population_density,decennial,,,28.3075927750905,,42.2069393997718,,0.2256843879062984,0.007972574344254777,,,-13.673662236774998,True,0
UG9wUk9jSFU=,15302,poprochu,PopROcHU,AvHHSzROc,housing_tenure,decennial,0,14313,0,5340986,0,989,0.06909802277649689,0,-5325684,True,0
UG9wVTE4XzE=,6849,popu18_1,PopU18_1,Pop2,sex_and_age,decennial,0.180574230799652,6746,0.179276621754498,1768111,0.21627917246117,103,0.0152683071449748,0.0012976090451540245,-1761262,True,-3.5704941661518
UG9wVTE4XzI=,6849,popu18_2,PopU18_2,PopU18_2,relationship_to_head_of_household__householder_,decennial,1,6746,1,1768111,1,103,0.0152683071449748,0,-1761262,True,0
UG9wVTU=,1938,popu5,PopU5,Pop2,sex_and_age,decennial,0.0510954678478209,1871,0.0497222886603418,517724,0.0633291225965376,67,0.03580972741849278,0.0013731791874791038,-515786,True,-1.2233654748716702
UFI=,1841,pr,PR,Hsp2,hispanic_subgroup,decennial,0.306628914057295,989.190037814071,0.282113664048079,723621,0.309759185916897,851.809962185929,0.8611186219265543,0.02451525000921595,-721780,True,-0.31302718596020185
Um50cjE1dDI0,198,rntr15t24,Rntr15t24,OcHU_3,tenure_by_age_of_householder,decennial,0.0130074891604257,259,0.0169535903646004,110283,0.0354632347455643,-61,-0.23552123552123552,-0.0039461012041747,-110085,True,-2.2455745585138605
Um50cjI1dDM0,1413,rntr25t34,Rntr25t34,OcHU_3,tenure_by_age_of_householder,decennial,0.0928261726448561,1596,0.104470773057537,494643,0.159060243412404,-183,-0.11466165413533834,-0.011644600412680908,-493230,True,-6.6234070767547895
Um50cjM1dDQ0,1466,rntr35t44,Rntr35t44,OcHU_3,tenure_by_age_of_householder,decennial,0.0963079752989095,1580,0.103423447011848,439197,0.141230709271126,-114,-0.07215189873417721,-0.007115471712938498,-437731,True,-4.492273397221648
Um50cjQ1dDU0,1360,rntr45t54,Rntr45t54,OcHU_3,tenure_by_age_of_householder,decennial,0.0893443699908028,1116,0.0730509916868495,412123,0.132524638367166,244,0.21863799283154123,0.01629337830395329,-410763,True,-4.318026837636319
Um50cjU1dDY0,1105,rntr55t64,Rntr55t64,OcHU_3,tenure_by_age_of_householder,decennial,0.0725923006175273,732,0.0479151665902991,316607,0.101809964936471,373,0.5095628415300546,0.024677134027228202,-315502,True,-2.92176643189437
Um50cjY1dDc0,596,rntr65t74,Rntr65t74,OcHU_3,tenure_by_age_of_householder,decennial,0.0391538562606753,601,0.0393401845912156,196380,0.0631490804506036,-5,-0.008319467554076539,-0.00018632833054029602,-195784,True,-2.399522418992831
Um50cjc1cA==,649,rntr75p,Rntr75p,OcHU_3,tenure_by_age_of_householder,decennial,0.0426356589147287,707,0.0462787196439091,177659,0.0571290481911284,-58,-0.08203677510608204,-0.0036430607291804,-177010,True,-1.4493389276399693
Um50cjg1cA==,203,rntr85p,Rntr85p,OcHU_3,tenure_by_age_of_householder,decennial,0.0133359611089213,203,0.0132879492046868,55448,0.0178301772727624,0,0,4.801190423449862e-05,-55245,True,-0.4494216163841098
Um50VmNSdA==,4.12487639497104,rntvcrt,RntVcRt,ratio,housing_occupancy,decennial,,,3.11627223283845,,4.53734969545571,,1.0086041621325905,0.3236572695749067,,,-0.41247330048466946,True,0
Uk9jSFVfMQ==,6787,rochu_1,ROcHU_1,OcHU_2,housing_tenure,decennial,0.445867822887925,6591,0.431432872946259,2146892,0.690366919374465,196,0.029737520861781216,0.014434949941665998,-2140105,True,-24.449909648654007
Uk9jSFVfMg==,6787,rochu_2,ROcHU_2,OcHU_3,tenure_by_age_of_householder,decennial,0.445867822887925,6591,0.431432872946259,2146892,0.690366919374465,196,0.029737520861781216,0.014434949941665998,-2140105,True,-24.449909648654007
Uk9jSFVfMw==,6787,rochu_3,ROcHU_3,RntVcRt,housing_occupancy,decennial,0,6591,0,2146892,0,196,0.029737520861781216,0,-2140105,True,0
U0Ft,2355,sam,SAm,Hsp2,hispanic_subgroup,decennial,0.392238507661559,1596.24517781723,0.455243743485555,343468,0.147027750809477,758.7548221827701,0.4753372681885386,-0.06300523582399603,-341113,True,24.5210756852082
U0xrbg==,0,slkn,SLkn,AsnAlnOrC,asian_subgroup,decennial,0,0,0,3696,0.00325662007597018,0,0,0,-3696,True,-0.32566200759701797
U2x2,67,slv,Slv,Hsp2,hispanic_subgroup,decennial,0.0111592271818787,62.5411229135053,0.0178365174176234,38559,0.0165058842263693,4.458877086494702,0.07129512357271475,-0.0066772902357447005,-38492,True,-0.5346657044490601
U3BvdXNl,7676,spouse,Spouse,Pop4,relationship_to_head_of_household__householder_,decennial,0.202378127554114,7852,0.208668845836987,1097870,0.13429383962316,-176,-0.022414671421293938,-0.0062907182828730035,-1090194,True,6.808428793095402
VGhhaQ==,17,thai,Thai,AsnAlnOrC,asian_subgroup,decennial,0.00506253722453842,17.6940819423369,0.00667788969007211,6056,0.00533606363097278,-0.6940819423369007,-0.03922678467291146,-0.0016153524655336902,-6039,True,0
VHdvUGxOSA==,314,twoplnh,TwoPlNH,Pop3,mutually_exclusive_race___hispanic_origin,decennial,0.00827862585356851,557,0.0148024130325015,148676,0.0181863707905425,-243,-0.4362657091561939,-0.00652378717893299,-148362,True,-0.990774493697399
VXJ1,31,uru,Uru,Hsp2,hispanic_subgroup,decennial,0.00516322451698867,37,0.010552275266384,3004,0.00128591706776663,-6,-0.16216216216216217,-0.00538905074939533,-2973,True,0.38773074492220405
VmFjSFVz,744,vachus,VacHUs,HUnits,housing_occupancy,decennial,0.0465990229237129,592,0.0373054382758838,261278,0.0775061390149454,152,0.25675675675675674,0.009293584647829103,-260534,True,-3.0907116091232485
VmVu,57,ven,Ven,Hsp2,hispanic_subgroup,decennial,0.00949367088607595,19,0.00541873594760261,9619,0.00411758864009561,38,2,0.0040749349384733395,-9562,True,0.537608224598034
VkhVRlJudA==,292,vhufrnt,VHUFRnt,HUnits,housing_occupancy,decennial,0.0182888638356508,212,0.0133593799231205,102042,0.0302699861349331,80,0.37735849056603776,0.0049294839125303015,-101750,True,-1.19811222992823
VkhVRlNsTw==,81,vhufslo,VHUFSlO,HUnits,housing_occupancy,decennial,0.00507328072153326,87,0.00548238704392211,28587,0.00848011694830887,-6,-0.06896551724137931,-0.0004091063223888502,-28506,True,-0.340683622677561
VkhVRlNSb09V,66,vhufsroou,VHUFSRoOU,HUnits,housing_occupancy,decennial,0.00413378429161969,60,0.00378095658201525,39793,0.0118042919412339,6,0.1,0.0003528277096044399,-39727,True,-0.767050764961421
VkhVT3RoVmM=,275,vhuothvc,VHUOthVc,HUnits,housing_occupancy,decennial,0.017224101215082,173,0.0109017581448106,77060,0.0228592651217925,102,0.5895953757225434,0.006322343070271399,-76785,True,-0.5635163906710501
VkhVUm9TTk9j,30,vhurosnoc,VHURoSNOc,HUnits,housing_occupancy,decennial,0.00187899285982713,60,0.00378095658201525,13796,0.00409247886867699,-30,-0.5,-0.00190196372218812,-13766,True,-0.22134860088498598
VmlldG5tcw==,74,vietnms,Vietnms,AsnAlnOrC,asian_subgroup,decennial,0.0220369267421084,48.7763277693475,0.0184085807555317,13387,0.0117955554537372,25.223672230652497,0.5171293818987293,0.0036283459865767004,-13313,True,1.0241371288371202
V05I,28071,wnh,WNH,Pop3,mutually_exclusive_race___hispanic_origin,decennial,0.740093332278731,30935,0.82210529113184,2722904,0.333071523117728,-2864,-0.09258121868433813,-0.08201195885310908,-2694833,True,40.7021809161003
