id,sum,m,cv,percent,percent_m,variable,variablename,base,category,profile,is_reliable,previous_sum,previous_m,previous_cv,previous_percent,previous_percent_m,previous_is_reliable,comparison_sum,comparison_m,comparison_cv,comparison_percent,comparison_percent_m,comparison_is_reliable,change_sum,change_m,change_percent,change_percent_m,change_percentage_point,change_percentage_point_m,difference_sum,difference_m,significant,difference_percent,difference_percent_m
QXZnSEhTT09j,2.28,0.13,3.6,,,avghhsooc,AvgHHSOOc,mean,housing_tenure,housing,True,2.28,0.12,3.3,,,True,2.85,0.01,0.2,,,True,0,0.17691806012954134,,,,,-0.5700000000000003,0.130384048104053,True,,
QXZnSEhTUk9j,2.14,0.12,3.4,,,avghhsroc,AvgHHSROc,mean,housing_tenure,housing,True,1.99,0.11,3.4,,,True,2.51,0.01,0.2,,,True,0.15000000000000013,0.16278820596099705,False,,,,,-0.36999999999999966,0.12041594578792295,True,,
Qmx0MDB0MDk=,793,184,14.1,0.019,0.004,blt00t09,Blt00t09,HU3,year_structure_built,housing,True,,0,,0,0,False,198788,2928,0.9,0.057,0.001,True,,,,,0.019,0.004,True,-197995,2933.7757242161506,True,-3.8000000000000003,0.4123105625617661,True
Qmx0MTBMdHI=,238,146,37.3,0.006,0.003,blt10ltr,Blt10Ltr,HU3,year_structure_built,housing,False,,0,,0,0,False,76678,1919,1.5,0.022,0.001,True,,,,,0.006,0.003,False,-76440,1924.5459204705924,True,-1.5999999999999996,0.31622776601683794,True
Qmx0NDB0NDk=,8771,559,3.9,0.205,0.013,blt40t49,Blt40t49,HU3,year_structure_built,housing,True,,0,,0,0,False,354913,3910,0.7,0.102,0.001,True,,,,,0.205,0.013,True,-346142,3949.7570811380288,True,10.3,1.3038404810405297,True
Qmx0NTB0NTk=,11300,666,3.6,0.264,0.015,blt50t59,Blt50t59,HU3,year_structure_built,housing,True,,0,,0,0,False,450809,4111,0.6,0.13,0.001,True,,,,,0.264,0.015,True,-439509,4164.598059837228,True,13.400000000000002,1.5033296378372907,True
Qmx0NjB0Njk=,7833,539,4.2,0.183,0.013,blt60t69,Blt60t69,HU3,year_structure_built,housing,True,,0,,0,0,False,440499,4325,0.6,0.127,0.001,True,,,,,0.183,0.013,True,-432666,4358.456837000913,True,5.600000000000001,1.3038404810405297,True
Qmx0NzB0Nzk=,1877,286,9.3,0.044,0.007,blt70t79,Blt70t79,HU3,year_structure_built,housing,True,,0,,0,0,False,245191,3241,0.8,0.071,0.001,True,,,,,0.044,0.007,True,-243314,3253.594473808929,True,-2.7,0.7071067811865476,True
Qmx0ODB0ODk=,499,158,19.3,0.012,0.004,blt80t89,Blt80t89,HU3,year_structure_built,housing,True,,0,,0,0,False,164132,2906,1.1,0.047,0.001,True,,,,,0.012,0.004,False,-163633,2910.292081561574,True,-3.5,0.4123105625617661,True
Qmx0OTB0OTk=,930,219,14.3,0.022,0.005,blt90t99,Blt90t99,HU3,year_structure_built,housing,True,,0,,0,0,False,127962,2842,1.4,0.037,0.001,True,,,,,0.022,0.005,True,-127032,2850.4254068471955,True,-1.5,0.5099019513592785,False
Qmx0QmYzOQ==,10526,533,3.1,0.246,0.012,bltbf39,BltBf39,HU3,year_structure_built,housing,True,,0,,0,0,False,1413382,6785,0.3,0.407,0.002,True,,,,,0.246,0.012,True,-1402856,6805.9028791189785,True,-16.099999999999994,1.2165525060596438,True
QnRSVlZFdGM=,0,0,,0,0,btrvvetc,BtRVVEtc,HU2,units_in_structure,housing,False,20,29,88.1,0,0.001,False,1902,346,11.1,0.001,0.001,True,-20,29,False,-1,0,True,0,0.001,-1902,346,True,-0.1,0.1,False
R1IxNWt0MTlr,7439,596,4.9,0.368,0.027,gr15kt19k,GR15kt19k,OcHUPRnt1,gross_rent,housing,True,,0,,0,0,False,442539,4873,0.7,0.214,0.002,True,,,,,0.368,0.027,True,-435100,4909.312069934035,True,15.399999999999999,2.7073972741361767,True
R1Ixa3QxNGs=,4633,446,5.9,0.229,0.021,gr1kt14k,GR1kt14k,OcHUPRnt1,gross_rent,housing,True,,0,,0,0,False,619998,5133,0.5,0.3,0.002,True,,,,,0.229,0.021,True,-615365,5152.339759759638,True,-7.099999999999998,2.1095023109728985,True
R1IyMGt0MjRr,3859,465,7.3,0.191,0.022,gr20kt24k,GR20kt24k,OcHUPRnt1,gross_rent,housing,True,,0,,0,0,False,206669,2799,0.8,0.1,0.001,True,,,,,0.191,0.022,True,-202810,2837.3625076820904,True,9.100000000000001,2.2022715545545237,True
R1IyNWt0Mjlr,1273,272,13,0.063,0.013,gr25kt29k,GR25kt29k,OcHUPRnt1,gross_rent,housing,True,,0,,0,0,False,102402,2683,1.6,0.05,0.001,True,,,,,0.063,0.013,True,-101129,2696.7523060155154,True,1.2999999999999998,1.3038404810405297,False
R1Iza3Bs,726,172,14.4,0.036,0.008,gr3kpl,GR3kpl,OcHUPRnt1,gross_rent,housing,True,,0,,0,0,False,147224,2968,1.2,0.071,0.001,True,,,,,0.036,0.008,True,-146498,2972.979650115352,True,-3.5,0.806225774829855,True
R1I1MDB0OTk5,1661,297,10.9,0.082,0.014,gr500t999,GR500t999,OcHUPRnt1,gross_rent,housing,True,,0,,0,0,False,321465,3260,0.6,0.156,0.002,True,,,,,0.082,0.014,True,-319804,3273.5010310064054,True,-7.399999999999999,1.4142135623730951,True
R1Jub1JudFBk,689,213,18.8,,,grnorntpd,GRnoRntPd,NA,gross_rent,housing,True,787,230,17.8,,,True,59425,1926,2,,,True,-98,313.4788669113119,False,-0.12452350698856417,0.3724422750485853,False,,,-58736,1937.7422429208689,True,,
R1JQSTE1dDE5,2342,332,8.6,0.119,0.016,grpi15t19,GRPI15t19,OcHUPRnt2,gross_rent_as_a_percentage_of_household_income__grapi_,housing,True,2405,345,8.7,0.123,0.017,True,222841,3644,1,0.111,0.002,True,-63,478.7995405177411,False,-0.026195426195426197,0.19639466922377863,False,-0.0040000000000000036,0.023345235059857503,False,-220499,3659.092783737521,True,0.7999999999999989,1.61245154965971,False
R1JQSTIwdDI0,2219,341,9.3,0.112,0.017,grpi20t24,GRPI20t24,OcHUPRnt2,gross_rent_as_a_percentage_of_household_income__grapi_,housing,True,2401,363,9.2,0.123,0.018,True,228606,3500,0.9,0.113,0.002,True,-182,498.0461825975579,False,-0.07580174927113703,0.19923461089263114,False,-0.010999999999999996,0.024758836806279896,False,-226387,3516.572336807534,True,-0.09999999999999964,1.711724276862369,False
R1JQSTI1dDI5,2298,344,9.1,0.116,0.017,grpi25t29,GRPI25t29,OcHUPRnt2,gross_rent_as_a_percentage_of_household_income__grapi_,housing,True,1652,284,10.5,0.085,0.014,True,211796,3409,1,0.105,0.002,True,646,446.0851936569964,False,0.3910411622276029,0.3170924969653698,False,0.031,0.022022715545545243,False,-209498,3426.312449266704,True,1.1000000000000014,1.711724276862369,False
R1JQSTMwdDM0,1768,319,11,0.089,0.016,grpi30t34,GRPI30t34,OcHUPRnt2,gross_rent_as_a_percentage_of_household_income__grapi_,housing,True,1584,287,11,0.081,0.014,True,188082,3046,1,0.093,0.001,True,184,429.1037170661657,False,0.11616161616161616,0.2854049856406887,False,0.007999999999999993,0.0212602916254693,False,-186314,3062.6584856950667,True,-0.40000000000000036,1.6031219541881399,False
R1JQSTM1cGw=,8103,584,4.4,0.41,0.026,grpi35pl,GRPI35pl,OcHUPRnt2,gross_rent_as_a_percentage_of_household_income__grapi_,housing,True,8407,579,4.2,0.431,0.026,True,889842,5729,0.4,0.442,0.003,True,-304,822.372786514729,False,-0.03616034257166647,0.09608288759213465,False,-0.02100000000000002,0.03676955262170047,False,-881739,5758.688826460412,True,-3.200000000000003,2.6172504656604803,False
R1JQSTUwcGw=,5176,479,5.6,0.262,0.022,grpi50pl,GRPI50pl,OcHUPRnt2,gross_rent_as_a_percentage_of_household_income__grapi_,housing,True,5638,483,5.2,0.289,0.023,True,584722,5029,0.5,0.29,0.002,True,-462,680.2426037819155,False,-0.08194395175594182,0.115774246887039,False,-0.02699999999999997,0.0318276609256791,False,-579546,5051.760287266212,True,-2.7999999999999936,2.209072203437452,False
R1JQSU50Qw==,1139,285,15.2,,,grpintc,GRPINtC,NA,gross_rent_as_a_percentage_of_household_income__grapi_,housing,True,1097,269,14.9,,,True,109433,2779,1.5,,,True,42,391.9004975755964,False,0.03828623518687329,0.3637557068063907,False,,,-108294,2793.5758446836558,True,,
R1JQSVUxNQ==,3029,397,8,0.153,0.019,grpiu15,GRPIU15,OcHUPRnt2,gross_rent_as_a_percentage_of_household_income__grapi_,housing,True,3059,392,7.8,0.157,0.019,True,273663,4314,1,0.136,0.002,True,-30,557.9184528226325,False,-0.009807126511932003,0.18150509192349137,False,-0.0040000000000000036,0.026870057685088804,False,-270634,4332.228641242288,True,1.6999999999999975,1.91049731745428,False
R1JVNTAw,618,189,18.5,0.031,0.009,gru500,GRU500,OcHUPRnt1,gross_rent,housing,True,,0,,0,0,False,224541,3382,0.9,0.109,0.002,True,,,,,0.031,0.009,True,-223923,3387.276929924685,True,-7.800000000000001,0.9219544457292886,True
SE9WYWNSdA==,2.2,1,27,,,hovacrt,HOVacRt,rate,housing_occupancy,housing,False,2.3,1,26.5,,,False,1.8,0.1,3.4,,,True,-0.09999999999999964,1.4142135623730951,False,,,,,0.40000000000000013,1.004987562112089,False,,
SE9WYWNV,19757,738,2.3,0,0,hovacu,HOVacU,HOVacRt,housing__special_variable,housing,True,18904,677,,0,0,False,1065868,7322,0.4,0,0,True,853,1001.485396798176,False,0.04512272534913246,0.05408292598538498,False,0,0,-1046111,7359.098314331723,True,0,0
SFUx,42767,255,0.4,1,0,hu1,HU1,HU1,housing_occupancy,housing,True,41520,268,0.4,1,0,True,3472354,1104,0,1,0,True,1247,369.9310746612131,True,0.030033718689788054,0.009051137618111015,True,0,0,-3429587,1133.0670765669613,True,0,0
SFUxMHQxOXU=,773,233,18.3,0.018,0.005,hu10t19u,HU10t19u,HU2,units_in_structure,housing,True,321,113,21.3,0.008,0.003,False,219295,3425,0.9,0.063,0.001,True,452,258.9555946489668,False,1.4080996884735202,1.1160116772677955,False,0.009999999999999998,0.0058309518948453,False,-218522,3432.9162529837513,True,-4.5,0.5099019513592785,True
SFUxdUE=,3415,311,5.5,0.08,0.007,hu1ua,HU1uA,HU2,units_in_structure,housing,True,3435,303,5.4,0.083,0.007,True,238949,3015,0.8,0.069,0.001,True,-20,434.20041455530645,False,-0.005822416302765648,0.1260469125072974,False,-0.0030000000000000027,0.009899494936611667,False,-235534,3030.9975255681093,True,1.0999999999999996,0.7071067811865476,False
SFUxdUQ=,3212,268,5.1,0.075,0.006,hu1ud,HU1uD,HU2,units_in_structure,housing,True,3846,298,4.7,0.093,0.007,True,319905,2742,0.5,0.092,0.001,True,-634,400.78423122672876,False,-0.16484659386375455,0.09509527038639957,False,-0.018000000000000002,0.009219544457292887,False,-316693,2755.065879430109,True,-1.6999999999999993,0.6082762530298219,False
SFUy,42767,255,0.4,1,0,hu2,HU2,HU2,units_in_structure,housing,True,41520,268,0.4,1,0,True,3472354,1104,0,1,0,True,1247,369.9310746612131,True,0.030033718689788054,0.009051137618111015,True,0,0,-3429587,1133.0670765669613,True,0,0
SFUyMHBsdQ==,31683,488,0.9,0.741,0.011,hu20plu,HU20plu,HU2,units_in_structure,housing,True,30389,458,0.9,0.732,0.01,True,1667213,4900,0.2,0.48,0.001,True,1294,669.2592920535359,False,0.042581197143703314,0.022467126216070877,False,0.009000000000000008,0.014866068747318505,False,-1635530,4924.240449043893,True,26.099999999999994,1.104536101718726,True
SFUydQ==,1706,240,8.6,0.04,0.006,hu2u,HU2u,HU2,units_in_structure,housing,True,1811,269,9,0.044,0.006,True,458656,4817,0.6,0.132,0.001,True,-105,360.50104022041324,False,-0.05797901711761458,0.19272102407993352,False,-0.003999999999999997,0.00848528137423857,False,-456950,4822.9751191562245,True,-9.200000000000001,0.6082762530298219,True
SFUz,42767,255,0.4,1,0,hu3,HU3,HU3,year_structure_built,housing,True,,0,,0,0,False,3472354,1104,0,1,0,True,,,,,1,0,True,-3429587,1133.0670765669613,True,0,0
SFUzdDR1,1007,205,12.4,0.024,0.005,hu3t4u,HU3t4u,HU2,units_in_structure,housing,True,620,164,16.1,0.015,0.004,True,333505,3795,0.7,0.096,0.001,True,387,262.5280937347468,False,0.6241935483870967,0.5421293190790561,False,0.009000000000000001,0.006403124237432849,False,-332498,3800.532857376713,True,-7.199999999999999,0.5099019513592785,True
SFU0,42767,255,0.4,1,0,hu4,HU4,HU4,rooms,housing,True,41520,268,0.4,1,0,True,3472354,1104,0,1,0,True,1247,369.9310746612131,True,0.030033718689788054,0.009051137618111015,True,0,0,-3429587,1133.0670765669613,True,0,0
SFU1dDl1,898,191,12.9,0.021,0.004,hu5t9u,HU5t9u,HU2,units_in_structure,housing,True,1014,202,12.1,0.024,0.005,True,228415,3185,0.8,0.066,0.001,True,-116,278.0017985553331,False,-0.11439842209072978,0.2580797859879598,False,-0.002999999999999999,0.006403124237432849,False,-227517,3190.7218618989655,True,-4.5,0.4123105625617661,True
SFVub01ydGcx,9471,573,3.7,0.501,0.024,hunomrtg1,HUnoMrtg1,OOcHU3,mortgage_status,housing,True,7622,507,4,0.417,0.024,True,422629,4549,0.7,0.41,0.003,True,1849,765.0999934649066,False,0.24258724744161636,0.11172889877143043,False,0.08400000000000002,0.03394112549695428,False,-413158,4584.94601931146,True,9.100000000000001,2.4186773244895647,True
SFVub01ydGcy,9385,571,3.7,1,0,hunomrtg2,HUnoMrtg2,HUnoMrtg2,selected_monthly_owner_costs_as_a_percentage_of_household_income__smocapi_,housing,True,7562,505,4.1,1,0,True,416370,4562,0.7,1,0,True,1823,762.2768525935967,False,0.2410737900026448,0.1121195945617194,False,0,0,-406985,4597.595567250342,True,0,0
SFV3TXJ0Zw==,9446,553,3.6,0.499,0.023,huwmrtg,HUwMrtg,OOcHU3,mortgage_status,housing,True,10642,604,3.4,0.583,0.026,True,607211,5367,0.5,0.59,0.003,True,-1196,818.91696770796,False,-0.11238489005825973,0.07237514551552932,False,-0.08399999999999996,0.03471310991541956,False,-597765,5395.414534583974,True,-9.100000000000001,2.3194827009486403,True
SFV3TXJ0Z0V4,9384,551,3.6,1,0,huwmrtgex,HUwMrtgEx,HUwMrtgEx,selected_monthly_owner_costs_as_a_percentage_of_household_income__smocapi_,housing,True,10606,603,3.5,1,0,True,603062,5350,0.5,1,0,True,-1222,816.8292355198852,False,-0.11521780124457855,0.07231506687713557,False,0,0,-593678,5378.299080564412,True,0,0
TWRHUg==,1714,46,1.6,,,mdgr,MdGR,median,gross_rent,housing,True,1476,51,2.1,,,True,1396,4,0.2,,,True,238,68.6804193347711,True,0.16124661246612465,0.05080592588675749,True,,,318,46.17358552246078,True,,
TWRSbXM=,3.7,0.1,1.4,,,mdrms,MdRms,median,rooms,housing,True,3.7,0.1,1.4,,,True,4,0.1,1.5,,,True,0,0.14142135623730953,,,,,-0.2999999999999998,0.14142135623730953,False,,
TWRWbA==,382183,17779,2.8,,,mdvl,MdVl,median,value,housing,True,411976,28564,4.2,,,True,570500,2845,0.3,,,True,-29793,33645.13244140971,False,-0.07231731945550227,0.07745620154818458,False,,,-188317,18005.18997400472,True,,
TW9iSG0=,73,54,45.2,0.002,0.001,mobhm,MobHm,HU2,units_in_structure,housing,False,64,78,74.2,0.002,0.002,False,4514,450,6.1,0.001,0.001,True,9,94.86832980505137,False,0.140625,1.6261593277772681,False,0,0.0022360679774997894,-4441,453.2284192325102,True,0.1,0.14142135623730953,False
TXYwMHQwOQ==,10755,662,3.7,0.27,0.016,mv00t09,Mv00t09,OcHU3,year_householder_moved_into_unit,housing,True,,0,,0,0,False,830839,6308,0.5,0.263,0.002,True,,,,,0.27,0.016,True,-820084,6342.642036249563,True,0.6999999999999993,1.61245154965971,False
TXYxMEx0cg==,16736,839,3,0.42,0.02,mv10ltr,Mv10Ltr,OcHU3,year_householder_moved_into_unit,housing,True,,0,,0,0,False,1341699,7655,0.3,0.425,0.002,True,,,,,0.42,0.02,True,-1324963,7700.840603466611,True,-0.5,2.009975124224178,False
TXY4MHQ4OQ==,,0,,0,0,mv80t89,Mv80t89,OcHU3,year_householder_moved_into_unit,housing,False,,0,,0,0,False,,0,,0,0,False,,,,,0,0,,,0,0
TXY5MHQ5OQ==,5906,494,5.1,0.148,0.012,mv90t99,Mv90t99,OcHU3,year_householder_moved_into_unit,housing,True,,0,,0,0,False,460385,4845,0.6,0.146,0.001,True,,,,,0.148,0.012,True,-454479,4870.119197719908,True,0.1999999999999993,1.2041594578792296,False
TXZCZjc5,,0,,0,0,mvbf79,MvBf79,OcHU3,year_householder_moved_into_unit,housing,False,,0,,0,0,False,,0,,0,0,False,,,,,0,0,,,0,0
TXZCZjg5,6418,481,4.6,0.161,0.012,mvbf89,MvBf89,OcHU3,year_householder_moved_into_unit,housing,True,,0,,0,0,False,521180,4786,0.6,0.165,0.001,True,,,,,0.161,0.012,True,-514762,4810.109874004958,True,-0.3999999999999986,1.2041594578792296,False
Tk1TTVAxMDE0,1020,198,11.8,0.109,0.02,nmsmp1014,NMSMP1014,HUnoMrtg2,selected_monthly_owner_costs_as_a_percentage_of_household_income__smocapi_,housing,True,954,178,11.3,0.126,0.022,True,61830,1682,1.7,0.148,0.004,True,66,266.2480046873591,False,0.06918238993710692,0.287875855670268,False,-0.017,0.02973213749463701,False,-60810,1693.6138875198208,True,-3.8999999999999986,2.039607805437114,False
Tk1TTVAxNTE5,903,218,14.7,0.096,0.022,nmsmp1519,NMSMP1519,HUnoMrtg2,selected_monthly_owner_costs_as_a_percentage_of_household_income__smocapi_,housing,True,962,199,12.6,0.127,0.025,True,40494,1193,1.8,0.097,0.003,True,-59,295.16944286290885,False,-0.061330561330561334,0.29842272332124187,False,-0.031,0.03330165161069343,False,-39591,1212.7543032288115,True,-0.10000000000000142,2.2203603311174516,False
Tk1TTVAyMDI0,459,136,18.1,0.049,0.014,nmsmp2024,NMSMP2024,HUnoMrtg2,selected_monthly_owner_costs_as_a_percentage_of_household_income__smocapi_,housing,True,419,120,17.4,0.055,0.015,True,28114,1114,2.4,0.068,0.002,True,40,181.37254478007415,False,0.0954653937947494,0.45142515013110135,False,-0.005999999999999998,0.020518284528683192,False,-27655,1122.2709120350576,True,-1.9000000000000004,1.4142135623730951,False
Tk1TTVAyNTI5,418,128,18.7,0.045,0.013,nmsmp2529,NMSMP2529,HUnoMrtg2,selected_monthly_owner_costs_as_a_percentage_of_household_income__smocapi_,housing,True,496,168,20.6,0.066,0.022,False,20385,1033,3.1,0.049,0.002,True,-78,211.20606051910536,False,-0.15725806451612903,0.3848065180990114,False,-0.021000000000000005,0.025553864678361272,False,-19967,1040.9000912671686,True,-0.40000000000000036,1.3152946437965907,False
Tk1TTVAzMDM0,295,116,23.8,0.031,0.012,nmsmp3034,NMSMP3034,HUnoMrtg2,selected_monthly_owner_costs_as_a_percentage_of_household_income__smocapi_,housing,False,462,154,20.2,0.061,0.02,False,16215,837,3.1,0.039,0.002,True,-167,192.80041493731284,False,-0.36147186147186144,0.3291569795990601,False,-0.03,0.0233238075793812,False,-15920,845,True,-0.7999999999999998,1.2165525060596438,False
Tk1TTVAzNXBs,1622,274,10.3,0.173,0.027,nmsmp35pl,NMSMP35pl,HUnoMrtg2,selected_monthly_owner_costs_as_a_percentage_of_household_income__smocapi_,housing,True,1108,215,11.8,0.147,0.027,True,78141,1841,1.4,0.188,0.004,True,514,348.28293096274473,False,0.463898916967509,0.3766211821497973,False,0.025999999999999995,0.03818376618407356,False,-76519,1861.2783241632617,True,-1.5000000000000036,2.7294688127912363,False
Tk1TTVBOdEM=,86,55,38.9,,,nmsmpntc,NMSMPNtC,NA,selected_monthly_owner_costs_as_a_percentage_of_household_income__smocapi_,housing,False,60,49,49.4,,,False,6259,564,5.5,,,True,26,73.66138744281159,False,0.43333333333333335,1.4867676639003664,False,,,-6173,566.6753920896865,True,,
Tk1TTVBVMTA=,4668,418,5.4,0.497,0.033,nmsmpu10,NMSMPU10,HUnoMrtg2,selected_monthly_owner_costs_as_a_percentage_of_household_income__smocapi_,housing,True,3161,342,6.6,0.418,0.036,True,171191,2946,1,0.411,0.005,True,1507,540.0814753349721,False,0.47674786459981017,0.2073993162058506,False,0.07900000000000001,0.04883646178829912,False,-166523,2975.506679542158,True,8.600000000000009,3.3376638536557275,False
Tm9WaGNsQXY=,17393,728,2.5,0.437,0.017,novhclav,NoVhclAv,OcHU4,vehicles_available,housing,True,16908,693,2.5,0.435,0.017,True,1721745,6312,0.2,0.546,0.002,True,485,1005.1034772599287,False,0.028684646321268038,0.06026206740361255,False,0.0020000000000000018,0.024041630560342617,False,-1704352,6353.84356118405,True,-10.899999999999999,1.711724276862369,True
T2NIVTE=,39815,510,0.8,0.931,0.011,ochu1,OcHU1,HU1,housing_occupancy,housing,True,38869,483,0.8,0.936,0.01,True,3154103,5930,0.1,0.908,0.002,True,946,702.416543085369,False,0.024338161516890066,0.0182806627618593,False,-0.0050000000000000044,0.014866068747318505,False,-3114288,5951.890455981192,True,2.3000000000000114,1.1180339887498947,False
T2NIVTI=,39815,510,0.8,1,0,ochu2,OcHU2,OcHU2,housing_tenure,housing,True,38869,483,0.8,1,0,True,3154103,5930,0.1,1,0,True,946,702.416543085369,False,0.024338161516890066,0.0182806627618593,False,0,0,-3114288,5951.890455981192,True,0,0
T2NIVTM=,39815,510,0.8,1,0,ochu3,OcHU3,OcHU3,year_householder_moved_into_unit,housing,True,,0,,0,0,False,3154103,5930,0.1,1,0,True,,,,,1,0,True,-3114288,5951.890455981192,True,0,0
T2NIVTQ=,39815,510,0.8,1,0,ochu4,OcHU4,OcHU4,vehicles_available,housing,True,38869,483,0.8,1,0,True,3154103,5930,0.1,1,0,True,946,702.416543085369,False,0.024338161516890066,0.0182806627618593,False,0,0,-3114288,5951.890455981192,True,0,0
T2NIVTU=,39815,510,0.8,1,0,ochu5,OcHU5,OcHU5,occupants_per_room,housing,True,38869,483,0.8,1,0,True,3154103,5930,0.1,1,0,True,946,702.416543085369,False,0.024338161516890066,0.0182806627618593,False,0,0,-3114288,5951.890455981192,True,0,0
T2NIVVBSbnQx,20209,687,2.1,1,0,ochuprnt1,OcHUPRnt1,OcHUPRnt1,gross_rent,housing,True,19818,664,2,1,0,True,2064838,5484,0.2,1,0,True,391,955.4396893577323,False,0.019729538803108286,0.04867242168668923,False,0,0,-2044629,5526.863938980225,True,0,0
T2NIVVBSbnQy,19759,688,2.1,1,0,ochuprnt2,OcHUPRnt2,OcHUPRnt2,gross_rent_as_a_percentage_of_household_income__grapi_,housing,True,19508,667,2.1,1,0,True,2014830,5642,0.2,1,0,True,251,958.2447495290543,False,0.012866516301004716,0.04942782641322399,False,0,0,-1995071,5683.793451560322,True,0,0
T2NQUjB0MQ==,37045,604,1,0.93,0.009,ocpr0t1,OcPR0t1,OcHU5,occupants_per_room,housing,True,37334,522,0.8,0.961,0.006,True,2869497,6842,0.1,0.91,0.001,True,-289,798.3107164506813,False,-0.0077409331976214715,0.021312326836602037,False,-0.030999999999999917,0.010816653826391968,False,-2832452,6868.60830154115,True,2,0.9055385138137416,False
T2NQUjFwNXBs,1475,302,12.4,0.037,0.008,ocpr1p5pl,OcPR1p5pl,OcHU5,occupants_per_room,housing,True,516,156,18.4,0.013,0.004,True,111644,2464,1.3,0.035,0.001,True,959,339.91175325369375,False,1.8585271317829457,1.0437405393117232,False,0.024,0.008944271909999158,False,-110169,2482.4383174612817,True,0.1999999999999993,0.806225774829855,False
T2NQUjFwbA==,2770,393,8.6,0.07,0.01,ocpr1pl,OcPR1pl,OcHU5,occupants_per_room,housing,True,1535,253,10,0.039,0.006,True,284606,3868,0.8,0.09,0.001,True,1235,467.3949079739744,False,0.8045602605863192,0.39244546402168456,False,0.031000000000000007,0.0116619037896906,False,-281836,3887.9137078901326,True,-1.9999999999999991,1.004987562112089,False
T09jSFUx,18917,690,2.2,0.475,0.016,oochu1,OOcHU1,OcHU2,housing_tenure,housing,True,18264,640,2.1,0.47,0.015,True,1029840,7102,0.4,0.327,0.002,True,653,941.1163583744574,False,0.03575339465615418,0.05238854126074251,False,0.0050000000000000044,0.021931712199461308,False,-1010923,7135.440000448466,True,14.799999999999997,1.61245154965971,True
T09jSFUy,18917,690,2.2,1,0,oochu2,OOcHU2,OOcHU2,value,housing,True,18264,640,2.1,1,0,True,1029840,7102,0.4,1,0,True,653,941.1163583744574,False,0.03575339465615418,0.05238854126074251,False,0,0,-1010923,7135.440000448466,True,0,0
T09jSFUz,18917,690,2.2,1,0,oochu3,OOcHU3,OOcHU3,mortgage_status,housing,True,18264,640,2.1,1,0,True,1029840,7102,0.4,1,0,True,653,941.1163583744574,False,0.03575339465615418,0.05238854126074251,False,0,0,-1010923,7135.440000448466,True,0,0
T09jSFU0,18917,690,2.2,0,0,oochu4,OOcHU4,AvgHHSOOc,housing__special_variable,housing,True,18264,640,,0,0,False,1029840,7102,0.4,0,0,True,653,941.1163583744574,False,0.03575339465615418,0.05238854126074251,False,0,0,-1010923,7135.440000448466,True,0,0
T09jSFU1,18917,690,2.2,0.049,0.003,oochu5,OOcHU5,MdVl,housing__special_variable,housing,True,18264,0,,0,0,False,1029840,7102,0.4,0,0,True,653,690,False,0.03575339465615418,0.03777923784494086,False,0.049,0.003,True,-1010923,7135.440000448466,True,4.9,0.3,True
T1YxMDB0MTI0,412,142,20.9,0.001,0,ov100t124,OV100t124,MdVl,housing__special_variable,housing,False,550,0,,0,0,False,13231,0,,0,0,False,-138,142,False,-0.2509090909090909,0.25818181818181823,False,0.001,0,True,-12819,142,True,0.1,0,True
T1YxMjV0MTQ5,195,88,27.6,0.001,0,ov125t149,OV125t149,MdVl,housing__special_variable,housing,False,258,0,,0,0,False,7768,0,,0,0,False,-63,88,False,-0.2441860465116279,0.3410852713178295,False,0.001,0,True,-7573,88,True,0.1,0,True
T1YxNTB0MTc0,574,171,18.1,0.002,0,ov150t174,OV150t174,MdVl,housing__special_variable,housing,True,900,0,,0,0,False,15896,0,,0,0,False,-326,171,False,-0.3622222222222222,0.19,False,0.002,0,True,-15322,171,True,0.2,0,True
T1YxNTB0MTk5bQ==,420,106,15.4,0.001,0,ov150t199m,OV150t199m,MdVl,housing__special_variable,housing,True,,0,,0,0,False,32941,0,,0,0,False,,,,,0.001,0,True,-32521,106,True,0.1,0,True
T1YxNzV0MTk5,797,206,15.7,0.002,0.001,ov175t199,OV175t199,MdVl,housing__special_variable,housing,True,917,0,,0,0,False,11331,0,,0,0,False,-120,206,False,-0.13086150490730644,0.22464558342420934,False,0.002,0.001,False,-10534,206,True,0.2,0.1,False
T1YxbWlscGw=,,0,,0,0,ov1milpl,OV1milpl,MdVl,housing__special_variable,housing,False,1138,0,,0,0,False,,0,,0,0,False,,,,,0,0,,,0,0
T1YxdDE0OW0=,1314,185,8.5,0.003,0,ov1t149m,OV1t149m,MdVl,housing__special_variable,housing,True,,0,,0,0,False,83619,0,,0,0,False,,,,,0.003,0,True,-82305,185,True,0.3,0,True
T1YyMDB0MjQ5,2132,296,8.4,0.006,0.001,ov200t249,OV200t249,MdVl,housing__special_variable,housing,True,2695,0,,0,0,False,35377,0,,0,0,False,-563,296,False,-0.20890538033395176,0.1098330241187384,False,0.006,0.001,True,-33245,296,True,0.6,0.1,True
T1YyNTB0Mjk5,2169,321,9,0.006,0.001,ov250t299,OV250t299,MdVl,housing__special_variable,housing,True,1681,0,,0,0,False,38906,0,,0,0,False,488,321,False,0.2903033908387864,0.19095776323616895,False,0.006,0.001,True,-36737,321,True,0.6,0.1,True
T1YybWlscGw=,408,111,16.5,0.001,0,ov2milpl,OV2milpl,MdVl,housing__special_variable,housing,True,,0,,0,0,False,67179,0,,0,0,False,,,,,0.001,0,True,-66771,111,True,0.1,0,True
T1YzMDB0Mzk5,3247,399,7.5,0.008,0.001,ov300t399,OV300t399,MdVl,housing__special_variable,housing,True,2292,0,,0,0,False,120392,0,,0,0,False,955,399,False,0.4166666666666667,0.17408376963350786,False,0.008,0.001,True,-117145,399,True,0.8,0.1,True
T1Y0MDB0NDk5,1699,282,10.1,0.004,0.001,ov400t499,OV400t499,MdVl,housing__special_variable,housing,True,1514,0,,0,0,False,148171,0,,0,0,False,185,282,False,0.12219286657859973,0.18626155878467637,False,0.004,0.001,True,-146472,282,True,0.4,0.1,True
T1Y1MDB0NzQ5,2863,295,6.3,0.007,0.001,ov500t749,OV500t749,MdVl,housing__special_variable,housing,True,4168,0,,0,0,False,268532,0,,0,0,False,-1305,295,True,-0.31309980806142035,0.07077735124760076,True,0.007,0.001,True,-265669,295,True,0.7000000000000001,0.1,True
T1Y3NTB0OTk5,2176,273,7.6,0.006,0.001,ov750t999,OV750t999,MdVl,housing__special_variable,housing,True,1325,0,,0,0,False,138421,0,,0,0,False,851,273,True,0.6422641509433962,0.20603773584905657,True,0.006,0.001,True,-136245,273,True,0.6,0.1,True
T1ZsMTB0MTQ=,14,23,99.9,0,0,ovl10t14,OVl10t14,MdVl,housing__special_variable,housing,False,47,0,,0,0,False,2917,0,,0,0,False,-33,23,False,-0.7021276595744681,0.48936170212765956,False,0,0,-2903,23,True,0,0
T1ZsMTV0MTk=,11,19,105,0,0,ovl15t19,OVl15t19,MdVl,housing__special_variable,housing,False,58,0,,0,0,False,4013,0,,0,0,False,-47,19,False,-0.8103448275862069,0.3275862068965517,False,0,0,-4002,19,True,0,0
T1ZsMjB0MjQ=,20,31,94.2,0,0,ovl20t24,OVl20t24,MdVl,housing__special_variable,housing,False,21,0,,0,0,False,3874,0,,0,0,False,-1,31,False,-0.047619047619047616,1.476190476190476,False,0,0,-3854,31,True,0,0
T1ZsMjV0Mjk=,0,0,,0,0,ovl25t29,OVl25t29,MdVl,housing__special_variable,housing,False,24,0,,0,0,False,2288,0,,0,0,False,-24,0,True,-1,0,True,0,0,-2288,0,True,0,0
T1ZsMzB0MzQ=,0,0,,0,0,ovl30t34,OVl30t34,MdVl,housing__special_variable,housing,False,31,0,,0,0,False,3079,0,,0,0,False,-31,0,True,-1,0,True,0,0,-3079,0,True,0,0
T1ZsMzV0Mzk=,32,36,67.5,0,0,ovl35t39,OVl35t39,MdVl,housing__special_variable,housing,False,0,0,,0,0,False,2086,0,,0,0,False,32,36,False,0,,0,0,-2054,36,True,0,0
T1ZsNDB0NDk=,7,10,86.8,0,0,ovl40t49,OVl40t49,MdVl,housing__special_variable,housing,False,42,0,,0,0,False,3477,0,,0,0,False,-35,10,True,-0.8333333333333334,0.23809523809523805,True,0,0,-3470,10,True,0,0
T1ZsNTB0NTk=,48,57,72.5,0,0,ovl50t59,OVl50t59,MdVl,housing__special_variable,housing,False,61,0,,0,0,False,3873,0,,0,0,False,-13,57,False,-0.21311475409836064,0.9344262295081966,False,0,0,-3825,57,True,0,0
T1ZsNjB0Njk=,124,95,46.5,0,0,ovl60t69,OVl60t69,MdVl,housing__special_variable,housing,False,50,0,,0,0,False,2754,0,,0,0,False,74,95,False,1.48,1.9000000000000001,False,0,0,-2630,95,True,0,0
T1ZsNzB0Nzk=,29,37,76.8,0,0,ovl70t79,OVl70t79,MdVl,housing__special_variable,housing,False,141,0,,0,0,False,2338,0,,0,0,False,-112,37,False,-0.7943262411347518,0.26241134751773054,False,0,0,-2309,37,True,0,0
T1ZsODB0ODk=,48,38,48.2,0,0,ovl80t89,OVl80t89,MdVl,housing__special_variable,housing,False,250,0,,0,0,False,2670,0,,0,0,False,-202,38,True,-0.808,0.152,True,0,0,-2622,38,True,0,0
T1ZsOTB0OTk=,91,86,57.4,0,0,ovl90t99,OVl90t99,MdVl,housing__special_variable,housing,False,101,0,,0,0,False,2976,0,,0,0,False,-10,86,False,-0.09900990099009901,0.8514851485148514,False,0,0,-2885,86,True,0,0
T1ZsVTEw,87,55,38.3,0,0,ovlu10,OVlU10,MdVl,housing__special_variable,housing,False,0,0,,0,0,False,11731,0,,0,0,False,87,55,False,0,,0,0,-11644,55,True,0,0
UG9wT09jSFU=,43125,1980,2.8,0,0,popoochu,PopOOcHU,AvgHHSOOc,housing__special_variable,housing,True,41556,1709,,0,0,False,2939232,19664,0.4,0,0,True,1569,2615.5460232999153,False,0.037756280681490034,0.06396563365745361,False,0,0,-2896107,19763.433304970065,True,0,0
UG9wUnRPY0hV,44731,2039,2.8,0,0,poprtochu,PopRtOcHU,AvgHHSROc,housing__special_variable,housing,True,40991,1852,,0,0,False,5327412,19698,0.2,0,0,True,3740,2754.5280902543,False,0.0912395403869142,0.07003646141017607,False,0,0,-5282681,19803.250364523497,True,0,0
UjEwMHQxNDk=,0,0,,0,0,r100t149,R100t149,MdGR,housing__special_variable,housing,False,0,0,,0,0,False,5502,0,,0,0,False,0,0,0,,,,-5502,0,True,0,0
UjEyNTB0MXA1,2542,371,8.9,0,0,r1250t1p5,R1250t1p5,MdGR,housing__special_variable,housing,True,3803,0,,0,0,False,319740,0,,0,0,False,-1261,371,True,-0.331580331317381,0.09755456218774654,True,0,0,-317198,371,True,0,0
UjE1MHQxOTk=,0,0,,0,0,r150t199,R150t199,MdGR,housing__special_variable,housing,False,33,0,,0,0,False,10787,0,,0,0,False,-33,0,True,-1,0,True,0,0,-10787,0,True,0,0
UjFrdDEyNDk=,2091,295,8.6,0,0,r1kt1249,R1kt1249,MdGR,housing__special_variable,housing,True,4018,0,,0,0,False,300258,0,,0,0,False,-1927,295,True,-0.47959183673469385,0.07341961174713788,True,0,0,-298167,295,True,0,0
UjFwNXQxOTk5,7439,596,4.9,0,0,r1p5t1999,R1p5t1999,MdGR,housing__special_variable,housing,True,4434,0,,0,0,False,442539,0,,0,0,False,3005,596,True,0.6777176364456473,0.13441587731168247,True,0,0,-435100,596,True,0,0
UjIwMDBwbA==,,0,,0,0,r2000pl,R2000pl,MdGR,housing__special_variable,housing,False,2123,0,,0,0,False,,0,,0,0,False,,,,,0,0,,,0,0
UjIwMHQyNDk=,35,37,64.1,0.02,0.022,r200t249,R200t249,MdGR,housing__special_variable,housing,False,93,0,,0,0,False,45910,0,,0,0,False,-58,37,False,-0.6236559139784946,0.3978494623655915,False,0.02,0.022,False,-45875,37,True,2,2.1999999999999997,False
UjI1MHQyOTk=,239,135,34.4,0.139,0.079,r250t299,R250t299,MdGR,housing__special_variable,housing,False,96,0,,0,0,False,45125,0,,0,0,False,143,135,False,1.4895833333333333,1.40625,False,0.139,0.079,False,-44886,135,True,13.900000000000002,7.9,False
UjJrdDI0OTk=,3859,465,7.3,0,0,r2kt2499,R2kt2499,MdGR,housing__special_variable,housing,True,,0,,0,0,False,206669,0,,0,0,False,,,,,0,0,-202810,465,True,0,0
UjJwNXQyOTk5,1273,272,13,0.743,0.157,r2p5t2999,R2p5t2999,MdGR,housing__special_variable,housing,True,,0,,0,0,False,102402,0,,0,0,False,,,,,0.743,0.157,True,-101129,272,True,74.3,15.7,True
UjMwMHQzNDk=,51,33,38.8,0.03,0.019,r300t349,R300t349,MdGR,housing__special_variable,housing,False,100,0,,0,0,False,33082,0,,0,0,False,-49,33,False,-0.49,0.32999999999999996,False,0.03,0.019,False,-33031,33,True,3,1.9,False
UjM1MDBwbA==,382,125,20,0.223,0.073,r3500pl,R3500pl,MdGR,housing__special_variable,housing,False,,0,,0,0,False,75693,0,,0,0,False,,,,,0.223,0.073,True,-75311,125,True,22.3,7.3,True
UjM1MHQzOTk=,147,110,45.5,0.086,0.064,r350t399,R350t399,MdGR,housing__special_variable,housing,False,67,0,,0,0,False,28881,0,,0,0,False,80,110,False,1.1940298507462686,1.6417910447761193,False,0.086,0.064,False,-28734,110,True,8.6,6.4,False
UjNrdDM0OTk=,344,119,21,0.201,0.069,r3kt3499,R3kt3499,MdGR,housing__special_variable,housing,False,,0,,0,0,False,71531,0,,0,0,False,,,,,0.201,0.069,False,-71187,119,True,20.1,6.9,False
UjQwMHQ0NDk=,41,34,50.4,0.024,0.02,r400t449,R400t449,MdGR,housing__special_variable,housing,False,141,0,,0,0,False,27143,0,,0,0,False,-100,34,False,-0.7092198581560284,0.24113475177304963,False,0.024,0.02,False,-27102,34,True,2.4,2,False
UjQ1MHQ0OTk=,96,76,48.1,0.056,0.044,r450t499,R450t499,MdGR,housing__special_variable,housing,False,176,0,,0,0,False,24808,0,,0,0,False,-80,76,False,-0.45454545454545453,0.43181818181818177,False,0.056,0.044,False,-24712,76,True,5.6000000000000005,4.3999999999999995,False
UjUwMHQ1NDk=,97,75,46.8,0.057,0.043,r500t549,R500t549,MdGR,housing__special_variable,housing,False,96,0,,0,0,False,25042,0,,0,0,False,1,75,False,0.010416666666666666,0.7812500000000001,False,0.057,0.043,False,-24945,75,True,5.7,4.3,False
UjU1MHQ1OTk=,66,48,44.2,0.039,0.028,r550t599,R550t599,MdGR,housing__special_variable,housing,False,232,0,,0,0,False,21884,0,,0,0,False,-166,48,True,-0.7155172413793104,0.20689655172413793,True,0.039,0.028,False,-21818,48,True,3.9,2.8000000000000003,False
UjYwMHQ2NDk=,180,83,28.2,0.105,0.049,r600t649,R600t649,MdGR,housing__special_variable,housing,False,281,0,,0,0,False,26207,0,,0,0,False,-101,83,False,-0.3594306049822064,0.2953736654804271,False,0.105,0.049,False,-26027,83,True,10.5,4.9,False
UjY1MHQ2OTk=,193,99,31.1,0.113,0.057,r650t699,R650t699,MdGR,housing__special_variable,housing,False,477,0,,0,0,False,24542,0,,0,0,False,-284,99,False,-0.5953878406708596,0.2075471698113208,False,0.113,0.057,False,-24349,99,True,11.3,5.7,False
UjcwMHQ3NDk=,147,106,43.7,0.086,0.062,r700t749,R700t749,MdGR,housing__special_variable,housing,False,508,0,,0,0,False,30651,0,,0,0,False,-361,106,True,-0.7106299212598425,0.2086614173228346,True,0.086,0.062,False,-30504,106,True,8.6,6.2,False
Ujc1MHQ3OTk=,194,137,42.8,0.113,0.08,r750t799,R750t799,MdGR,housing__special_variable,housing,False,419,0,,0,0,False,29122,0,,0,0,False,-225,137,False,-0.5369928400954654,0.32696897374701667,False,0.113,0.08,False,-28928,137,True,11.3,8,False
UjgwMHQ4OTk=,269,117,26.5,0.157,0.068,r800t899,R800t899,MdGR,housing__special_variable,housing,False,1255,0,,0,0,False,72067,0,,0,0,False,-986,117,True,-0.7856573705179283,0.09322709163346614,True,0.157,0.068,False,-71798,117,True,15.7,6.800000000000001,False
UjkwMHQ5OTk=,515,136,16.1,0.3,0.079,r900t999,R900t999,MdGR,housing__special_variable,housing,True,1466,0,,0,0,False,91950,0,,0,0,False,-951,136,True,-0.6487039563437926,0.09276944065484312,True,0.3,0.079,True,-91435,136,True,30,7.9,True
Um1zMQ==,4255,502,7.2,0.099,0.012,rms1,Rms1,HU4,rooms,housing,True,2331,377,9.8,0.056,0.009,True,249334,3795,0.9,0.072,0.001,True,1924,627.8001274291046,True,0.8253968253968254,0.36542887206087354,False,0.043000000000000003,0.015,False,-245079,3828.058123905644,True,2.700000000000001,1.2041594578792296,False
Um1zMg==,3411,381,6.8,0.08,0.009,rms2,Rms2,HU4,rooms,housing,True,3950,415,6.4,0.095,0.01,True,217843,3969,1.1,0.063,0.001,True,-539,563.3702157551462,False,-0.13645569620253165,0.13241999383032074,False,-0.015,0.01345362404707371,False,-214432,3987.2449134709545,True,1.7000000000000002,0.9055385138137416,False
Um1zMw==,11840,709,3.6,0.277,0.016,rms3,Rms3,HU4,rooms,housing,True,11851,651,3.3,0.285,0.016,True,858518,5824,0.4,0.247,0.002,True,-11,962.5393498449816,False,-0.0009281917137794279,0.08118561934677133,False,-0.007999999999999952,0.02262741699796952,False,-846678,5866.997272881589,True,3.0000000000000036,1.61245154965971,False
Um1zNA==,11394,663,3.5,0.266,0.015,rms4,Rms4,HU4,rooms,housing,True,10620,673,3.9,0.256,0.016,True,897981,5949,0.4,0.259,0.002,True,774,944.7211228717182,False,0.07288135593220339,0.09230388885228472,False,0.010000000000000009,0.021931712199461308,False,-886587,5985.830769408704,True,0.6999999999999993,1.5132745950421556,False
Um1zNQ==,5041,458,5.5,0.118,0.011,rms5,Rms5,HU4,rooms,housing,True,5773,510,5.4,0.139,0.012,True,575537,5417,0.6,0.166,0.002,True,-732,685.4662646695314,False,-0.12679715918932963,0.11065581137052415,False,-0.02100000000000002,0.016278820596099707,False,-570496,5436.327160868816,True,-4.8000000000000025,1.1180339887498947,True
Um1zNg==,3184,336,6.4,0.074,0.008,rms6,Rms6,HU4,rooms,housing,True,3183,363,6.9,0.077,0.009,True,333731,3968,0.7,0.096,0.001,True,1,494.63622997107683,False,0.00031416902293433867,0.15542567682552064,False,-0.0030000000000000027,0.012041594578792296,False,-330547,3982.2003967655874,True,-2.2,0.806225774829855,False
Um1zNw==,1591,231,8.8,0.037,0.005,rms7,Rms7,HU4,rooms,housing,True,1823,257,8.6,0.044,0.006,True,138753,2250,1,0.04,0.001,True,-232,345.5575205374642,False,-0.1272627537026879,0.17661877488556685,False,-0.006999999999999999,0.0078102496759066544,False,-137162,2261.826916454926,True,-0.30000000000000027,0.5099019513592785,False
Um1zOA==,925,176,11.6,0.022,0.004,rms8,Rms8,HU4,rooms,housing,True,799,168,12.7,0.019,0.004,True,81508,1686,1.3,0.023,0.001,True,126,243.3105012119288,False,0.15769712140175218,0.3282908017081586,False,0.002999999999999999,0.00565685424949238,False,-80583,1695.1613492526308,True,-0.10000000000000009,0.4123105625617661,False
Um1zOXBs,1126,161,8.7,0.026,0.004,rms9pl,Rms9pl,HU4,rooms,housing,True,1190,196,10,0.029,0.005,True,119149,2284,1.2,0.034,0.001,True,-64,253.64739304790814,False,-0.05378151260504202,0.20638076392820984,False,-0.0030000000000000027,0.006403124237432849,False,-118023,2289.667443101727,True,-0.8000000000000003,0.4123105625617661,False
Um50VmFjUnQ=,2.1,0.9,26.5,,,rntvacrt,RntVacRt,rate,housing_occupancy,housing,False,2.4,1.1,27.1,,,False,3.4,0.1,1.8,,,True,-0.2999999999999998,1.4212670403551897,False,,,,,-1.2999999999999998,0.9055385138137417,False,,
Um50VmFjVQ==,21454,724,2.1,0,0,rntvacu,RntVacU,RntVacRt,housing__special_variable,housing,True,21268,672,,0,0,False,2220132,6374,0.2,0,0,True,186,987.8056489006327,False,0.008745533195410946,0.046634055846774984,False,0,0,-2198678,6414.986515964005,True,0,0
Uk9jQ3NoUm50,20209,687,2.1,0,0,roccshrnt,ROcCshRnt,MdGR,housing__special_variable,housing,True,19818,0,,0,0,False,2064838,5484,0.2,0,0,True,391,687,False,0.019729538803108286,0.03466545564638208,False,0,0,-2044629,5526.863938980225,True,0,0
Uk9jSFUx,20898,689,2,0.525,0.016,rochu1,ROcHU1,OcHU2,housing_tenure,housing,True,20605,658,1.9,0.53,0.016,True,2124263,5727,0.2,0.673,0.002,True,293,952.7250390327736,False,0.014219849551079834,0.04655234597706948,False,-0.0050000000000000044,0.02262741699796952,False,-2103365,5768.296975711289,True,-14.800000000000011,1.61245154965971,True
Uk9jSFUy,20898,689,2,0,0,rochu2,ROcHU2,AvgHHSROc,housing__special_variable,housing,True,20605,658,,0,0,False,2124263,5727,0.2,0,0,True,293,952.7250390327736,False,0.014219849551079834,0.04655234597706948,False,0,0,-2103365,5768.296975711289,True,0,0
UlUxMDA=,9,15,101.3,0.005,0.009,ru100,RU100,MdGR,housing__special_variable,housing,False,0,0,,0,0,False,3303,0,,0,0,False,9,15,False,0,,0.005,0.009,False,-3294,15,True,0.5,0.8999999999999999,False
U01QMjB0MjQ=,1143,214,11.4,0.122,0.022,smp20t24,SMP20t24,HUwMrtgEx,selected_monthly_owner_costs_as_a_percentage_of_household_income__smocapi_,housing,True,1343,230,10.4,0.127,0.02,True,72514,1997,1.7,0.12,0.003,True,-200,314.1591953134589,False,-0.14892032762472077,0.21595168571081982,False,-0.0050000000000000044,0.02973213749463701,False,-71371,2008.433469149526,True,0.1999999999999993,2.2203603311174516,False
U01QMjV0Mjk=,921,208,13.7,0.098,0.021,smp25t29,SMP25t29,HUwMrtgEx,selected_monthly_owner_costs_as_a_percentage_of_household_income__smocapi_,housing,True,1128,228,12.3,0.106,0.021,True,59073,1739,1.8,0.098,0.003,True,-207,308.6227470553653,False,-0.18351063829787234,0.24746493213124632,False,-0.007999999999999993,0.029698484809835,False,-58152,1751.395158152494,True,0,2.1213203435596424
U01QMzB0MzQ=,508,142,17,0.054,0.015,smp30t34,SMP30t34,HUwMrtgEx,selected_monthly_owner_costs_as_a_percentage_of_household_income__smocapi_,housing,True,634,164,15.7,0.06,0.015,True,45788,1550,2.1,0.076,0.002,True,-126,216.9331694324314,False,-0.19873817034700317,0.3051623878791571,False,-0.005999999999999998,0.021213203435596427,False,-45280,1556.4909251261313,True,-2.1999999999999993,1.5132745950421556,False
U01QMzVwbA==,1909,296,9.4,0.203,0.029,smp35pl,SMP35pl,HUwMrtgEx,selected_monthly_owner_costs_as_a_percentage_of_household_income__smocapi_,housing,True,2763,378,8.3,0.261,0.032,True,222341,3360,0.9,0.369,0.005,True,-854,480.10415536631217,False,-0.3090843286283026,0.142868318360575,False,-0.057999999999999996,0.04318564576337837,False,-220432,3373.0128965066233,True,-16.599999999999998,2.9427877939124327,True
U01QTnRD,62,54,52.9,,,smpntc,SMPNtC,NA,selected_monthly_owner_costs_as_a_percentage_of_household_income__smocapi_,housing,False,36,42,70.7,,,False,4149,433,6.3,,,True,26,68.41052550594829,False,0.7222222222222222,2.5074135620034976,False,,,-4087,436.3542139134215,True,,
U01QVTIw,4903,417,5.2,0.522,0.032,smpu20,SMPU20,HUwMrtgEx,selected_monthly_owner_costs_as_a_percentage_of_household_income__smocapi_,housing,True,4738,438,5.6,0.447,0.033,True,203346,3579,1.1,0.337,0.004,True,165,604.7586295374379,False,0.034824820599409036,0.129990652595218,False,0.07500000000000001,0.04596737973824482,False,-198443,3603.2110679226107,True,18.5,3.22490309931942,True
VmFjSFU=,2952,462,9.5,0.069,0.011,vachu,VacHU,HU1,housing_occupancy,housing,True,2651,426,9.8,0.064,0.01,True,318251,5990,1.1,0.092,0.002,True,301,628.4266066932557,False,0.11354205960015089,0.24978143136141093,False,0.0050000000000000044,0.014866068747318505,False,-315299,6007.790275966697,True,-2.299999999999999,1.1180339887498947,False
VmFjUm50,460,201,26.6,0,0,vacrnt,VacRnt,RntVacRt,housing__special_variable,housing,False,506,227,,0,0,False,75845,2336,1.9,0,0,True,-46,303.19960422137757,False,-0.09090909090909091,0.56931730640121,False,0,0,-75385,2344.6315275539564,True,0,0
VmFjUm50Tk8=,96,88,55.9,1,0,vacrntno,VacRntNO,VacRntNO,housing__special_variable,housing,False,157,116,,0,0,False,20024,1541,4.7,1,0,True,-61,145.60219778561037,False,-0.3885350318471338,0.7199158769654296,False,1,0,True,-19928,1543.5106089690476,True,0,0
VmFjU2FsZQ==,437,195,27.1,0,0,vacsale,VacSale,HOVacRt,housing__special_variable,housing,False,434,190,,0,0,False,19658,1220,3.8,0,0,True,3,272.2590678012396,False,0.0069124423963133645,0.6294406401517052,False,0,0,-19221,1235.4857344380791,True,0,0
VmFjU29sZE5P,403,173,26.1,1,0,vacsoldno,VacSoldNO,VacSoldNO,housing__special_variable,housing,False,206,117,,0,0,False,16370,1296,4.8,1,0,True,197,208.84922791334424,False,0.9563106796116505,1.3927799204683278,False,1,0,True,-15967,1307.4956978896719,True,0,0
VmhjbDFBdg==,18151,712,2.4,0.456,0.017,vhcl1av,Vhcl1Av,OcHU4,vehicles_available,housing,True,17000,706,2.5,0.437,0.017,True,999159,5652,0.3,0.317,0.002,True,1151,1002.6863916499516,False,0.06770588235294117,0.06099404282257137,False,0.019000000000000017,0.024041630560342617,False,-981008,5696.669904426621,True,13.900000000000002,1.711724276862369,True
VmhjbDJBdg==,3690,392,6.5,0.093,0.01,vhcl2av,Vhcl2Av,OcHU4,vehicles_available,housing,True,4345,432,6,0.112,0.011,True,337508,3439,0.6,0.107,0.001,True,-655,583.3420951722925,False,-0.15074798619102417,0.12356753902925006,False,-0.019000000000000003,0.014866068747318505,False,-333818,3461.2692758582075,True,-1.3999999999999986,1.004987562112089,False
VmhjbDNwbEF2,581,167,17.5,0.015,0.004,vhcl3plav,Vhcl3plAv,OcHU4,vehicles_available,housing,True,616,152,15,0.016,0.004,True,95691,1932,1.2,0.03,0.001,True,-35,225.8162970203878,False,-0.056818181818181816,0.35729826987293356,False,-0.0010000000000000009,0.00565685424949238,False,-95110,1939.2042182297355,True,-1.5,0.4123105625617661,True
VmwxMDB0MTQ5,607,167,16.7,0.032,0.009,vl100t149,Vl100t149,OOcHU2,value,housing,True,,0,,0,0,False,20999,1137,3.3,0.02,0.001,True,,,,,0.032,0.009,True,-20392,1149.1988513742954,True,1.2000000000000002,0.9055385138137416,False
VmwxNTB0MTk5,1371,266,11.8,0.072,0.014,vl150t199,Vl150t199,OOcHU2,value,housing,True,,0,,0,0,False,27227,1150,2.6,0.026,0.001,True,,,,,0.072,0.014,True,-25856,1180.3626561358167,True,4.6,1.4035668847618201,True
VmwxbWlscGw=,2142,226,6.4,0.113,0.011,vl1milpl,Vl1milpl,OOcHU2,value,housing,True,,0,,0,0,False,183739,2747,0.9,0.178,0.003,True,,,,,0.113,0.011,True,-181597,2756.2810088958636,True,-6.5,1.1401754250991378,True
VmwyMDB0Mjk5,4301,408,5.8,0.227,0.02,vl200t299,Vl200t299,OOcHU2,value,housing,True,,0,,0,0,False,74283,2064,1.7,0.072,0.002,True,,,,,0.227,0.02,True,-69982,2103.9391626185393,True,15.5,2.009975124224178,True
VmwzMDB0NDk5,4946,473,5.8,0.261,0.023,vl300t499,Vl300t499,OOcHU2,value,housing,True,,0,,0,0,False,268563,3469,0.8,0.261,0.003,True,,,,,0.261,0.023,True,-263617,3501.0983990742106,True,0,2.3194827009486403
Vmw1MDB0OTk5,5039,382,4.6,0.266,0.018,vl500t999,Vl500t999,OOcHU2,value,housing,True,,0,,0,0,False,406953,4178,0.6,0.395,0.003,True,,,,,0.266,0.018,True,-401914,4195.427034283876,True,-12.899999999999999,1.8248287590894656,True
Vmw1MHQ5OQ==,340,151,27,0.018,0.008,vl50t99,Vl50t99,OOcHU2,value,housing,False,,0,,0,0,False,14611,902,3.8,0.014,0.001,True,,,,,0.018,0.008,False,-14271,914.551802797414,True,0.3999999999999997,0.806225774829855,False
VmxVNTA=,171,78,27.9,0.009,0.004,vlu50,VlU50,OOcHU2,value,housing,False,,0,,0,0,False,33465,1442,2.6,0.032,0.001,True,,,,,0.009,0.004,False,-33294,1444.1080292000318,True,-2.3000000000000003,0.4123105625617661,True
