Neighborhood,% Public Transit Usage,Median Rent,Median Household Income,Average % Usage,Average Rent,Average Income
Acton,1,,92685.5,,,
Acton,0,1125.00,79491.666666667,0.5,1125.0,86088.5833333335
Adams-Normandie,27,860.00,25847.5,,,
Adams-Normandie,25,945.00,35102.5,,,
Adams-Normandie,20,959.00,30207.333333333,,,
Adams-Normandie,18,1036.00,15045.166666667,,,
Adams-Normandie,16,986.00,36099.333333333,21.2,1196.5,28460.3666666666
Agoura Hills,1,,140564,,,
Agoura Hills,1,2541.00,121330.666666667,,,
Agoura Hills,0,1885.00,75817.666666667,0.6666666666666666,2213.0,112570.777777778
Agua Dulce,0,,99294.833333333,0.0,0.0,99294.833333333
Alhambra,6,1146.00,40048.833333333,,,
Alhambra,5,1247.00,69907.166666667,,,
Alhambra,5,1287.00,50009.666666667,,,
Alhambra,4,1167.00,47821.166666667,,,
Alhambra,4,1202.00,38007.166666667,,,
Alhambra,4,1172.00,57815.5,,,
Alhambra,4,1158.00,49428.5,,,
Alhambra,4,1268.00,56305.166666667,,,
Alhambra,4,1139.00,72920,,,
Alhambra,4,1170.00,37596.5,,,
Alhambra,3,1127.00,57689.166666667,,,
Alhambra,3,1193.00,39668.5,,,
Alhambra,3,1240.00,53766.833333333,,,
Alhambra,2,1321.00,43789,,,
Alhambra,2,1172.00,52137.166666667,,,
Alhambra,2,1075.00,59343.166666667,,,
Alhambra,1,1303.00,73741.5,,,
Alhambra,1,1574.00,74161.166666667,,,
Alhambra,1,1320.00,61052.666666667,,,
Alhambra,0,1360.00,55486.833333333,3.1,1232.05,54534.78333333344
Alondra Park,0,1569.00,75747,0.0,1569.0,75747.0
Altadena,7,1422.00,58582.666666667,,,
Altadena,6,1273.00,65821.5,,,
Altadena,4,1392.00,75580.166666667,,,
Altadena,3,1633.00,109598.333333333,,,
Altadena,2,1354.00,75430.166666667,,,
Altadena,2,1372.00,115313.666666667,,,
Altadena,2,1645.00,88079.333333333,,,
Altadena,1,1555.00,95248.333333333,3.375,1455.75,85456.77083333337
Angeles Crest,0,1115.00,78185.666666667,,,
Angeles Crest,0,,89964.833333333,0.0,1115.0,84075.25
Arcadia,8,1460.00,57919,,,
Arcadia,7,1575.00,67060,,,
Arcadia,5,1111.00,91763.166666667,,,
Arcadia,4,1463.00,64462.333333333,,,
Arcadia,2,1207.00,78237.166666667,,,
Arcadia,2,1443.00,56682,,,
Arcadia,1,1250.00,96095.833333333,,,
Arcadia,1,1648.00,119568,,,
Arcadia,0,1591.00,86721.166666667,,,
Arcadia,0,1318.00,89224.833333333,,,
Arcadia,0,1404.00,66159.5,2.727272727272727,1406.3636363636363,79444.81818181818
Arleta,7,2013.00,72596.166666667,,,
Arleta,5,1707.00,67116.5,,,
Arleta,5,2006.00,67844.166666667,,,
Arleta,4,1269.00,55579.833333333,,,
Arleta,3,871.00,56706.333333333,,,
Arleta,1,1510.00,56818.5,4.166666666666667,1562.6666666666667,62776.91666666668
Arlington Heights,32,972.00,28151.5,,,
Arlington Heights,28,1101.00,26743.333333333,,,
Arlington Heights,25,1087.00,39236.333333333,,,
Arlington Heights,18,958.00,41997.833333333,,,
Arlington Heights,18,957.00,31339.333333333,,,
Arlington Heights,18,1104.00,41395.333333333,23.166666666666668,1029.8333333333333,34810.61111111083
Artesia,3,1338.00,59012.5,,,
Artesia,2,1396.00,58258.166666667,,,
Artesia,1,1555.00,61455.166666667,2.0,1429.6666666666667,59575.27777777801
Athens,12,959.00,30490.5,,,
Athens,7,945.00,48667.666666667,9.5,952.0,39579.0833333335
Atwater Village,6,1287.00,49685.5,,,
Atwater Village,4,1301.00,63407,,,
Atwater Village,3,1587.00,68794,4.333333333333333,1391.6666666666667,60628.833333333336
Avalon,0,1412.00,55229.333333333,0.0,1412.0,55229.333333333
Avocado Heights,1,1212.00,83624,,,
Avocado Heights,0,1314.00,60654.5,0.5,1263.0,72139.25
Azusa,8,1053.00,39788.833333333,,,
Azusa,7,1282.00,52734.833333333,,,
Azusa,5,1294.00,41884.333333333,,,
Azusa,4,1227.00,48220,,,
Azusa,4,1363.00,65092.333333333,,,
Azusa,3,1124.00,51107.5,,,
Azusa,2,1409.00,73497.5,,,
Azusa,1,1348.00,69490.666666667,,,
Azusa,1,1380.00,54521.833333333,,,
Azusa,0,1238.00,64190.666666667,3.5,1271.8,56052.8499999999
Baldwin Hills/Crenshaw,30,1049.00,27661.833333333,,,
Baldwin Hills/Crenshaw,29,975.00,27379,,,
Baldwin Hills/Crenshaw,21,988.00,24481.833333333,,,
Baldwin Hills/Crenshaw,13,944.00,21472.5,,,
Baldwin Hills/Crenshaw,7,1015.00,31785,,,
Baldwin Hills/Crenshaw,4,1200.00,54651.166666667,,,
Baldwin Hills/Crenshaw,4,1088.00,61773.833333333,15.428571428571429,1037.0,35600.738095238
Baldwin Park,8,1140.00,49742,,,
Baldwin Park,5,1077.00,52745.166666667,,,
Baldwin Park,5,1347.00,55172.5,,,
Baldwin Park,5,1359.00,43498.833333333,,,
Baldwin Park,4,1236.00,43774.166666667,,,
Baldwin Park,4,1318.00,41561.666666667,,,
Baldwin Park,3,1148.00,61296,,,
Baldwin Park,3,1076.00,54130,,,
Baldwin Park,3,1291.00,59710.333333333,,,
Baldwin Park,3,1139.00,53496.333333333,,,
Baldwin Park,3,1358.00,48738.166666667,,,
Baldwin Park,2,1095.00,62433.666666667,,,
Baldwin Park,2,1154.00,53924.166666667,,,
Baldwin Park,2,1258.00,54723,,,
Baldwin Park,1,1407.00,63410.666666667,,,
Baldwin Park,1,1214.00,50800,3.375,1226.0625,53072.29166666675
Bel-Air,0,1987.00,208152.166666667,0.0,1987.0,208152.166666667
Bell,10,971.00,37939.333333333,,,
Bell,9,975.00,30926.333333333,,,
Bell,7,933.00,37713.333333333,,,
Bell,6,1079.00,36877.333333333,,,
Bell,6,1031.00,36396.833333333,,,
Bell,5,1137.00,42677,,,
Bell,4,998.00,37474.333333333,6.714285714285714,1017.7142857142857,37143.499999999716
Bell Gardens,9,1118.00,38102.833333333,,,
Bell Gardens,7,1088.00,37712,,,
Bell Gardens,5,1090.00,31913.333333333,,,
Bell Gardens,5,1135.00,36824.166666667,,,
Bell Gardens,5,1041.00,37881,,,
Bell Gardens,5,1127.00,37134.166666667,,,
Bell Gardens,5,1150.00,41444.166666667,,,
Bell Gardens,3,1142.00,37040.166666667,,,
Bell Gardens,1,1194.00,48691,5.0,1120.5555555555557,38526.981481481555
Bellflower,11,1358.00,46416,,,
Bellflower,9,1174.00,47417.666666667,,,
Bellflower,5,1414.00,69049,,,
Bellflower,5,1169.00,46840.833333333,,,
Bellflower,4,1088.00,49551.166666667,,,
Bellflower,4,1591.00,62710.833333333,,,
Bellflower,3,1290.00,65612,,,
Bellflower,3,1206.00,37820.5,,,
Bellflower,3,1310.00,51192.5,,,
Bellflower,3,1327.00,70657.833333333,,,
Bellflower,2,1089.00,43263,,,
Bellflower,2,988.00,32216.833333333,,,
Bellflower,2,1018.00,53087.333333333,,,
Bellflower,2,1186.00,37826.833333333,,,
Bellflower,2,1134.00,60216.833333333,,,
Bellflower,1,1111.00,40142.666666667,,,
Bellflower,1,874.00,52076,,,
Bellflower,1,1222.00,68091,3.5,1197.1666666666667,51899.37962962956
Beverly Crest,0,2153.00,192720.5,,,
Beverly Crest,0,2082.00,148067.333333333,,,
Beverly Crest,0,1446.00,171876.333333333,0.0,1893.6666666666667,170888.05555555536
Beverly Grove,6,1856.00,57680,,,
Beverly Grove,3,1818.00,61841.666666667,,,
Beverly Grove,2,1888.00,86703.333333333,,,
Beverly Grove,2,1741.00,74883.666666667,,,
Beverly Grove,2,1745.00,82480.666666667,,,
Beverly Grove,2,1449.00,69434.666666667,,,
Beverly Grove,1,1841.00,95126.333333333,,,
Beverly Grove,0,1396.00,87974.5,2.25,1716.75,77015.60416666674
Beverly Hills,4,1874.00,68408.333333333,,,
Beverly Hills,2,1748.00,67723.666666667,,,
Beverly Hills,1,2085.00,96977,,,
Beverly Hills,1,2175.00,66158.5,,,
Beverly Hills,1,2685.00,178128.166666667,,,
Beverly Hills,0,1427.00,185095.833333333,,,
Beverly Hills,0,3299.00,205586.166666667,1.2857142857142858,2184.714285714286,124011.09523809528
Beverlywood,1,2750.00,154491.666666667,1.0,2750.0,154491.666666667
Boyle Heights,27,910.00,38428.166666667,,,
Boyle Heights,26,919.00,26837.833333333,,,
Boyle Heights,23,942.00,30127.833333333,,,
Boyle Heights,22,796.00,23989,,,
Boyle Heights,22,956.00,31955.166666667,,,
Boyle Heights,19,873.00,26772.5,,,
Boyle Heights,18,1140.00,30923,,,
Boyle Heights,18,960.00,38027.5,,,
Boyle Heights,17,951.00,28161.833333333,,,
Boyle Heights,17,1110.00,41520.666666667,,,
Boyle Heights,17,767.00,23642.666666667,,,
Boyle Heights,15,1046.00,36871.5,,,
Boyle Heights,14,801.00,25412.666666667,,,
Boyle Heights,14,1144.00,43395.666666667,,,
Boyle Heights,14,992.00,38899.833333333,,,
Boyle Heights,13,924.00,36538.5,,,
Boyle Heights,13,918.00,33616.166666667,,,
Boyle Heights,12,1049.00,45917.833333333,,,
Boyle Heights,12,1092.00,43367.166666667,,,
Boyle Heights,12,1013.00,36967.833333333,,,
Boyle Heights,12,996.00,28072,,,
Boyle Heights,12,1017.00,32694.833333333,,,
Boyle Heights,10,906.00,25398.833333333,,,
Boyle Heights,9,773.00,22162.5,,,
Boyle Heights,5,1065.00,41764.666666667,15.72,962.4,33258.64666666668
Bradbury,2,3008.00,95646,2.0,3008.0,95646.0
Brentwood,7,1790.00,77269.333333333,,,
Brentwood,5,1966.00,93308.333333333,,,
Brentwood,5,2205.00,167981.166666667,,,
Brentwood,3,1818.00,82327.5,,,
Brentwood,2,2012.00,79525.5,,,
Brentwood,0,1707.00,99143.666666667,,,
Brentwood,0,2645.00,218360,,,
Brentwood,0,2211.00,195339.5,,,
Brentwood,0,1866.00,173085.833333333,,,
Brentwood,0,2830.00,201064.666666667,2.2,2105.0,138740.55
Broadway-Manchester,15,1090.00,25058,,,
Broadway-Manchester,13,1199.00,29208.666666667,,,
Broadway-Manchester,9,1130.00,33136,,,
Broadway-Manchester,9,1208.00,30940,,,
Broadway-Manchester,9,1147.00,26635.166666667,11.0,1154.8,28995.566666666804
Burbank,7,1225.00,80182.166666667,,,
Burbank,5,1607.00,76922.833333333,,,
Burbank,4,1654.00,70038.166666667,,,
Burbank,3,1515.00,70628.166666667,,,
Burbank,3,1495.00,78525.666666667,,,
Burbank,3,1209.00,62430.166666667,,,
Burbank,2,1483.00,77133.166666667,,,
Burbank,2,1193.00,70190.833333333,,,
Burbank,2,1401.00,41120.166666667,,,
Burbank,2,1024.00,31561.5,,,
Burbank,2,1298.00,51536.5,,,
Burbank,2,1233.00,64748.166666667,,,
Burbank,2,1512.00,63150,,,
Burbank,1,1307.00,47203.333333333,,,
Burbank,1,1371.00,52612,,,
Burbank,1,1414.00,80130.333333333,,,
Burbank,1,1252.00,49933.333333333,,,
Burbank,1,2987.00,97414.333333333,,,
Burbank,0,1285.00,54881.333333333,,,
Burbank,0,1490.00,75138.833333333,,,
Burbank,0,1598.00,73158.833333333,,,
Burbank,0,1644.00,67136.166666667,,,
Burbank,0,2938.00,104427,1.9130434782608696,1527.608695652174,66965.34782608696
Calabasas,1,1957.00,89397.333333333,,,
Calabasas,0,2247.00,132961.833333333,,,
Calabasas,0,3297.00,138514,0.3333333333333333,2500.3333333333335,120291.05555555533
Canoga Park,20,1247.00,35867,,,
Canoga Park,14,1159.00,34876.166666667,,,
Canoga Park,12,1090.00,38999,,,
Canoga Park,9,1090.00,38243.833333333,,,
Canoga Park,8,1516.00,53583.666666667,,,
Canoga Park,8,1201.00,40091.333333333,,,
Canoga Park,7,1565.00,51643.333333333,,,
Canoga Park,7,1024.00,38800.5,,,
Canoga Park,7,1450.00,78903.666666667,,,
Canoga Park,5,1373.00,61843.666666667,,,
Canoga Park,4,1143.00,43857,,,
Canoga Park,2,,76889.666666667,,,
Canoga Park,1,1888.00,81087.666666667,8.0,1312.1666666666667,51898.96153846161
Carson,7,1364.00,55380.166666667,,,
Carson,7,1437.00,52759.666666667,,,
Carson,6,1233.00,63822.166666667,,,
Carson,6,1237.00,78558,,,
Carson,5,1158.00,53521.666666667,,,
Carson,5,1772.00,72089,,,
Carson,4,1763.00,75637.666666667,,,
Carson,2,934.00,69330.666666667,,,
Carson,2,,80218.166666667,,,
Carson,2,1389.00,83078.333333333,,,
Carson,2,2304.00,88405.833333333,,,
Carson,1,1129.00,70486.333333333,,,
Carson,1,1530.00,74291.666666667,,,
Carson,1,2250.00,87547,,,
Carson,1,1381.00,77946.833333333,,,
Carson,1,2123.00,48354,,,
Carson,0,1453.00,77541,,,
Carson,0,1104.00,61514.833333333,,,
Carson,0,1635.00,75166.5,2.789473684210526,1510.888888888889,70823.6578947369
Carthay,6,1812.00,92324.833333333,,,
Carthay,5,1642.00,68065.833333333,5.5,1727.0,80195.333333333
Castaic,1,2228.00,111972.833333333,,,
Castaic,1,1934.00,106978,,,
Castaic,0,2922.00,131876.333333333,0.6666666666666666,3542.0,116942.38888888866
Castaic Canyons,35,,118965.666666667,,,
Castaic Canyons,4,2216.00,104993.833333333,,,
Castaic Canyons,3,1446.00,107505,,,
Castaic Canyons,2,1805.00,91529.166666667,,,
Castaic Canyons,2,2074.00,120503.666666667,,,
Castaic Canyons,1,1600.00,77486.833333333,,,
Castaic Canyons,1,1014.00,54979.5,,,
Castaic Canyons,1,1441.00,89460.833333333,,,
Castaic Canyons,0,3344.00,129847.833333333,,,
Castaic Canyons,0,1186.00,85102.666666667,,,
Castaic Canyons,0,,47853,4.454545454545454,1612.6,93475.27272727272
Central-Alameda,26,968.00,28915.833333333,,,
Central-Alameda,25,919.00,31235.333333333,,,
Central-Alameda,24,1162.00,33430.833333333,,,
Central-Alameda,20,1254.00,42033,,,
Central-Alameda,18,1046.00,34006.166666667,,,
Central-Alameda,18,929.00,30107.333333333,,,
Central-Alameda,16,552.00,18327.5,,,
Central-Alameda,14,1008.00,27999,,,
Central-Alameda,13,1055.00,32173,,,
Central-Alameda,11,859.00,24823.666666667,18.5,975.2,30305.1666666666
Century City,2,2564.00,97427.333333333,2.0,2564.0,97427.333333333
Cerritos,5,2587.00,100783.833333333,,,
Cerritos,4,1573.00,76738,,,
Cerritos,4,2155.00,91069.166666667,,,
Cerritos,2,3033.00,104214,,,
Cerritos,2,1883.00,90857,,,
Cerritos,2,2880.00,99510.833333333,,,
Cerritos,1,2078.00,91825.666666667,,,
Cerritos,1,1903.00,68684.833333333,,,
Cerritos,1,2233.00,91104.833333333,,,
Cerritos,0,2131.00,102089.5,,,
Cerritos,0,2334.00,92810,2.0,2253.6363636363635,91789.78787878783
Charter Oak,2,1403.00,59670,,,
Charter Oak,1,1530.00,69182.666666667,1.5,1466.5,64426.3333333335
Chatsworth,7,1570.00,81323,,,
Chatsworth,7,1972.00,90941.666666667,,,
Chatsworth,5,2030.00,88980.833333333,,,
Chatsworth,5,,83785.5,,,
Chatsworth,4,1339.00,80919.333333333,,,
Chatsworth,3,1291.00,55826,,,
Chatsworth,2,2280.00,92221.833333333,,,
Chatsworth,1,1492.00,78917.166666667,,,
Chatsworth,1,3125.00,115128.666666667,,,
Chatsworth,0,1605.00,72316.666666667,,,
Chatsworth,0,1717.00,118456.333333333,3.1818181818181817,1842.1,87165.18181818182
Chatsworth Reservoir,1,1529.00,83458.333333333,1.0,1529.0,83458.333333333
Chesterfield Square,19,1145.00,25695.166666667,,,
Chesterfield Square,11,1142.00,36969.5,,,
Chesterfield Square,10,1084.00,36397.166666667,13.333333333333334,1123.6666666666667,33020.611111111335
Cheviot Hills,0,1972.00,142123.5,,,
Cheviot Hills,0,2406.00,113686.833333333,0.0,2189.0,127905.1666666665
Chinatown,23,2054.00,91889.166666667,,,
Chinatown,16,657.00,14654.5,,,
Chinatown,10,902.00,18322.833333333,,,
Chinatown,10,1078.00,32956,14.75,1172.75,39455.625
Citrus,15,1087.00,39634.5,,,
Citrus,3,1132.00,50456.333333333,,,
Citrus,2,1475.00,64164.333333333,6.666666666666667,1231.3333333333333,51418.388888888665
Claremont,7,1302.00,42408,,,
Claremont,4,1424.00,64983.5,,,
Claremont,4,942.00,69920.333333333,,,
Claremont,3,2344.00,125666.333333333,,,
Claremont,2,1229.00,69099.666666667,,,
Claremont,2,1287.00,62737.166666667,,,
Claremont,2,1665.00,85821.666666667,,,
Claremont,2,2413.00,176459.833333333,3.25,1575.75,87137.0625
Commerce,6,980.00,46623.166666667,,,
Commerce,2,924.00,50227.833333333,,,
Commerce,1,950.00,48067.666666667,3.0,951.3333333333334,48306.222222222335
Compton,12,1180.00,46054.166666667,,,
Compton,11,996.00,37540.333333333,,,
Compton,11,1000.00,27982.166666667,,,
Compton,10,1170.00,44837,,,
Compton,9,926.00,32316.166666667,,,
Compton,8,1209.00,44471.5,,,
Compton,8,1015.00,34556.5,,,
Compton,7,1210.00,52742.666666667,,,
Compton,7,1189.00,44651.833333333,,,
Compton,7,964.00,33682.333333333,,,
Compton,6,1036.00,40871.333333333,,,
Compton,6,1107.00,40923,,,
Compton,5,1113.00,47695.333333333,,,
Compton,5,1396.00,54152,,,
Compton,5,906.00,38501,,,
Compton,5,954.00,45638,,,
Compton,4,1134.00,46672.833333333,,,
Compton,4,1342.00,47693,,,
Compton,3,1089.00,47510.833333333,,,
Compton,3,1151.00,49385.333333333,,,
Compton,3,1176.00,42761,,,
Compton,2,1147.00,56216.166666667,,,
Compton,1,1117.00,39565.333333333,,,
Compton,0,987.00,41071.166666667,5.916666666666667,1104.75,43228.79166666663
Covina,7,1576.00,69390.666666667,,,
Covina,6,1061.00,36907.833333333,,,
Covina,4,1131.00,50128.166666667,,,
Covina,3,1173.00,51426,,,
Covina,3,1733.00,72471.833333333,,,
Covina,3,1433.00,67534.333333333,,,
Covina,3,1261.00,69580.166666667,,,
Covina,3,1795.00,93470.166666667,,,
Covina,2,1264.00,58930.666666667,,,
Covina,2,1263.00,57279.833333333,3.6,1369.0,62711.966666666696
Cudahy,8,1038.00,36031.666666667,,,
Cudahy,8,1116.00,39939.666666667,,,
Cudahy,6,1176.00,39065.166666667,,,
Cudahy,6,1059.00,35193.666666667,,,
Cudahy,5,1194.00,41431.666666667,,,
Cudahy,3,1205.00,42455.5,6.0,1131.3333333333333,39019.55555555583
Culver City,9,1467.00,72968.5,,,
Culver City,5,1500.00,57292.166666667,,,
Culver City,3,1458.00,116918.166666667,,,
Culver City,3,1822.00,93091.333333333,,,
Culver City,3,1626.00,83619.333333333,,,
Culver City,1,1665.00,80556.833333333,,,
Culver City,0,1453.00,61500.5,3.4285714285714284,1570.142857142857,80849.54761904757
Cypress Park,16,1097.00,44126.833333333,,,
Cypress Park,13,1137.00,50108.5,,,
Cypress Park,12,943.00,38974.333333333,13.666666666666666,1059.0,44403.22222222199
Del Aire,3,1103.00,80968.833333333,,,
Del Aire,3,1396.00,62385.333333333,3.0,1249.5,71677.083333333
Del Rey,16,1260.00,49593.833333333,,,
Del Rey,13,798.00,38269.333333333,,,
Del Rey,10,1641.00,76932.333333333,,,
Del Rey,9,1573.00,68988.833333333,,,
Del Rey,5,1136.00,50661.666666667,,,
Del Rey,3,2505.00,97417.166666667,,,
Del Rey,0,2220.00,94963.166666667,8.0,1590.4285714285713,68118.04761904757
Diamond Bar,6,1721.00,101836.833333333,,,
Diamond Bar,5,2089.00,87802.666666667,,,
Diamond Bar,3,1639.00,72905.833333333,,,
Diamond Bar,2,1906.00,97937.166666667,,,
Diamond Bar,1,1908.00,97915.5,,,
Diamond Bar,1,2089.00,81360.666666667,,,
Diamond Bar,1,1715.00,94873.5,,,
Diamond Bar,1,1623.00,90270.5,,,
Diamond Bar,1,1942.00,80636.333333333,2.3333333333333335,1848.0,89504.33333333333
Downey,6,1141.00,40676.666666667,,,
Downey,5,1226.00,48530.166666667,,,
Downey,5,1226.00,54113,,,
Downey,5,1070.00,43798.666666667,,,
Downey,4,1186.00,63005.333333333,,,
Downey,3,1368.00,56904.333333333,,,
Downey,3,1299.00,65084.833333333,,,
Downey,3,1113.00,47227.166666667,,,
Downey,3,1376.00,81828,,,
Downey,3,1198.00,51145.166666667,,,
Downey,3,1730.00,83021.333333333,,,
Downey,2,1208.00,46900.833333333,,,
Downey,2,1348.00,63354,,,
Downey,2,1277.00,48571,,,
Downey,1,1218.00,61454.833333333,,,
Downey,1,1330.00,60594.666666667,,,
Downey,1,1283.00,62557.333333333,,,
Downey,1,1267.00,64530,,,
Downey,1,1594.00,82416.666666667,,,
Downey,0,1204.00,62550.666666667,,,
Downey,0,1411.00,68141.166666667,,,
Downey,0,1825.00,82365,2.4545454545454546,1313.5454545454545,60853.21969696973
Downtown,51,297.00,9968.833333333,,,
Downtown,50,619.00,16693.5,,,
Downtown,18,463.00,10754.5,,,
Downtown,18,449.00,16390.166666667,,,
Downtown,16,1617.00,32652,,,
Downtown,16,872.00,19533.833333333,,,
Downtown,15,646.00,25906.333333333,,,
Downtown,10,1958.00,56623.833333333,,,
Downtown,10,1710.00,58462.5,,,
Downtown,10,2185.00,61835.5,,,
Downtown,7,1816.00,45535.333333333,,,
Downtown,6,427.00,18993.333333333,,,
Downtown,6,1596.00,22356.666666667,17.923076923076923,1127.3076923076924,30438.948717948613
Duarte,7,1143.00,46122,,,
Duarte,5,1279.00,60074.833333333,,,
Duarte,0,1676.00,59811.333333333,4.0,1366.0,55336.05555555533
Eagle Rock,12,1245.00,43616.333333333,,,
Eagle Rock,6,1161.00,47355.5,,,
Eagle Rock,6,1458.00,78660,,,
Eagle Rock,5,973.00,45175.666666667,,,
Eagle Rock,5,1234.00,59752.5,,,
Eagle Rock,4,1271.00,60948.666666667,,,
Eagle Rock,4,1044.00,76942.5,,,
Eagle Rock,2,1363.00,83668.666666667,5.5,1218.625,62014.979166666744
East Compton,4,1168.00,41515.5,4.0,1168.0,41515.5
East Hollywood,42,1046.00,31367,,,
East Hollywood,40,981.00,23000.666666667,,,
East Hollywood,33,982.00,37857.166666667,,,
East Hollywood,33,937.00,31280,,,
East Hollywood,29,1052.00,42677.833333333,,,
East Hollywood,28,1029.00,40055.5,,,
East Hollywood,27,1064.00,29821.333333333,,,
East Hollywood,26,968.00,28768,,,
East Hollywood,25,994.00,33177.833333333,,,
East Hollywood,25,1035.00,31201.833333333,,,
East Hollywood,24,971.00,32066.5,,,
East Hollywood,24,1014.00,36960,,,
East Hollywood,24,962.00,23382.833333333,,,
East Hollywood,23,992.00,30230,,,
East Hollywood,21,1010.00,27532.666666667,,,
East Hollywood,17,1125.00,38762,,,
East Hollywood,14,1027.00,32188.333333333,,,
East Hollywood,13,1229.00,38019.166666667,26.0,1023.2222222222222,32686.037037037004
East La Mirada,1,1233.00,79064.833333333,,,
East La Mirada,1,1115.00,63039.833333333,1.0,1174.0,71052.333333333
East Los Angeles,22,986.00,34179.333333333,,,
East Los Angeles,17,1094.00,51519.166666667,,,
East Los Angeles,16,916.00,32321.666666667,,,
East Los Angeles,15,941.00,36401.666666667,,,
East Los Angeles,15,1012.00,39177.833333333,,,
East Los Angeles,14,1044.00,34423.666666667,,,
East Los Angeles,13,983.00,36653.5,,,
East Los Angeles,13,1100.00,37858.833333333,,,
East Los Angeles,12,997.00,39806.666666667,,,
East Los Angeles,11,948.00,37492,,,
East Los Angeles,11,967.00,31947.166666667,,,
East Los Angeles,11,1003.00,37007.166666667,,,
East Los Angeles,11,990.00,51803,,,
East Los Angeles,10,870.00,34315.333333333,,,
East Los Angeles,9,1084.00,39143.5,,,
East Los Angeles,9,937.00,33056.333333333,,,
East Los Angeles,9,974.00,41022.166666667,,,
East Los Angeles,9,992.00,41142.666666667,,,
East Los Angeles,8,1038.00,40844.166666667,,,
East Los Angeles,8,1036.00,44203.666666667,,,
East Los Angeles,8,1044.00,43007.666666667,,,
East Los Angeles,8,1014.00,47825.166666667,,,
East Los Angeles,8,986.00,50135.166666667,,,
East Los Angeles,7,897.00,23407.833333333,,,
East Los Angeles,7,1054.00,44268.166666667,,,
East Los Angeles,6,1090.00,34785.166666667,,,
East Los Angeles,5,957.00,39564.166666667,,,
East Los Angeles,1,1030.00,36563.166666667,10.464285714285714,999.4285714285714,39067.00000000013
East Pasadena,5,1426.00,65009.666666667,5.0,1426.0,65009.666666667
East San Gabriel,5,1200.00,56525,,,
East San Gabriel,4,1162.00,61833,,,
East San Gabriel,4,1414.00,62226,,,
East San Gabriel,3,2118.00,117146.833333333,,,
East San Gabriel,0,1300.00,80065,3.2,1438.8,75559.1666666666
Echo Park,27,1009.00,35610.5,,,
Echo Park,22,987.00,39793.166666667,,,
Echo Park,18,1098.00,36787.666666667,,,
Echo Park,16,1091.00,50504.666666667,,,
Echo Park,14,1203.00,45367.833333333,,,
Echo Park,13,1201.00,51508.833333333,,,
Echo Park,11,1114.00,51456.833333333,,,
Echo Park,8,1639.00,62888.333333333,,,
Echo Park,5,1343.00,48336.166666667,14.88888888888889,1187.2222222222222,46917.11111111111
El Monte,14,933.00,32972.166666667,,,
El Monte,12,997.00,42119.833333333,,,
El Monte,11,982.00,34335.333333333,,,
El Monte,7,1083.00,33217,,,
El Monte,7,777.00,27598,,,
El Monte,6,998.00,31165.333333333,,,
El Monte,6,1089.00,41512.333333333,,,
El Monte,5,1272.00,43875,,,
El Monte,5,1148.00,42352,,,
El Monte,5,1187.00,46208.5,,,
El Monte,5,1093.00,34431,,,
El Monte,4,989.00,34509.833333333,,,
El Monte,4,1500.00,57802.5,,,
El Monte,3,1071.00,30517.5,,,
El Monte,3,1132.00,39877.166666667,,,
El Monte,3,794.00,53634.5,,,
El Monte,3,1229.00,52395,,,
El Monte,2,1342.00,44098.166666667,,,
El Monte,2,1145.00,35773.333333333,,,
El Monte,1,1055.00,43612.5,,,
El Monte,1,1157.00,43092.166666667,,,
El Monte,1,999.00,34603.166666667,,,
El Monte,1,1266.00,54874.666666667,,,
El Monte,0,1530.00,59337.166666667,4.625,1115.3333333333333,41413.09027777779
El Segundo,2,1659.00,83102.5,,,
El Segundo,1,1467.00,94063.166666667,,,
El Segundo,1,1588.00,95827.833333333,,,
El Segundo,0,1566.00,71008.5,1.0,1570.0,86000.5
El Sereno,15,1134.00,36527.5,,,
El Sereno,13,1110.00,41064.666666667,,,
El Sereno,12,1122.00,45645,,,
El Sereno,11,872.00,47638.666666667,,,
El Sereno,9,1056.00,50186.5,,,
El Sereno,9,1202.00,47413.666666667,,,
El Sereno,7,1089.00,45322.5,,,
El Sereno,6,1145.00,51176.833333333,,,
El Sereno,6,1029.00,48568.333333333,,,
El Sereno,6,1055.00,40329,,,
El Sereno,3,1167.00,60212,8.818181818181818,1089.1818181818182,46734.96969696973
Elizabeth Lake,0,1335.00,75339.666666667,0.0,1335.0,75339.666666667
Elysian Park,22,648.00,17296.5,,,
Elysian Park,2,,48613.2,12.0,648.0,32954.85
Elysian Valley,6,1192.00,40815.333333333,,,
Elysian Valley,6,1093.00,48412.333333333,,,
Elysian Valley,4,1086.00,45756,5.333333333333333,1123.6666666666667,44994.55555555533
Encino,7,1454.00,58895.5,,,
Encino,4,2125.00,152882.666666667,,,
Encino,4,1365.00,41400.5,,,
Encino,3,1470.00,71520.833333333,,,
Encino,1,2782.00,153075.666666667,,,
Encino,1,2344.00,122603.166666667,,,
Encino,1,1541.00,81001.166666667,,,
Encino,1,1360.00,45845,,,
Encino,1,1415.00,59468.666666667,,,
Encino,1,1605.00,66894.833333333,,,
Encino,0,1562.00,93373.833333333,2.1818181818181817,1729.3636363636363,86087.43939393945
Exposition Park,26,947.00,23072.5,,,
Exposition Park,24,1193.00,32062.333333333,,,
Exposition Park,21,947.00,27001.166666667,,,
Exposition Park,21,1051.00,39906.333333333,,,
Exposition Park,18,1050.00,36173,,,
Exposition Park,17,1079.00,25225.333333333,,,
Exposition Park,14,982.00,27413.166666667,20.142857142857142,1035.5714285714287,30121.976190476144
Fairfax,4,1342.00,51392,,,
Fairfax,2,1671.00,73164.333333333,,,
Fairfax,0,1905.00,93345,,,
Fairfax,0,1737.00,84339.166666667,1.5,1663.75,75560.125
Florence,23,1054.00,37090.666666667,,,
Florence,20,1059.00,30858.666666667,,,
Florence,19,1073.00,30827.5,,,
Florence,19,1060.00,31822,,,
Florence,18,1071.00,23811.833333333,,,
Florence,17,1118.00,32187.333333333,,,
Florence,17,991.00,30078,,,
Florence,17,1074.00,38172.5,,,
Florence,16,1074.00,33315.166666667,,,
Florence,16,951.00,26168,,,
Florence,15,1103.00,31202.833333333,,,
Florence,15,1034.00,30951.333333333,,,
Florence,15,979.00,29510.5,17.46153846153846,1049.3076923076924,31230.487179487154
Florence-Firestone,24,885.00,33512.666666667,,,
Florence-Firestone,22,997.00,38253.5,,,
Florence-Firestone,21,1101.00,39010,,,
Florence-Firestone,20,477.00,12085.5,,,
Florence-Firestone,16,1066.00,39737,,,
Florence-Firestone,15,948.00,35558.333333333,,,
Florence-Firestone,14,981.00,33727.333333333,,,
Florence-Firestone,12,981.00,36282,,,
Florence-Firestone,12,1204.00,41529.666666667,,,
Florence-Firestone,12,1120.00,36105.166666667,,,
Florence-Firestone,12,885.00,34686.833333333,,,
Florence-Firestone,12,913.00,30053,,,
Florence-Firestone,7,1077.00,32271.166666667,15.307692307692308,971.9230769230769,34062.47435897438
Gardena,9,1004.00,48640.833333333,,,
Gardena,9,832.00,34816.666666667,,,
Gardena,8,1100.00,54462,,,
Gardena,6,1246.00,35556.333333333,,,
Gardena,5,1109.00,42772.5,,,
Gardena,3,1359.00,78562.666666667,,,
Gardena,3,1166.00,41838.5,,,
Gardena,2,1174.00,43230.833333333,,,
Gardena,2,1252.00,46507,,,
Gardena,2,1199.00,54745.5,,,
Gardena,2,1407.00,58141,,,
Gardena,1,1813.00,65188.5,,,
Gardena,1,1036.00,52361.5,,,
Gardena,1,1156.00,58791,,,
Gardena,0,1137.00,37948.666666667,3.6,1199.3333333333333,50237.566666666666
Glassell Park,16,1064.00,32658.5,,,
Glassell Park,16,1077.00,46259.333333333,,,
Glassell Park,9,1171.00,45206.166666667,,,
Glassell Park,9,1144.00,68152.166666667,,,
Glassell Park,7,1105.00,45191.833333333,,,
Glassell Park,6,1276.00,43598.833333333,,,
Glassell Park,4,1174.00,63922.166666667,,,
Glassell Park,2,1276.00,73060.666666667,8.625,1160.875,52256.20833333337
Glendale,13,1248.00,45297.166666667,,,
Glendale,9,1196.00,38256.666666667,,,
Glendale,9,1306.00,40123.5,,,
Glendale,9,1226.00,62464.666666667,,,
Glendale,9,1183.00,35751.833333333,,,
Glendale,8,1173.00,28591,,,
Glendale,8,1174.00,32611.5,,,
Glendale,8,1570.00,50212,,,
Glendale,7,1061.00,36292,,,
Glendale,6,1155.00,33285.833333333,,,
Glendale,6,1147.00,23161.166666667,,,
Glendale,6,1219.00,35539.666666667,,,
Glendale,5,1284.00,46537,,,
Glendale,5,1194.00,43051.166666667,,,
Glendale,5,1475.00,49995.5,,,
Glendale,5,1160.00,52322,,,
Glendale,4,1236.00,52119.166666667,,,
Glendale,4,1258.00,31734.833333333,,,
Glendale,4,1236.00,44280.333333333,,,
Glendale,4,1566.00,53425.333333333,,,
Glendale,3,1415.00,35115.333333333,,,
Glendale,3,1401.00,42156.5,,,
Glendale,3,1489.00,68584.166666667,,,
Glendale,2,1270.00,43280.833333333,,,
Glendale,2,1496.00,97026.5,,,
Glendale,2,1456.00,52454.333333333,,,
Glendale,2,1611.00,60642,,,
Glendale,2,1247.00,56089.666666667,,,
Glendale,2,1419.00,77616.5,,,
Glendale,1,1783.00,73553,,,
Glendale,1,2589.00,110478.666666667,,,
Glendale,1,2804.00,135417.333333333,,,
Glendale,1,1363.00,66165.5,,,
Glendale,1,1640.00,83259.5,,,
Glendale,1,1933.00,102030.333333333,,,
Glendale,0,2933.00,117619.166666667,,,
Glendale,0,1612.00,125138.333333333,,,
Glendale,0,1750.00,136125.166666667,,,
Glendale,0,1764.00,112662.166666667,4.128205128205129,1488.2564102564102,62319.67521367523
Glendora,5,1351.00,60572.833333333,,,
Glendora,4,1453.00,70957.666666667,,,
Glendora,4,2259.00,125240,,,
Glendora,3,1552.00,90457.833333333,,,
Glendora,3,2131.00,102208.666666667,,,
Glendora,3,1791.00,67485.666666667,,,
Glendora,2,1460.00,58830,,,
Glendora,2,1151.00,58424.166666667,,,
Glendora,2,1682.00,64710.833333333,,,
Glendora,2,1739.00,91863,,,
Glendora,1,1929.00,74509.833333333,,,
Glendora,1,2127.00,112619.833333333,,,
Glendora,0,1371.00,59518.666666667,2.4615384615384617,1692.0,79799.92307692308
Gramercy Park,9,1175.00,52912.833333333,,,
Gramercy Park,3,1015.00,43409.166666667,6.0,1095.0,48161.0
Granada Hills,5,1939.00,72465.833333333,,,
Granada Hills,4,,82480,,,
Granada Hills,4,2451.00,72200.5,,,
Granada Hills,4,3017.00,81516.833333333,,,
Granada Hills,3,2017.00,72995.333333333,,,
Granada Hills,3,2370.00,92517.5,,,
Granada Hills,2,1468.00,50115.5,,,
Granada Hills,2,1975.00,76280.5,,,
Granada Hills,2,3182.00,108725.166666667,,,
Granada Hills,2,2842.00,102148.333333333,,,
Granada Hills,0,1150.00,49188.5,,,
Granada Hills,0,1567.00,74318.166666667,,,
Granada Hills,0,2316.00,103686.333333333,,,
Granada Hills,0,1904.00,129369.833333333,2.2142857142857144,2169.076923076923,83429.16666666656
Green Meadows,15,1149.00,32794.833333333,,,
Green Meadows,15,1191.00,38714.166666667,,,
Green Meadows,13,974.00,30603.666666667,,,
Green Meadows,10,1212.00,44011.5,,,
Green Meadows,10,1149.00,33078.166666667,,,
Green Meadows,9,950.00,23979.333333333,,,
Green Meadows,8,1027.00,32346.666666667,,,
Green Meadows,8,995.00,31218,11.0,1235.2857142857142,33343.29166666675
Griffith Park,0,,117905,0.0,0.0,117905.0
Hacienda Heights,6,1531.00,56751.333333333,,,
Hacienda Heights,3,1416.00,73684.833333333,,,
Hacienda Heights,2,1838.00,50763.166666667,,,
Hacienda Heights,2,2036.00,82057.333333333,,,
Hacienda Heights,2,1482.00,68371.833333333,,,
Hacienda Heights,1,1650.00,85525.166666667,,,
Hacienda Heights,1,1844.00,81859.333333333,,,
Hacienda Heights,0,1747.00,62238.666666667,,,
Hacienda Heights,0,2046.00,103839.333333333,,,
Hacienda Heights,0,2279.00,90086,,,
Hacienda Heights,0,1656.00,63968.833333333,,,
Hacienda Heights,0,2491.00,90103.333333333,,,
Hacienda Heights,0,1395.00,64059.666666667,1.3076923076923077,1800.8461538461538,74869.91025641015
Hancock Park,2,1899.00,130798.333333333,,,
Hancock Park,2,1537.00,78873.333333333,,,
Hancock Park,0,2369.00,107197.666666667,1.3333333333333333,1935.0,105623.11111111101
Harbor City,11,991.00,51741.166666667,,,
Harbor City,10,974.00,38787,,,
Harbor City,7,865.00,50780.333333333,,,
Harbor City,5,1021.00,44552,,,
Harbor City,4,1404.00,79265.666666667,,,
Harbor City,3,1316.00,72248.166666667,,,
Harbor City,0,1528.00,73810.666666667,5.714285714285714,1157.0,58740.71428571442
Harbor Gateway,13,1303.00,41113,,,
Harbor Gateway,11,977.00,36588.833333333,,,
Harbor Gateway,10,983.00,39466.166666667,,,
Harbor Gateway,8,993.00,45449.666666667,,,
Harbor Gateway,7,969.00,32973.666666667,,,
Harbor Gateway,4,1052.00,33641.833333333,,,
Harbor Gateway,2,1087.00,56070.833333333,,,
Harbor Gateway,1,968.00,52987.833333333,7.0,1041.5,42286.47916666663
Harvard Heights,37,900.00,28849.666666667,,,
Harvard Heights,33,1044.00,33336.333333333,,,
Harvard Heights,33,1103.00,30087.5,,,
Harvard Heights,27,1000.00,30513.666666667,,,
Harvard Heights,26,1019.00,32471.5,,,
Harvard Heights,23,978.00,28694.166666667,29.833333333333332,1007.3333333333334,30658.805555555668
Harvard Park,4,637.00,28646,4.0,637.0,28646.0
Hawaiian Gardens,4,1199.00,42503.5,,,
Hawaiian Gardens,2,1237.00,41634.666666667,3.0,1218.0,42069.0833333335
Hawthorne,14,1135.00,40214.666666667,,,
Hawthorne,14,1076.00,35784.666666667,,,
Hawthorne,13,1103.00,44718.5,,,
Hawthorne,12,933.00,38647.166666667,,,
Hawthorne,10,938.00,37082.833333333,,,
Hawthorne,8,1021.00,43710.833333333,,,
Hawthorne,7,1007.00,40935.833333333,,,
Hawthorne,7,956.00,47229.166666667,,,
Hawthorne,6,1017.00,39384.666666667,,,
Hawthorne,5,1424.00,75543.166666667,,,
Hawthorne,5,992.00,40144.666666667,,,
Hawthorne,5,1063.00,42100.833333333,,,
Hawthorne,4,1162.00,44102.5,,,
Hawthorne,4,1250.00,51269.666666667,,,
Hawthorne,4,958.00,44492.166666667,,,
Hawthorne,3,1186.00,40271.833333333,,,
Hawthorne,1,1607.00,83431.833333333,,,
Hawthorne,1,2445.00,112862.833333333,6.833333333333333,1181.8333333333333,50107.10185185188
Hermosa Beach,1,1834.00,101537.5,,,
Hermosa Beach,1,1815.00,109612.833333333,,,
Hermosa Beach,0,2033.00,118504.166666667,,,
Hermosa Beach,0,2037.00,86863.5,,,
Hermosa Beach,0,2005.00,107763.333333333,0.4,1944.8,104856.2666666666
Hidden Hills,0,1828.00,134673,0.0,1828.0,134673.0
Highland Park,28,1167.00,43917,,,
Highland Park,20,1036.00,32136.333333333,,,
Highland Park,19,1109.00,38371.333333333,,,
Highland Park,16,1118.00,44609.166666667,,,
Highland Park,15,975.00,40473.166666667,,,
Highland Park,14,1094.00,35087.5,,,
Highland Park,12,1188.00,49854.666666667,,,
Highland Park,7,1270.00,51578.166666667,,,
Highland Park,4,1145.00,58058,,,
Highland Park,4,1341.00,52291.5,,,
Highland Park,4,1149.00,62520.666666667,,,
Highland Park,4,1136.00,67907.833333333,,,
Highland Park,3,1121.00,54142.333333333,,,
Highland Park,3,1153.00,74304,10.928571428571429,1143.0,50375.11904761907
Historic South-Central,31,743.00,26561.5,,,
Historic South-Central,26,862.00,24504.833333333,,,
Historic South-Central,26,1000.00,30630.333333333,,,
Historic South-Central,25,930.00,29611.166666667,,,
Historic South-Central,24,1018.00,28251.333333333,,,
Historic South-Central,24,894.00,26816.166666667,,,
Historic South-Central,22,1069.00,29702.166666667,,,
Historic South-Central,22,793.00,30126,,,
Historic South-Central,21,1018.00,30819.5,,,
Historic South-Central,21,1001.00,29688,,,
Historic South-Central,20,956.00,27991.333333333,,,
Historic South-Central,17,1005.00,23861,23.25,940.75,28213.611111111084
Hollywood,37,928.00,29924,,,
Hollywood,29,870.00,23872.166666667,,,
Hollywood,29,956.00,34590.166666667,,,
Hollywood,24,1096.00,27967.666666667,,,
Hollywood,22,1105.00,31157,,,
Hollywood,22,1119.00,29080.833333333,,,
Hollywood,20,905.00,20897.5,,,
Hollywood,19,955.00,31178.833333333,,,
Hollywood,18,1077.00,31887,,,
Hollywood,16,1144.00,36123.166666667,,,
Hollywood,15,1076.00,31150.333333333,,,
Hollywood,15,1130.00,27234.166666667,,,
Hollywood,14,1077.00,37263.333333333,,,
Hollywood,14,1187.00,38597.666666667,,,
Hollywood,7,1385.00,52596.333333333,,,
Hollywood,6,1651.00,46691.5,,,
Hollywood,6,1523.00,53544,,,
Hollywood,4,1225.00,28017,,,
Hollywood,4,1431.00,44189.166666667,,,
Hollywood,4,1476.00,55257.5,,,
Hollywood,3,1516.00,49586.666666667,,,
Hollywood,0,1491.00,72153,14.909090909090908,1196.5,37861.77272727277
Hollywood Hills,6,1748.00,69991.833333333,,,
Hollywood Hills,3,1813.00,76176.166666667,,,
Hollywood Hills,3,1353.00,57085.333333333,,,
Hollywood Hills,3,1306.00,52412.833333333,,,
Hollywood Hills,3,1726.00,94646,,,
Hollywood Hills,0,2023.00,119050.333333333,3.0,1661.5,78227.08333333315
Hollywood Hills West,4,1493.00,71155.833333333,,,
Hollywood Hills West,0,2079.00,146846.666666667,,,
Hollywood Hills West,0,2623.00,119872,,,
Hollywood Hills West,0,2012.00,138350,1.0,2051.75,119056.125
Huntington Park,26,833.00,23322.5,,,
Huntington Park,20,879.00,28375.833333333,,,
Huntington Park,18,1058.00,37790.333333333,,,
Huntington Park,18,851.00,26017.5,,,
Huntington Park,16,894.00,30214.833333333,,,
Huntington Park,15,968.00,29952.5,,,
Huntington Park,15,977.00,37355.166666667,,,
Huntington Park,13,929.00,39646.166666667,,,
Huntington Park,11,918.00,46463.166666667,,,
Huntington Park,9,990.00,35697.333333333,,,
Huntington Park,9,1049.00,39924.166666667,,,
Huntington Park,9,893.00,35274.833333333,,,
Huntington Park,8,974.00,34317.166666667,,,
Huntington Park,8,945.00,42773.5,,,
Huntington Park,7,990.00,36825.5,,,
Huntington Park,6,1016.00,49061.166666667,,,
Huntington Park,6,935.00,47583.166666667,,,
Huntington Park,6,1129.00,46964.666666667,,,
Huntington Park,6,1011.00,40582.333333333,11.894736842105264,959.9473684210526,37270.62280701758
Hyde Park,19,885.00,23001.5,,,
Hyde Park,13,1120.00,34575.833333333,,,
Hyde Park,12,948.00,27541.5,,,
Hyde Park,9,961.00,40225.333333333,,,
Hyde Park,8,940.00,23729.166666667,,,
Hyde Park,8,978.00,33656.833333333,,,
Hyde Park,5,1200.00,65588.166666667,,,
Hyde Park,4,956.00,32243.333333333,,,
Hyde Park,3,1077.00,52806.666666667,,,
Hyde Park,2,1071.00,34726.166666667,8.3,1013.6,36809.45
Industry,9,1116.00,49227.833333333,,,
Industry,4,1417.00,76868.666666667,,,
Industry,3,1335.00,47321,,,
Industry,3,1789.00,72986.333333333,,,
Industry,2,1234.00,70997,,,
Industry,2,2061.00,74968.5,,,
Industry,1,1686.00,69139.333333333,3.4285714285714284,1519.7142857142858,65929.80952380944
Inglewood,16,1122.00,63393.333333333,,,
Inglewood,14,1100.00,38808.166666667,,,
Inglewood,12,1134.00,38146.666666667,,,
Inglewood,12,1002.00,28734.833333333,,,
Inglewood,12,1106.00,52152.5,,,
Inglewood,12,1063.00,26908.5,,,
Inglewood,11,966.00,35743.5,,,
Inglewood,10,1112.00,40308.166666667,,,
Inglewood,10,1411.00,63812.333333333,,,
Inglewood,9,942.00,27709.833333333,,,
Inglewood,8,1240.00,43230.666666667,,,
Inglewood,8,1082.00,39393.833333333,,,
Inglewood,8,1322.00,61556.333333333,,,
Inglewood,7,1054.00,34474.166666667,,,
Inglewood,7,1087.00,42235,,,
Inglewood,7,1275.00,60584.333333333,,,
Inglewood,6,1132.00,37877.666666667,,,
Inglewood,6,1000.00,44374.5,,,
Inglewood,6,1135.00,45344.333333333,,,
Inglewood,5,1161.00,43843.333333333,,,
Inglewood,4,1086.00,35071.166666667,,,
Inglewood,4,1233.00,62615.833333333,,,
Inglewood,3,1200.00,46579.5,,,
Inglewood,3,1132.00,57501.833333333,,,
Inglewood,2,1193.00,52120.833333333,,,
Inglewood,1,1217.00,76297.5,,,
Inglewood,0,1892.00,68295.666666667,7.518518518518518,1162.9259259259259,46930.16049382711
Irwindale,1,1254.00,59403,1.0,1254.0,59403.0
Jefferson Park,24,746.00,20523.833333333,,,
Jefferson Park,19,1043.00,30002.833333333,,,
Jefferson Park,14,1053.00,28758,,,
Jefferson Park,8,1138.00,42933.833333333,,,
Jefferson Park,8,1177.00,42218,,,
Jefferson Park,5,953.00,42109.666666667,13.0,1018.3333333333334,34424.361111111
Koreatown,58,789.00,24926.5,,,
Koreatown,53,858.00,28592.5,,,
Koreatown,47,777.00,28488.333333333,,,
Koreatown,41,930.00,31427.833333333,,,
Koreatown,39,817.00,30875,,,
Koreatown,37,1085.00,39058.833333333,,,
Koreatown,37,997.00,33092.833333333,,,
Koreatown,36,1072.00,34663.5,,,
Koreatown,36,882.00,27839.666666667,,,
Koreatown,33,1070.00,29832.166666667,,,
Koreatown,33,977.00,23852,,,
Koreatown,32,1070.00,30139.833333333,,,
Koreatown,30,1281.00,34995.5,,,
Koreatown,28,1140.00,41477.166666667,,,
Koreatown,27,1045.00,25949.833333333,,,
Koreatown,26,1002.00,36978.666666667,,,
Koreatown,25,1080.00,33479.166666667,,,
Koreatown,24,997.00,31653,,,
Koreatown,23,1120.00,36827.5,,,
Koreatown,20,1044.00,35665.833333333,,,
Koreatown,20,1013.00,31011.166666667,,,
Koreatown,18,1208.00,37079.833333333,,,
Koreatown,18,1021.00,35086.5,,,
Koreatown,17,1065.00,32631.333333333,,,
Koreatown,17,1119.00,34764.166666667,,,
Koreatown,16,1025.00,33743.5,,,
Koreatown,16,1181.00,38732.666666667,,,
Koreatown,14,1294.00,38602.666666667,,,
Koreatown,8,1103.00,51152,28.586206896551722,1036.6206896551723,33538.603448275855
La Canada Flintridge,1,2625.00,190952.166666667,,,
La Canada Flintridge,1,2266.00,150668.5,,,
La Canada Flintridge,0,2630.00,142279.5,,,
La Canada Flintridge,0,2311.00,153819,0.5,2458.0,159429.79166666674
La Crescenta-Montrose,2,2064.00,82183.5,,,
La Crescenta-Montrose,1,1643.00,81684,,,
La Crescenta-Montrose,0,1384.00,69846.333333333,,,
La Crescenta-Montrose,0,2867.00,112767.5,0.75,1989.5,86620.33333333326
La Habra Heights,2,2710.00,112512.833333333,,,
La Habra Heights,0,1857.00,119800.833333333,1.0,2283.5,116156.833333333
La Mirada,5,1466.00,75150.333333333,,,
La Mirada,3,990.00,78865,,,
La Mirada,2,2175.00,104106,,,
La Mirada,2,1683.00,83757.166666667,,,
La Mirada,1,964.00,55397.5,,,
La Mirada,1,1539.00,74304,,,
La Mirada,1,1688.00,88241.333333333,,,
La Mirada,0,1832.00,84591.166666667,,,
La Mirada,0,1784.00,84403.5,,,
La Mirada,0,1822.00,81710.833333333,1.5,1594.3,81052.6833333333
La Puente,8,1059.00,48396.166666667,,,
La Puente,5,1172.00,52726,,,
La Puente,4,1224.00,50034,,,
La Puente,2,1452.00,61405.666666667,,,
La Puente,2,1365.00,56332.5,,,
La Puente,2,1025.00,52315,,,
La Puente,2,1258.00,59706.666666667,,,
La Puente,1,959.00,49632.666666667,3.25,1189.25,53818.583333333496
La Verne,4,1120.00,56474.833333333,,,
La Verne,3,1366.00,66229.666666667,,,
La Verne,2,2225.00,113769.5,,,
La Verne,1,2057.00,55099.666666667,,,
La Verne,1,1577.00,63461,,,
La Verne,1,1053.00,69890.5,,,
La Verne,1,2628.00,123131.666666667,1.8571428571428572,1718.0,78293.83333333342
Ladera Heights,3,1369.00,66466.666666667,,,
Ladera Heights,2,1754.00,85443.166666667,,,
Ladera Heights,1,1806.00,72719.666666667,,,
Ladera Heights,0,1764.00,100278.166666667,1.5,1673.25,81226.916666667
Lake Balboa,11,1357.00,61188.5,,,
Lake Balboa,11,1191.00,61993.666666667,,,
Lake Balboa,8,1120.00,52935.5,,,
Lake Balboa,6,2077.00,60766,,,
Lake Balboa,5,1782.00,77284,,,
Lake Balboa,2,2040.00,71985.166666667,,,
Lake Balboa,1,1491.00,76656.666666667,6.285714285714286,1579.7142857142858,66115.64285714299
Lake Los Angeles,1,1096.00,42597.833333333,1.0,1096.0,42597.833333333
Lake View Terrace,9,1000.00,46451.833333333,,,
Lake View Terrace,1,1644.00,71592.166666667,,,
Lake View Terrace,1,941.00,67789.5,3.6666666666666665,1195.0,61944.5
Lakewood,13,1356.00,67002.666666667,,,
Lakewood,4,1761.00,80513.833333333,,,
Lakewood,4,1399.00,64796.833333333,,,
Lakewood,3,2343.00,93193.833333333,,,
Lakewood,3,1156.00,51642,,,
Lakewood,2,1212.00,85830.333333333,,,
Lakewood,2,1856.00,81443.166666667,,,
Lakewood,1,1541.00,96956.833333333,,,
Lakewood,1,1961.00,92488.333333333,,,
Lakewood,1,1716.00,80152.333333333,,,
Lakewood,1,1218.00,62711.333333333,,,
Lakewood,1,1956.00,75835.833333333,,,
Lakewood,1,1268.00,83319.833333333,,,
Lakewood,1,1277.00,84223.833333333,,,
Lakewood,1,1586.00,72551.166666667,,,
Lakewood,0,2133.00,84306.5,,,
Lakewood,0,2061.00,82118.166666667,,,
Lakewood,0,1478.00,63036.5,2.1666666666666665,1626.5555555555557,77895.74074074061
Lancaster,8,712.00,16356.333333333,,,
Lancaster,5,1117.00,49716.333333333,,,
Lancaster,3,906.00,35366.833333333,,,
Lancaster,3,974.00,31637.833333333,,,
Lancaster,2,1048.00,47459.666666667,,,
Lancaster,2,1399.00,63844,,,
Lancaster,1,1188.00,64195.5,,,
Lancaster,1,1727.00,96082.166666667,,,
Lancaster,1,1330.00,55150.833333333,,,
Lancaster,1,897.00,38084,,,
Lancaster,1,876.00,31427.5,,,
Lancaster,1,1012.00,31776,,,
Lancaster,1,1278.00,54364.5,,,
Lancaster,1,805.00,30378.666666667,,,
Lancaster,1,1213.00,42326.833333333,,,
Lancaster,1,1243.00,43802.166666667,,,
Lancaster,0,886.00,78599.333333333,,,
Lancaster,0,1141.00,63017.833333333,,,
Lancaster,0,1169.00,51466,,,
Lancaster,0,1488.00,70344.666666667,,,
Lancaster,0,1716.00,80699.333333333,,,
Lancaster,0,1067.00,54703,,,
Lancaster,0,1172.00,37189.333333333,,,
Lancaster,0,1011.00,41545.5,,,
Lancaster,0,1096.00,34551.666666667,,,
Lancaster,0,1264.00,41600.333333333,,,
Lancaster,0,776.00,46347.166666667,1.2222222222222223,1130.037037037037,49334.56790123452
Larchmont,12,1199.00,46319.666666667,,,
Larchmont,5,1267.00,56988,8.5,1233.0,51653.8333333335
Lawndale,7,1250.00,48302,,,
Lawndale,5,1354.00,49348.166666667,,,
Lawndale,5,1281.00,44726.166666667,,,
Lawndale,3,1303.00,55715.5,,,
Lawndale,3,1462.00,38095.166666667,,,
Lawndale,3,1374.00,51943.666666667,4.333333333333333,1337.3333333333333,48021.77777777801
Leimert Park,10,997.00,50759.666666667,,,
Leimert Park,9,1099.00,34221.5,,,
Leimert Park,3,1036.00,55402.666666667,7.333333333333333,1044.0,46794.611111111335
Lennox,13,987.00,37471.666666667,,,
Lennox,12,948.00,31375.166666667,,,
Lennox,10,1026.00,35454,,,
Lennox,7,1092.00,31873.5,,,
Lennox,5,929.00,41131.666666667,9.4,1245.5,35461.2000000002
Leona Valley,0,,104627.166666667,0.0,0.0,104627.166666667
Lincoln Heights,21,907.00,32840.5,,,
Lincoln Heights,20,940.00,25720.666666667,,,
Lincoln Heights,15,1044.00,31201,,,
Lincoln Heights,14,926.00,33733.833333333,,,
Lincoln Heights,12,968.00,24910,,,
Lincoln Heights,9,1118.00,30638.833333333,15.166666666666666,983.8333333333334,29840.8055555555
Lomita,4,1376.00,56887.333333333,,,
Lomita,4,1302.00,60667.166666667,,,
Lomita,2,1140.00,67083.166666667,3.3333333333333335,1272.6666666666667,61545.888888889
Long Beach,28,770.00,23217.833333333,,,
Long Beach,24,872.00,30859.166666667,,,
Long Beach,22,955.00,30823.666666667,,,
Long Beach,22,886.00,33876.666666667,,,
Long Beach,21,312.00,14226,,,
Long Beach,18,928.00,30036.166666667,,,
Long Beach,18,991.00,32769.166666667,,,
Long Beach,18,1093.00,38003.166666667,,,
Long Beach,17,1061.00,33052.5,,,
Long Beach,17,1131.00,31633.333333333,,,
Long Beach,16,840.00,29030.333333333,,,
Long Beach,15,926.00,33494.5,,,
Long Beach,15,979.00,29467,,,
Long Beach,15,1006.00,43062.166666667,,,
Long Beach,14,1057.00,38144.5,,,
Long Beach,14,997.00,29299,,,
Long Beach,14,965.00,31234.666666667,,,
Long Beach,14,989.00,26679.5,,,
Long Beach,13,863.00,29257.333333333,,,
Long Beach,13,914.00,31837.5,,,
Long Beach,12,1124.00,37979.5,,,
Long Beach,12,978.00,31607.333333333,,,
Long Beach,11,786.00,16773.5,,,
Long Beach,11,1140.00,47320.833333333,,,
Long Beach,10,1012.00,31182.166666667,,,
Long Beach,10,1033.00,29675.666666667,,,
Long Beach,10,1104.00,40050.333333333,,,
Long Beach,9,1032.00,36024,,,
Long Beach,9,1477.00,52258.333333333,,,
Long Beach,9,387.00,21139.833333333,,,
Long Beach,8,1790.00,67964.166666667,,,
Long Beach,8,966.00,38639.833333333,,,
Long Beach,8,1096.00,54902.166666667,,,
Long Beach,8,1263.00,44512.666666667,,,
Long Beach,7,1117.00,46499.333333333,,,
Long Beach,7,944.00,39360,,,
Long Beach,7,1047.00,34950.5,,,
Long Beach,7,1054.00,29656.666666667,,,
Long Beach,7,1109.00,51014,,,
Long Beach,7,1078.00,71548.333333333,,,
Long Beach,7,1039.00,44325.333333333,,,
Long Beach,6,1132.00,40287,,,
Long Beach,6,978.00,35094.666666667,,,
Long Beach,6,1311.00,52382.833333333,,,
Long Beach,6,1108.00,49568.666666667,,,
Long Beach,6,1326.00,57149.666666667,,,
Long Beach,6,1006.00,39383,,,
Long Beach,6,1601.00,77949.666666667,,,
Long Beach,5,1481.00,90121.5,,,
Long Beach,5,1109.00,50960.833333333,,,
Long Beach,5,1187.00,57971.333333333,,,
Long Beach,5,1460.00,63675.666666667,,,
Long Beach,5,1054.00,41374.166666667,,,
Long Beach,5,1263.00,79604,,,
Long Beach,5,941.00,30931.833333333,,,
Long Beach,5,1014.00,41806.166666667,,,
Long Beach,4,1443.00,93971.833333333,,,
Long Beach,4,1051.00,37264.5,,,
Long Beach,4,1264.00,72418.666666667,,,
Long Beach,4,1037.00,39382.5,,,
Long Beach,4,967.00,44126.5,,,
Long Beach,4,1307.00,63279.166666667,,,
Long Beach,4,1091.00,71860.333333333,,,
Long Beach,4,1500.00,60353.333333333,,,
Long Beach,4,1096.00,57842.5,,,
Long Beach,4,1138.00,54593.5,,,
Long Beach,4,1111.00,30823.833333333,,,
Long Beach,4,1130.00,46168.833333333,,,
Long Beach,4,1247.00,63919.833333333,,,
Long Beach,4,942.00,39191.833333333,,,
Long Beach,4,1151.00,44483.5,,,
Long Beach,4,1133.00,55081.833333333,,,
Long Beach,3,1299.00,64190.666666667,,,
Long Beach,3,1224.00,59292.166666667,,,
Long Beach,3,1189.00,52818.166666667,,,
Long Beach,3,1577.00,68178.5,,,
Long Beach,3,1378.00,61130.166666667,,,
Long Beach,3,1242.00,61788.5,,,
Long Beach,3,1350.00,62793.333333333,,,
Long Beach,3,1156.00,91974.5,,,
Long Beach,3,2063.00,98280.666666667,,,
Long Beach,2,1379.00,106294.5,,,
Long Beach,2,1761.00,101258.5,,,
Long Beach,2,1348.00,78347.666666667,,,
Long Beach,2,1358.00,73858.166666667,,,
Long Beach,2,1185.00,76082.833333333,,,
Long Beach,1,1990.00,89517.333333333,,,
Long Beach,1,1644.00,100657.666666667,,,
Long Beach,1,1230.00,74969.166666667,,,
Long Beach,1,1916.00,98213.833333333,,,
Long Beach,1,2005.00,92618.333333333,,,
Long Beach,1,2160.00,97865.5,,,
Long Beach,1,2233.00,107377.666666667,,,
Long Beach,1,1689.00,71943.333333333,,,
Long Beach,0,1932.00,78307.166666667,,,
Long Beach,0,1488.00,94412.5,,,
Long Beach,0,1380.00,71903.166666667,,,
Long Beach,0,1316.00,53583.333333333,,,
Long Beach,0,1946.00,102783.666666667,,,
Long Beach,0,2529.00,93980.833333333,,,
Long Beach,0,1361.00,86331.333333333,,,
Long Beach,0,2137.00,88793.666666667,,,
Long Beach,0,2190.00,105901.166666667,,,
Long Beach,0,2024.00,91873.833333333,,,
Long Beach,0,1431.00,98694.166666667,,,
Long Beach,0,1147.00,48058.166666667,6.820754716981132,1254.2169811320755,56363.07861635221
Lopez/Kagel Canyons,9,1383.00,76313.333333333,9.0,1383.0,76313.333333333
Los Feliz,17,1113.00,21545.666666667,,,
Los Feliz,15,1126.00,38603.666666667,,,
Los Feliz,12,1390.00,59640.666666667,,,
Los Feliz,8,1194.00,36937.5,,,
Los Feliz,6,1982.00,114877.166666667,,,
Los Feliz,6,1445.00,66279.166666667,,,
Los Feliz,5,1425.00,64271.833333333,,,
Los Feliz,5,1342.00,59327,,,
Los Feliz,2,1392.00,151863.833333333,,,
Los Feliz,2,1455.00,68078.166666667,,,
Los Feliz,1,1564.00,94038.166666667,,,
Los Feliz,1,1443.00,89042.666666667,6.666666666666667,1405.9166666666667,72042.12500000016
Lynwood,8,1284.00,50180.833333333,,,
Lynwood,8,1224.00,44995.666666667,,,
Lynwood,8,987.00,36396.166666667,,,
Lynwood,7,973.00,46349.166666667,,,
Lynwood,6,1011.00,33752,,,
Lynwood,6,973.00,30962.333333333,,,
Lynwood,5,1451.00,53474,,,
Lynwood,4,1114.00,48674.5,,,
Lynwood,4,1078.00,50217.833333333,,,
Lynwood,3,1176.00,41926.5,,,
Lynwood,2,1193.00,50060.666666667,5.545454545454546,1133.090909090909,44271.78787878791
Malibu,0,3084.00,126672.5,0.0,3084.0,126672.5
Manchester Square,7,1083.00,44625.833333333,,,
Manchester Square,7,1325.00,44106.333333333,7.0,1204.0,44366.083333333
Manhattan Beach,3,1697.00,147717.5,,,
Manhattan Beach,2,2000.00,177958,,,
Manhattan Beach,2,2184.00,128620.333333333,,,
Manhattan Beach,1,2192.00,152849.666666667,,,
Manhattan Beach,1,2586.00,118170.833333333,,,
Manhattan Beach,0,1892.00,122529,,,
Manhattan Beach,0,1969.00,125937.833333333,,,
Manhattan Beach,0,2805.00,155224,1.125,2165.625,141125.89583333326
Mar Vista,14,1244.00,46228.833333333,,,
Mar Vista,13,1353.00,54592.5,,,
Mar Vista,11,1702.00,74244.333333333,,,
Mar Vista,9,1357.00,52076.666666667,,,
Mar Vista,8,1249.00,61220.666666667,,,
Mar Vista,6,2950.00,106488.166666667,,,
Mar Vista,4,1463.00,67470.666666667,,,
Mar Vista,3,1317.00,75545.666666667,,,
Mar Vista,2,1672.00,81486.333333333,,,
Mar Vista,2,1612.00,83921.833333333,7.2,1591.9,70327.5666666667
Marina del Rey,1,2411.00,94086.666666667,1.0,2411.0,94086.666666667
Mayflower Village,6,1234.00,68933.666666667,,,
Mayflower Village,3,1412.00,55607.5,,,
Mayflower Village,1,1718.00,80830.5,3.3333333333333335,1454.6666666666667,68457.22222222234
Maywood,15,967.00,35811.333333333,,,
Maywood,10,988.00,37143.833333333,,,
Maywood,9,951.00,35549.833333333,,,
Maywood,6,1014.00,36784.166666667,,,
Maywood,6,982.00,45252,,,
Maywood,6,872.00,35012,,,
Maywood,4,1026.00,36318.833333333,8.0,971.4285714285714,37410.28571428557
Mid-City,26,1120.00,32023.333333333,,,
Mid-City,22,1082.00,41113.833333333,,,
Mid-City,18,1049.00,41317.5,,,
Mid-City,13,1174.00,38690.666666667,,,
Mid-City,12,971.00,42138.666666667,,,
Mid-City,12,1216.00,43146.666666667,,,
Mid-City,12,1395.00,60866.166666667,,,
Mid-City,11,1262.00,52581.166666667,,,
Mid-City,11,1232.00,51694.166666667,,,
Mid-City,11,1231.00,43142.666666667,,,
Mid-City,10,1499.00,61604.833333333,,,
Mid-City,9,1205.00,51917.333333333,,,
Mid-City,6,1238.00,65292.666666667,,,
Mid-City,5,1135.00,32642.666666667,12.714285714285714,1200.642857142857,47012.309523809636
Mid-Wilshire,13,1320.00,50574.5,,,
Mid-Wilshire,12,1148.00,46580,,,
Mid-Wilshire,10,1262.00,54238.833333333,,,
Mid-Wilshire,9,1453.00,54246.5,,,
Mid-Wilshire,7,1520.00,59322,,,
Mid-Wilshire,3,1714.00,72545.666666667,,,
Mid-Wilshire,3,2090.00,56499.5,,,
Mid-Wilshire,3,1704.00,70992.166666667,,,
Mid-Wilshire,2,1875.00,79982.5,,,
Mid-Wilshire,2,2365.00,81546.333333333,,,
Mid-Wilshire,1,1589.00,84862.666666667,5.909090909090909,1640.0,64671.87878787881
Mission Hills,4,1880.00,68299.666666667,,,
Mission Hills,3,1070.00,57219.666666667,,,
Mission Hills,2,1260.00,72275.833333333,,,
Mission Hills,1,1785.00,57170.666666667,,,
Mission Hills,1,1375.00,48829.833333333,2.2,1474.0,60759.133333333404
Monrovia,6,2524.00,102863.833333333,,,
Monrovia,5,1180.00,49222.5,,,
Monrovia,3,1279.00,68096.333333333,,,
Monrovia,2,1353.00,62047,,,
Monrovia,1,1143.00,53238.666666667,,,
Monrovia,1,1373.00,72342,,,
Monrovia,1,1951.00,109238.666666667,,,
Monrovia,0,1292.00,103273.166666667,2.375,1511.875,77540.27083333337
Montebello,10,1114.00,45151.333333333,,,
Montebello,7,1123.00,44362.666666667,,,
Montebello,7,1129.00,54800.166666667,,,
Montebello,6,1099.00,45416.5,,,
Montebello,6,1171.00,37615.666666667,,,
Montebello,6,1082.00,35624,,,
Montebello,4,1071.00,56256,,,
Montebello,4,1225.00,49062.333333333,,,
Montebello,4,984.00,37788,,,
Montebello,4,1297.00,60533.666666667,,,
Montebello,3,1047.00,37051.5,,,
Montebello,2,1247.00,58580.333333333,,,
Montebello,2,1414.00,64838.333333333,,,
Montebello,1,2123.00,75582.666666667,4.714285714285714,1223.2857142857142,50190.22619047621
Montecito Heights,16,1045.00,32240.833333333,,,
Montecito Heights,14,1067.00,52931.5,,,
Montecito Heights,13,1134.00,42907,,,
Montecito Heights,8,1151.00,39225.5,,,
Montecito Heights,7,1051.00,36789.333333333,,,
Montecito Heights,4,1603.00,65015.333333333,,,
Montecito Heights,3,1334.00,57291.666666667,9.285714285714286,1197.857142857143,46628.738095238
Monterey Park,11,565.00,26456.333333333,,,
Monterey Park,7,1094.00,55189.166666667,,,
Monterey Park,7,1131.00,41385.5,,,
Monterey Park,7,1271.00,36545.666666667,,,
Monterey Park,6,1297.00,61093.833333333,,,
Monterey Park,6,1187.00,58679.5,,,
Monterey Park,5,1199.00,38798.666666667,,,
Monterey Park,4,1550.00,64344.5,,,
Monterey Park,4,1099.00,27667.666666667,,,
Monterey Park,3,1412.00,64871.666666667,,,
Monterey Park,3,1267.00,50202,,,
Monterey Park,1,1085.00,54683.833333333,,,
Monterey Park,1,1197.00,62179.5,,,
Monterey Park,1,1028.00,89630.666666667,,,
Monterey Park,0,856.00,71419.166666667,,,
Monterey Park,0,1486.00,74457.5,4.125,1170.25,54850.322916666744
Mount Washington,15,1134.00,60733,,,
Mount Washington,6,1153.00,47150.333333333,,,
Mount Washington,3,1157.00,76949.833333333,,,
Mount Washington,0,1578.00,74224.666666667,6.0,1255.5,64764.45833333325
North Hills,20,1093.00,33762.833333333,,,
North Hills,18,1220.00,34474.5,,,
North Hills,17,940.00,30630,,,
North Hills,14,1102.00,27984.833333333,,,
North Hills,13,1114.00,30900.666666667,,,
North Hills,10,1084.00,39272.5,,,
North Hills,7,1087.00,42391.666666667,,,
North Hills,6,2325.00,86384.166666667,,,
North Hills,5,1580.00,63964.833333333,,,
North Hills,5,1099.00,73715.833333333,,,
North Hills,4,1589.00,68866.166666667,,,
North Hills,4,1805.00,76330.666666667,,,
North Hills,3,2121.00,67770.666666667,,,
North Hills,3,2669.00,89460.166666667,9.214285714285714,1487.7142857142858,54707.82142857149
North Hollywood,18,1031.00,49193.166666667,,,
North Hollywood,14,1206.00,41452.5,,,
North Hollywood,14,1115.00,35796.666666667,,,
North Hollywood,14,1078.00,35909.5,,,
North Hollywood,14,1123.00,37090.166666667,,,
North Hollywood,13,1219.00,47139,,,
North Hollywood,13,1104.00,31804.5,,,
North Hollywood,12,1122.00,48688.666666667,,,
North Hollywood,11,1385.00,55594.5,,,
North Hollywood,10,1220.00,41426.666666667,,,
North Hollywood,10,1116.00,34316.333333333,,,
North Hollywood,10,1103.00,38711.833333333,,,
North Hollywood,10,1268.00,41612.166666667,,,
North Hollywood,10,966.00,31090.833333333,,,
North Hollywood,8,1299.00,50931.5,,,
North Hollywood,6,1452.00,64975.5,,,
North Hollywood,6,1270.00,42083.333333333,,,
North Hollywood,6,1389.00,54708.333333333,,,
North Hollywood,5,1101.00,39491.166666667,,,
North Hollywood,3,1235.00,53965.166666667,,,
North Hollywood,3,1216.00,54179.666666667,,,
North Hollywood,2,1088.00,40508.166666667,9.636363636363637,1186.6363636363637,44121.33333333341
North Whittier,0,1486.00,94865.166666667,0.0,1486.0,94865.166666667
Northeast Antelope Valley,5,880.00,37618.666666667,,,
Northeast Antelope Valley,2,1503.00,42322.833333333,,,
Northeast Antelope Valley,0,1385.00,48725.333333333,,,
Northeast Antelope Valley,0,738.00,36237.166666667,,,
Northeast Antelope Valley,0,1076.00,43371.5,1.4,1116.4,41655.1
Northridge,10,1123.00,43423.333333333,,,
Northridge,8,1208.00,52951.5,,,
Northridge,8,1209.00,40393,,,
Northridge,6,1337.00,40922,,,
Northridge,5,1750.00,109579.2,,,
Northridge,5,2067.00,97934.833333333,,,
Northridge,4,1477.00,43226.166666667,,,
Northridge,4,1380.00,49461,,,
Northridge,4,2088.00,67947.5,,,
Northridge,3,1446.00,60475,,,
Northridge,2,1746.00,74368.666666667,,,
Northridge,2,1839.00,68526.5,,,
Northridge,0,1186.00,53537.333333333,,,
Northridge,0,1930.00,112377.333333333,4.357142857142857,1556.142857142857,65365.954761904715
Northwest Antelope Valley,0,1456.00,68003.666666667,0.0,1456.0,68003.666666667
Northwest Palmdale,1,1006.00,91675.833333333,1.0,1006.0,91675.833333333
Norwalk,5,1344.00,65444.833333333,,,
Norwalk,4,1000.00,58364,,,
Norwalk,4,1568.00,60377.166666667,,,
Norwalk,4,1688.00,86471,,,
Norwalk,3,1625.00,71583.333333333,,,
Norwalk,3,1438.00,63064,,,
Norwalk,3,1577.00,55574.333333333,,,
Norwalk,3,1173.00,47123.666666667,,,
Norwalk,3,755.00,43426.5,,,
Norwalk,3,1483.00,69002.666666667,,,
Norwalk,3,,66216.333333333,,,
Norwalk,2,1504.00,57190.666666667,,,
Norwalk,2,1389.00,62190,,,
Norwalk,2,1761.00,75698.166666667,,,
Norwalk,2,1385.00,63348.666666667,,,
Norwalk,2,1184.00,54252,,,
Norwalk,1,1576.00,66685.333333333,,,
Norwalk,1,1340.00,55385.666666667,,,
Norwalk,1,1225.00,59939.333333333,,,
Norwalk,1,1803.00,70638.333333333,,,
Norwalk,0,1240.00,51110.833333333,2.4761904761904763,1402.9,62051.75396825395
Pacific Palisades,2,2703.00,141337.833333333,,,
Pacific Palisades,1,1919.00,105464.333333333,,,
Pacific Palisades,0,,108055.5,,,
Pacific Palisades,0,2152.00,174194.166666667,,,
Pacific Palisades,0,1926.00,163469.166666667,,,
Pacific Palisades,0,3501.00,196582.166666667,,,
Pacific Palisades,0,3442.00,160753,0.42857142857142855,2607.1666666666665,149979.45238095243
Pacoima,14,672.00,40712,,,
Pacoima,13,1341.00,37677.833333333,,,
Pacoima,11,818.00,27645.333333333,,,
Pacoima,11,1328.00,39959.666666667,,,
Pacoima,8,863.00,47124.666666667,,,
Pacoima,8,1308.00,39574.833333333,,,
Pacoima,7,1371.00,48051.5,,,
Pacoima,7,1603.00,61435.5,,,
Pacoima,6,900.00,43425.666666667,,,
Pacoima,6,1294.00,42604.666666667,,,
Pacoima,6,1311.00,43944.833333333,,,
Pacoima,5,1944.00,47386,,,
Pacoima,4,1333.00,47329,,,
Pacoima,4,1194.00,48015.5,,,
Pacoima,3,1236.00,46022.666666667,,,
Pacoima,2,1509.00,57426.166666667,,,
Pacoima,2,1365.00,51435.666666667,,,
Pacoima,2,1571.00,54198.333333333,,,
Pacoima,0,1322.00,40525,6.2631578947368425,1278.0526315789473,45499.72807017547
Palmdale,9,744.00,18341.666666667,,,
Palmdale,6,1387.00,49596.166666667,,,
Palmdale,6,864.00,32085.666666667,,,
Palmdale,6,1375.00,51911,,,
Palmdale,5,967.00,49865.333333333,,,
Palmdale,5,974.00,31760.833333333,,,
Palmdale,3,1372.00,46754.333333333,,,
Palmdale,3,1323.00,54548.5,,,
Palmdale,3,960.00,31235.666666667,,,
Palmdale,3,865.00,26194,,,
Palmdale,2,1518.00,57392.666666667,,,
Palmdale,2,1449.00,46572.166666667,,,
Palmdale,2,1391.00,54756.666666667,,,
Palmdale,2,1678.00,66383.166666667,,,
Palmdale,2,1127.00,49005.5,,,
Palmdale,2,1164.00,37891.333333333,,,
Palmdale,2,794.00,25576.666666667,,,
Palmdale,2,1746.00,86197.333333333,,,
Palmdale,1,1574.00,64733,,,
Palmdale,1,1359.00,51376.833333333,,,
Palmdale,1,1104.00,44511,,,
Palmdale,1,1282.00,72921.833333333,,,
Palmdale,1,1717.00,85609.166666667,,,
Palmdale,1,1188.00,60803.333333333,,,
Palmdale,0,1301.00,44607,,,
Palmdale,0,1309.00,48988,,,
Palmdale,0,1212.00,34914.166666667,,,
Palmdale,0,1753.00,88239.333333333,,,
Palmdale,0,1881.00,87238.5,,,
Palmdale,0,1465.00,62628,,,
Palmdale,0,1903.00,90544.333333333,,,
Palmdale,0,1285.00,58864.833333333,2.21875,1313.46875,53501.5
Palms,16,1564.00,54046.333333333,,,
Palms,12,1423.00,58387.166666667,,,
Palms,11,1423.00,54766,,,
Palms,10,1388.00,49949.833333333,,,
Palms,8,1530.00,55312.333333333,,,
Palms,8,1624.00,78317,,,
Palms,8,1307.00,51268.166666667,,,
Palms,8,1378.00,50143.5,,,
Palms,7,1373.00,47148,,,
Palms,4,1528.00,64625.5,,,
Palms,2,1476.00,53908.833333333,8.545454545454545,1455.8181818181818,56170.242424242366
Palos Verdes Estates,0,2844.00,186669.666666667,,,
Palos Verdes Estates,0,3501.00,171556.666666667,,,
Palos Verdes Estates,0,2250.00,152268.833333333,0.0,2865.0,170165.05555555565
Panorama City,28,1117.00,34364.333333333,,,
Panorama City,26,1084.00,30138.833333333,,,
Panorama City,24,966.00,30947.666666667,,,
Panorama City,16,1435.00,39887.833333333,,,
Panorama City,16,1033.00,32803.333333333,,,
Panorama City,15,1007.00,26841.333333333,,,
Panorama City,15,971.00,32207.5,,,
Panorama City,14,1017.00,35754,,,
Panorama City,14,1423.00,44185.333333333,,,
Panorama City,10,979.00,32548.333333333,,,
Panorama City,8,851.00,51069,,,
Panorama City,7,1118.00,44051.333333333,,,
Panorama City,5,984.00,64195.666666667,,,
Panorama City,5,885.00,31998.166666667,,,
Panorama City,5,1367.00,51528,,,
Panorama City,4,1095.00,38461.5,,,
Panorama City,3,1654.00,66476.833333333,,,
Panorama City,1,1592.00,64647.5,12.0,1143.2222222222222,41783.694444444336
Paramount,9,1340.00,46609.666666667,,,
Paramount,9,1171.00,47320.333333333,,,
Paramount,6,1204.00,43904.166666667,,,
Paramount,6,1233.00,37718.5,,,
Paramount,5,1004.00,33590,,,
Paramount,3,1220.00,42448,,,
Paramount,3,1152.00,49181.833333333,,,
Paramount,3,1154.00,47005.833333333,,,
Paramount,2,1374.00,46732.333333333,,,
Paramount,1,1156.00,45193.5,4.7,1200.8,43970.416666666606
Pasadena,17,1027.00,39070,,,
Pasadena,12,1030.00,30004.666666667,,,
Pasadena,11,1148.00,47034.833333333,,,
Pasadena,10,1215.00,43779.5,,,
Pasadena,9,1181.00,47105.5,,,
Pasadena,9,1616.00,39315.333333333,,,
Pasadena,9,1307.00,68701.166666667,,,
Pasadena,8,1295.00,71539.5,,,
Pasadena,7,1846.00,98900,,,
Pasadena,7,1596.00,63500.166666667,,,
Pasadena,7,1633.00,73009.333333333,,,
Pasadena,7,1228.00,45557,,,
Pasadena,6,1378.00,55640.333333333,,,
Pasadena,5,1480.00,66040.166666667,,,
Pasadena,5,1773.00,85441.333333333,,,
Pasadena,5,1652.00,53734,,,
Pasadena,5,1085.00,46858.666666667,,,
Pasadena,4,1572.00,78228.333333333,,,
Pasadena,4,1173.00,60895.166666667,,,
Pasadena,4,1247.00,56828.5,,,
Pasadena,4,1575.00,88452.5,,,
Pasadena,3,1585.00,105447.166666667,,,
Pasadena,3,2413.00,119293.166666667,,,
Pasadena,3,1970.00,115146.833333333,,,
Pasadena,3,1506.00,96094,,,
Pasadena,3,1137.00,76092.833333333,,,
Pasadena,3,1277.00,46848.666666667,,,
Pasadena,3,1168.00,62811,,,
Pasadena,2,1781.00,105040,,,
Pasadena,2,1454.00,68289.833333333,,,
Pasadena,1,2339.00,146365,,,
Pasadena,1,3501.00,182810.833333333,,,
Pasadena,1,1880.00,114242.666666667,,,
Pasadena,0,1625.00,114719,5.382352941176471,1549.7941176470588,76848.14705882352
Pico Rivera,10,953.00,48908.333333333,,,
Pico Rivera,5,1520.00,71498.833333333,,,
Pico Rivera,5,1117.00,38541.166666667,,,
Pico Rivera,4,1126.00,44988.333333333,,,
Pico Rivera,4,1226.00,56682.333333333,,,
Pico Rivera,3,1253.00,53240.333333333,,,
Pico Rivera,3,1150.00,50104.333333333,,,
Pico Rivera,3,1322.00,66539.5,,,
Pico Rivera,2,1650.00,74061.5,,,
Pico Rivera,2,1303.00,60126.333333333,,,
Pico Rivera,2,1146.00,46711.333333333,,,
Pico Rivera,2,2034.00,57787.5,,,
Pico Rivera,1,1759.00,63893.833333333,3.5384615384615383,1350.6923076923076,56391.051282051085
Pico-Robertson,5,1470.00,58207.833333333,,,
Pico-Robertson,3,1694.00,77829,,,
Pico-Robertson,3,1512.00,52508.833333333,,,
Pico-Robertson,1,1622.00,83368,,,
Pico-Robertson,0,1911.00,75261.5,,,
Pico-Robertson,0,1680.00,55134.166666667,2.0,1648.1666666666667,67051.55555555549
Pico-Union,46,812.00,26576.833333333,,,
Pico-Union,45,928.00,26176,,,
Pico-Union,42,863.00,28809.333333333,,,
Pico-Union,42,787.00,26000.666666667,,,
Pico-Union,41,953.00,32031.833333333,,,
Pico-Union,41,858.00,26285,,,
Pico-Union,34,764.00,27211.666666667,,,
Pico-Union,31,804.00,20257,,,
Pico-Union,30,1026.00,31608,,,
Pico-Union,29,1013.00,36092.333333333,,,
Pico-Union,28,813.00,21449.166666667,,,
Pico-Union,28,1098.00,33191.666666667,,,
Pico-Union,24,984.00,29799.166666667,,,
Pico-Union,22,840.00,24472.666666667,34.5,895.9285714285714,27854.380952380994
Playa del Rey,0,2042.00,117282,,,
Playa del Rey,0,1812.00,84378.333333333,0.0,1927.0,100830.1666666665
Playa Vista,2,1366.00,64310,,,
Playa Vista,1,2323.00,75645.5,1.5,1844.5,69977.75
Pomona,10,1048.00,33498.333333333,,,
Pomona,10,897.00,37823.666666667,,,
Pomona,9,1307.00,56049,,,
Pomona,7,1535.00,63399.833333333,,,
Pomona,6,969.00,33003,,,
Pomona,5,1176.00,37853.833333333,,,
Pomona,4,1120.00,27238.166666667,,,
Pomona,3,1693.00,81253.333333333,,,
Pomona,3,1128.00,40262,,,
Pomona,3,1002.00,37251,,,
Pomona,3,1621.00,56114.833333333,,,
Pomona,3,,106908,,,
Pomona,2,1695.00,92859.833333333,,,
Pomona,2,1520.00,52772.666666667,,,
Pomona,2,1182.00,48631.666666667,,,
Pomona,2,962.00,46200.333333333,,,
Pomona,2,1026.00,40811.166666667,,,
Pomona,2,941.00,49962.5,,,
Pomona,2,890.00,30241.833333333,,,
Pomona,2,1247.00,53334.333333333,,,
Pomona,1,1458.00,55778,,,
Pomona,1,1106.00,48542.333333333,,,
Pomona,1,1469.00,67669.666666667,,,
Pomona,1,1375.00,52406.333333333,,,
Pomona,1,1246.00,51855,,,
Pomona,1,1105.00,59311.5,,,
Pomona,1,1580.00,57805.166666667,,,
Pomona,0,1502.00,56900.333333333,,,
Pomona,0,1361.00,55082.666666667,,,
Pomona,0,1339.00,52979.833333333,2.966666666666667,1258.6206896551723,52793.33888888884
Porter Ranch,2,1216.00,112473.833333333,,,
Porter Ranch,2,2890.00,97669.166666667,,,
Porter Ranch,1,3426.00,118048.333333333,,,
Porter Ranch,1,3267.00,109366.5,,,
Porter Ranch,1,2375.00,134297.333333333,,,
Porter Ranch,1,3467.00,106004.333333333,,,
Porter Ranch,0,2533.00,97340.333333333,1.1428571428571428,2739.1428571428573,110742.83333333315
Quartz Hill,1,1333.00,85982.833333333,,,
Quartz Hill,1,1073.00,59774.333333333,1.0,1203.0,72878.583333333
Ramona,4,1958.00,90320.166666667,,,
Ramona,1,1649.00,81120.666666667,2.5,1803.5,85720.416666667
Rancho Dominguez,1,1083.00,49204,1.0,1083.0,49204.0
Rancho Palos Verdes,3,3129.00,123119.666666667,,,
Rancho Palos Verdes,1,3501.00,161319.833333333,,,
Rancho Palos Verdes,1,3257.00,116501.5,,,
Rancho Palos Verdes,1,2175.00,110967,,,
Rancho Palos Verdes,0,2283.00,138667.666666667,,,
Rancho Palos Verdes,0,1851.00,100969.666666667,,,
Rancho Palos Verdes,0,1985.00,94709,,,
Rancho Palos Verdes,0,3501.00,120340.333333333,0.75,2710.25,120824.33333333337
Rancho Park,0,1331.00,68470.666666667,0.0,1331.0,68470.666666667
Redondo Beach,4,1717.00,67482.666666667,,,
Redondo Beach,3,1867.00,99582.166666667,,,
Redondo Beach,3,1654.00,98845.166666667,,,
Redondo Beach,3,1456.00,81915.5,,,
Redondo Beach,2,1911.00,86226.166666667,,,
Redondo Beach,2,1908.00,124960,,,
Redondo Beach,1,1737.00,80705.166666667,,,
Redondo Beach,1,1788.00,110060.333333333,,,
Redondo Beach,1,1497.00,89900.5,,,
Redondo Beach,0,1713.00,101155.166666667,,,
Redondo Beach,0,1957.00,112324.5,,,
Redondo Beach,0,1673.00,108650.333333333,,,
Redondo Beach,0,1765.00,107762.333333333,1.5384615384615385,1741.7692307692307,97659.23076923084
Reseda,15,1104.00,47058.333333333,,,
Reseda,9,1187.00,50128.333333333,,,
Reseda,7,1231.00,44725.166666667,,,
Reseda,4,833.00,47803.166666667,,,
Reseda,4,993.00,32229,,,
Reseda,4,1210.00,55743.166666667,,,
Reseda,4,2171.00,62845.666666667,,,
Reseda,3,1400.00,58197.166666667,,,
Reseda,3,1195.00,52447.333333333,,,
Reseda,3,1877.00,68543.833333333,,,
Reseda,3,1165.00,55807.333333333,,,
Reseda,2,1224.00,49903.833333333,,,
Reseda,1,1557.00,66885.333333333,4.769230769230769,1319.0,53255.20512820508
Ridge Route,2,1688.00,107638.166666667,,,
Ridge Route,0,1103.00,68617.666666667,,,
Ridge Route,0,522.00,60007,0.6666666666666666,1656.5,78754.277777778
Rolling Hills,0,,216569.333333333,0.0,0.0,216569.333333333
Rolling Hills Estates,4,1225.00,62237.333333333,,,
Rolling Hills Estates,0,2591.00,142650,,,
Rolling Hills Estates,0,2902.00,151853.5,,,
Rolling Hills Estates,0,1723.00,122924.666666667,1.0,2110.25,119916.375
Rosemead,7,1131.00,35733.333333333,,,
Rosemead,2,1171.00,41194.5,,,
Rosemead,2,1124.00,45886.166666667,,,
Rosemead,2,1479.00,54864,,,
Rosemead,2,1309.00,65361,,,
Rosemead,2,1277.00,52398.333333333,,,
Rosemead,1,1178.00,36835.5,,,
Rosemead,1,1142.00,43658.166666667,,,
Rosemead,1,1191.00,58455.166666667,,,
Rosemead,0,1195.00,46950.833333333,,,
Rosemead,0,1210.00,43464.833333333,1.8181818181818181,1218.8181818181818,47709.25757575755
Rowland Heights,10,1221.00,37152.5,,,
Rowland Heights,6,1232.00,46856.833333333,,,
Rowland Heights,5,2000.00,106143.166666667,,,
Rowland Heights,4,1813.00,59924.5,,,
Rowland Heights,3,1746.00,61884.833333333,,,
Rowland Heights,2,1938.00,93823.166666667,,,
Rowland Heights,1,1734.00,76646.666666667,,,
Rowland Heights,1,2395.00,103797.166666667,,,
Rowland Heights,1,1473.00,71249.333333333,,,
Rowland Heights,0,1930.00,54574.333333333,,,
Rowland Heights,0,2207.00,100870.833333333,3.0,1789.909090909091,73902.12121212119
San Dimas,3,1424.00,87039.833333333,,,
San Dimas,3,1138.00,70320.833333333,,,
San Dimas,3,2406.00,95150.5,,,
San Dimas,2,1497.00,70117.166666667,,,
San Dimas,1,1641.00,68690,,,
San Dimas,1,2750.00,92231.5,,,
San Dimas,1,2052.00,80611.666666667,,,
San Dimas,1,1544.00,94162,1.875,1806.5,82290.4375
San Fernando,10,1001.00,37729.833333333,,,
San Fernando,6,1128.00,41948.833333333,,,
San Fernando,2,1368.00,59231.166666667,,,
San Fernando,2,1440.00,55232,,,
San Fernando,1,1421.00,60595.333333333,4.2,1271.6,50947.433333333196
San Gabriel,5,1183.00,48679.666666667,,,
San Gabriel,4,1330.00,45499.5,,,
San Gabriel,4,1361.00,48958.333333333,,,
San Gabriel,3,1212.00,44736,,,
San Gabriel,3,1979.00,106807,,,
San Gabriel,2,1223.00,48716.333333333,,,
San Gabriel,2,1144.00,59157.333333333,,,
San Gabriel,1,1209.00,56294.833333333,,,
San Gabriel,0,1275.00,102931,2.6666666666666665,1324.0,62419.9999999999
San Marino,2,3491.00,121308.166666667,,,
San Marino,0,,160323.833333333,1.0,3491.0,140816.0
San Pasqual,5,1294.00,93710.166666667,,,
San Pasqual,4,1452.00,76788.166666667,4.5,1373.0,85249.166666667
San Pedro,12,991.00,31426.333333333,,,
San Pedro,11,1196.00,47072.5,,,
San Pedro,8,1936.00,74095.333333333,,,
San Pedro,8,1192.00,47276.5,,,
San Pedro,8,997.00,34076,,,
San Pedro,8,685.00,23872.666666667,,,
San Pedro,8,870.00,22983.333333333,,,
San Pedro,6,1198.00,41684.333333333,,,
San Pedro,6,1038.00,39377.166666667,,,
San Pedro,5,988.00,37793.833333333,,,
San Pedro,3,1478.00,73729.666666667,,,
San Pedro,2,1434.00,77631.5,,,
San Pedro,1,1208.00,64667.666666667,,,
San Pedro,1,1166.00,72129.5,,,
San Pedro,1,1392.00,71562,,,
San Pedro,1,1208.00,61905.333333333,,,
San Pedro,1,1462.00,85448.166666667,,,
San Pedro,0,,79211.5,,,
San Pedro,0,1316.00,98706.166666667,,,
San Pedro,0,2114.00,100219,,,
San Pedro,0,1345.00,67564,,,
San Pedro,0,1642.00,83243.166666667,,,
San Pedro,0,2213.00,92048,3.9130434782608696,1321.3181818181818,62074.94202898552
Santa Clarita,11,1233.00,44782,,,
Santa Clarita,7,1441.00,52411,,,
Santa Clarita,7,1202.00,80645.5,,,
Santa Clarita,5,1418.00,71968.666666667,,,
Santa Clarita,4,1775.00,88471.5,,,
Santa Clarita,4,1452.00,101526.666666667,,,
Santa Clarita,4,1599.00,66008,,,
Santa Clarita,4,1734.00,83795.5,,,
Santa Clarita,4,1941.00,124801,,,
Santa Clarita,4,1239.00,93747.333333333,,,
Santa Clarita,3,1461.00,51097.833333333,,,
Santa Clarita,3,1493.00,121903.166666667,,,
Santa Clarita,3,1362.00,80145.333333333,,,
Santa Clarita,3,1842.00,82877.666666667,,,
Santa Clarita,3,1778.00,115400.166666667,,,
Santa Clarita,3,1697.00,75637.666666667,,,
Santa Clarita,3,1115.00,60991.5,,,
Santa Clarita,3,2202.00,88172.5,,,
Santa Clarita,2,1412.00,78179.5,,,
Santa Clarita,2,1792.00,86555.333333333,,,
Santa Clarita,2,1921.00,100444.833333333,,,
Santa Clarita,2,1234.00,50523.333333333,,,
Santa Clarita,2,1500.00,45398.166666667,,,
Santa Clarita,2,2185.00,85704.833333333,,,
Santa Clarita,1,1387.00,75475.166666667,,,
Santa Clarita,1,1923.00,105649.666666667,,,
Santa Clarita,1,1337.00,81580.166666667,,,
Santa Clarita,1,1253.00,70242,,,
Santa Clarita,1,1852.00,91459.166666667,,,
Santa Clarita,1,2452.00,96258,,,
Santa Clarita,1,2020.00,86122.833333333,,,
Santa Clarita,1,1553.00,86985.333333333,,,
Santa Clarita,1,,125931.833333333,,,
Santa Clarita,1,1939.00,99807.5,,,
Santa Clarita,0,1606.00,90640.5,,,
Santa Clarita,0,2234.00,138916,,,
Santa Clarita,0,2656.00,115109.5,,,
Santa Clarita,0,2076.00,110598.833333333,,,
Santa Clarita,0,2073.00,128739.833333333,,,
Santa Clarita,0,2063.00,105972.833333333,,,
Santa Clarita,0,2108.00,102567.833333333,2.4390243902439024,1714.0,88859.65853658534
Santa Fe Springs,3,1084.00,27373.166666667,,,
Santa Fe Springs,3,1321.00,51721,,,
Santa Fe Springs,0,1842.00,76549,2.0,1415.6666666666667,51881.05555555567
Santa Monica,11,1376.00,48335.333333333,,,
Santa Monica,8,1473.00,54683.833333333,,,
Santa Monica,8,1611.00,83309.166666667,,,
Santa Monica,6,1273.00,54532.333333333,,,
Santa Monica,6,1667.00,80488.833333333,,,
Santa Monica,6,1695.00,67235,,,
Santa Monica,4,1519.00,65011.5,,,
Santa Monica,3,1652.00,73519.666666667,,,
Santa Monica,3,1479.00,64499.666666667,,,
Santa Monica,3,1990.00,97395.833333333,,,
Santa Monica,3,1548.00,69730,,,
Santa Monica,2,1311.00,70827.5,,,
Santa Monica,2,1635.00,81631,,,
Santa Monica,2,1730.00,88125.5,,,
Santa Monica,2,1512.00,68404,,,
Santa Monica,1,1804.00,46217.833333333,,,
Santa Monica,1,1798.00,111725,,,
Santa Monica,1,1926.00,84731.5,,,
Santa Monica,1,1950.00,170036.833333333,3.8421052631578947,1628.8947368421052,77917.91228070168
Sawtelle,17,1497.00,69700.333333333,,,
Sawtelle,13,1451.00,66543.833333333,,,
Sawtelle,10,1519.00,60336.333333333,,,
Sawtelle,10,1528.00,59645.166666667,,,
Sawtelle,9,1658.00,72146.166666667,,,
Sawtelle,5,1536.00,75086.666666667,,,
Sawtelle,5,1697.00,62653.166666667,,,
Sawtelle,4,1919.00,84343.333333333,,,
Sawtelle,4,1394.00,53610.666666667,,,
Sawtelle,3,1722.00,75479.166666667,8.0,1769.0,67954.4833333334
Sepulveda Basin,4,,186793,4.0,0.0,186793.0
Shadow Hills,3,2240.00,84811.5,,,
Shadow Hills,0,2106.00,94420.333333333,,,
Shadow Hills,0,1125.00,55619.5,,,
Shadow Hills,0,2217.00,68915.333333333,0.75,1922.0,75941.6666666665
Sherman Oaks,7,1549.00,56130,,,
Sherman Oaks,5,1690.00,98579.833333333,,,
Sherman Oaks,4,1620.00,85411.166666667,,,
Sherman Oaks,3,1484.00,65059.166666667,,,
Sherman Oaks,3,1305.00,73459.166666667,,,
Sherman Oaks,2,2794.00,144421.833333333,,,
Sherman Oaks,2,1482.00,57284.833333333,,,
Sherman Oaks,2,1677.00,69748.833333333,,,
Sherman Oaks,2,1473.00,65460.666666667,,,
Sherman Oaks,2,1384.00,64811.333333333,,,
Sherman Oaks,1,,155853.833333333,,,
Sherman Oaks,1,1539.00,61413.833333333,,,
Sherman Oaks,1,1785.00,75470.166666667,,,
Sherman Oaks,1,1211.00,55501.666666667,,,
Sherman Oaks,1,1515.00,65388.833333333,,,
Sherman Oaks,0,1550.00,71711.833333333,,,
Sherman Oaks,0,1393.00,72190.333333333,2.176470588235294,1590.6875,78699.84313725482
Sierra Madre,3,1350.00,107650.333333333,,,
Sierra Madre,2,2250.00,146452,,,
Sierra Madre,2,1507.00,82255,2.3333333333333335,1702.3333333333333,112119.11111111101
Signal Hill,2,1134.00,56645.5,2.0,1134.0,56645.5
Silver Lake,18,1136.00,47633,,,
Silver Lake,15,1201.00,60510,,,
Silver Lake,11,1299.00,46550.5,,,
Silver Lake,9,1402.00,52828.166666667,,,
Silver Lake,7,1017.00,46555.5,,,
Silver Lake,7,1272.00,70500.666666667,,,
Silver Lake,4,1245.00,70283.5,,,
Silver Lake,4,1496.00,78153.833333333,,,
Silver Lake,2,2034.00,107555.833333333,8.555555555555555,1344.6666666666667,64507.88888888889
South El Monte,11,1091.00,37296.833333333,,,
South El Monte,8,1120.00,37978,,,
South El Monte,8,816.00,31012.166666667,,,
South El Monte,5,1217.00,52554.166666667,,,
South El Monte,1,1322.00,57724.166666667,,,
South El Monte,1,1188.00,57571.5,5.666666666666667,1125.6666666666667,45689.472222222335
South Gate,17,927.00,25933.666666667,,,
South Gate,15,950.00,35147,,,
South Gate,14,923.00,33294.333333333,,,
South Gate,13,1002.00,34996.833333333,,,
South Gate,13,967.00,36394.666666667,,,
South Gate,12,921.00,28728.833333333,,,
South Gate,12,951.00,30456.5,,,
South Gate,12,992.00,42859.166666667,,,
South Gate,11,1192.00,44521.5,,,
South Gate,11,957.00,42502.666666667,,,
South Gate,7,995.00,46764.5,,,
South Gate,6,969.00,42099.5,,,
South Gate,6,1033.00,38279.5,,,
South Gate,6,1019.00,41709.333333333,,,
South Gate,5,1123.00,55321.833333333,,,
South Gate,5,995.00,45995,,,
South Gate,4,1116.00,50344,,,
South Gate,4,1142.00,49531.333333333,,,
South Gate,4,983.00,38565.333333333,,,
South Gate,3,1298.00,63690.5,,,
South Gate,1,996.00,49872.5,8.619047619047619,1021.4761904761905,41762.30952380948
South Park,26,927.00,27961.833333333,,,
South Park,26,1033.00,24222.5,,,
South Park,24,1032.00,29258.666666667,,,
South Park,22,1016.00,30976.666666667,,,
South Park,22,1057.00,28638.166666667,,,
South Park,22,946.00,31490.166666667,,,
South Park,19,1109.00,32613.5,,,
South Park,17,793.00,23074,22.25,989.125,28529.437500000127
South Pasadena,8,1438.00,74768.166666667,,,
South Pasadena,8,1363.00,70694,,,
South Pasadena,5,1394.00,98835,,,
South Pasadena,3,1468.00,96830,,,
South Pasadena,3,1461.00,98779.833333333,5.4,1424.8,87981.4
South San Gabriel,6,1009.00,36705.166666667,,,
South San Gabriel,3,1192.00,56173,,,
South San Gabriel,1,1170.00,49946.166666667,3.3333333333333335,1123.6666666666667,47608.111111111335
South San Jose Hills,3,1367.00,48428.166666667,,,
South San Jose Hills,1,1395.00,57991.5,,,
South San Jose Hills,1,1328.00,54270.833333333,,,
South San Jose Hills,1,1481.00,58313.166666667,,,
South San Jose Hills,0,1875.00,54237.666666667,1.2,1489.2,54648.2666666668
South Whittier,6,1466.00,58786.333333333,,,
South Whittier,5,1158.00,56143.166666667,,,
South Whittier,3,999.00,65334.166666667,,,
South Whittier,3,1241.00,52401.166666667,,,
South Whittier,2,1633.00,73099.5,,,
South Whittier,2,1268.00,49301.5,,,
South Whittier,2,1273.00,68946.666666667,,,
South Whittier,1,1334.00,66957.166666667,,,
South Whittier,1,1406.00,58931.333333333,,,
South Whittier,0,1306.00,72870.333333333,,,
South Whittier,0,2105.00,77896.333333333,,,
South Whittier,0,1351.00,62536.166666667,,,
South Whittier,0,1358.00,84293.666666667,1.9230769230769231,1491.5,65192.11538461546
Southeast Antelope Valley,1,,84286.833333333,,,
Southeast Antelope Valley,0,921.00,52369,,,
Southeast Antelope Valley,0,2050.00,82586.166666667,,,
Southeast Antelope Valley,0,1858.00,82166.333333333,0.25,1207.25,75352.08333333326
Stevenson Ranch,1,2383.00,145552.166666667,1.0,2383.0,145552.166666667
Studio City,7,1766.00,68562.833333333,,,
Studio City,4,1537.00,87033.166666667,,,
Studio City,4,1402.00,70489.166666667,,,
Studio City,4,1423.00,58306.333333333,,,
Studio City,3,1447.00,72691,,,
Studio City,1,1481.00,112666,,,
Studio City,1,1651.00,76752.5,,,
Studio City,1,1714.00,84033.833333333,,,
Studio City,0,3332.00,142929,2.7777777777777777,1750.3333333333333,85940.4259259259
Sun Valley,18,1170.00,39687.833333333,,,
Sun Valley,16,1112.00,27935.666666667,,,
Sun Valley,13,1164.00,40342.833333333,,,
Sun Valley,11,965.00,43252.333333333,,,
Sun Valley,10,1230.00,49548.5,,,
Sun Valley,9,949.00,29413.333333333,,,
Sun Valley,9,1650.00,57156.166666667,,,
Sun Valley,9,1146.00,34308.166666667,,,
Sun Valley,8,1613.00,49710.666666667,,,
Sun Valley,7,1218.00,49228.833333333,,,
Sun Valley,7,1037.00,35902.333333333,,,
Sun Valley,7,1336.00,45354.333333333,,,
Sun Valley,7,1137.00,67134.166666667,,,
Sun Valley,6,1693.00,75111.833333333,,,
Sun Valley,6,1041.00,49387.166666667,,,
Sun Valley,3,985.00,59607.833333333,,,
Sun Valley,3,1339.00,46912.166666667,,,
Sun Valley,2,1213.00,46525.833333333,,,
Sun Valley,1,1724.00,60482.5,,,
Sun Valley,1,1341.00,65097,7.65,1253.15,48604.974999999955
Sunland,1,1378.00,60793,,,
Sunland,1,1529.00,71809.166666667,,,
Sunland,0,1303.00,72916,0.6666666666666666,1403.3333333333333,68506.05555555566
Sylmar,12,1256.00,50264.333333333,,,
Sylmar,11,1261.00,33845,,,
Sylmar,8,946.00,40096.166666667,,,
Sylmar,8,1480.00,78239.333333333,,,
Sylmar,6,1692.00,60856.333333333,,,
Sylmar,5,1250.00,65801.666666667,,,
Sylmar,5,1622.00,80362.833333333,,,
Sylmar,3,1181.00,42541.166666667,,,
Sylmar,3,1168.00,50784.333333333,,,
Sylmar,3,1917.00,59522.333333333,,,
Sylmar,3,2034.00,81619.833333333,,,
Sylmar,2,1478.00,61568.833333333,,,
Sylmar,2,1603.00,76697.5,,,
Sylmar,2,1110.00,44644.333333333,,,
Sylmar,1,1701.00,68798.666666667,,,
Sylmar,0,1533.00,77977,,,
Sylmar,0,1539.00,56561.833333333,,,
Sylmar,0,1819.00,77977.666666667,4.111111111111111,1477.2222222222222,61564.39814814806
Tarzana,17,1152.00,53303.666666667,,,
Tarzana,9,1255.00,45763,,,
Tarzana,9,1341.00,56212.5,,,
Tarzana,8,1398.00,49082.5,,,
Tarzana,6,1331.00,61697.666666667,,,
Tarzana,3,,96541.166666667,,,
Tarzana,1,2449.00,145433.833333333,,,
Tarzana,1,2307.00,94085,,,
Tarzana,0,3188.00,146045,,,
Tarzana,0,2625.00,125136.166666667,5.4,1894.0,87330.0500000001
Temple City,5,1483.00,70403,,,
Temple City,5,1578.00,80284.666666667,,,
Temple City,4,1235.00,46969.5,,,
Temple City,3,1590.00,70822,,,
Temple City,3,1137.00,52050.333333333,,,
Temple City,0,1216.00,65019.833333333,,,
Temple City,0,1127.00,58573.833333333,2.857142857142857,1338.0,63446.16666666658
Toluca Lake,9,1353.00,50882.5,,,
Toluca Lake,2,1462.00,82735.5,,,
Toluca Lake,1,1642.00,85855.5,4.0,1485.6666666666667,73157.83333333333
Topanga,1,1901.00,117850.666666667,,,
Topanga,0,2855.00,137793.833333333,0.5,2378.0,127822.25
Torrance,5,1202.00,57683.333333333,,,
Torrance,5,1464.00,60276.166666667,,,
Torrance,4,1722.00,95633.333333333,,,
Torrance,4,1298.00,54994.666666667,,,
Torrance,3,1401.00,53788.333333333,,,
Torrance,3,1119.00,46329.666666667,,,
Torrance,2,1527.00,86655.5,,,
Torrance,2,2215.00,99745.5,,,
Torrance,2,1636.00,82959,,,
Torrance,2,1691.00,88363.333333333,,,
Torrance,2,1336.00,64458.833333333,,,
Torrance,1,1245.00,62436.333333333,,,
Torrance,1,1435.00,81919.666666667,,,
Torrance,1,1401.00,77135.666666667,,,
Torrance,1,1228.00,79382.5,,,
Torrance,1,2275.00,98943.166666667,,,
Torrance,1,1427.00,71264.833333333,,,
Torrance,1,1451.00,60419,,,
Torrance,1,1440.00,82206.166666667,,,
Torrance,1,1118.00,71446.666666667,,,
Torrance,0,1481.00,55991.166666667,,,
Torrance,0,2556.00,109691.5,,,
Torrance,0,1741.00,85654.333333333,,,
Torrance,0,2512.00,76971.166666667,,,
Torrance,0,2203.00,105602.5,,,
Torrance,0,1287.00,72426.166666667,,,
Torrance,0,1813.00,103024.166666667,,,
Torrance,0,2146.00,99693.833333333,,,
Torrance,0,2192.00,95563.166666667,,,
Torrance,0,1756.00,81989,1.4333333333333333,1643.9333333333334,78754.9555555556
Tujunga,6,1120.00,41045.833333333,,,
Tujunga,2,2130.00,100030.833333333,,,
Tujunga,2,1336.00,53220.5,,,
Tujunga,1,1936.00,73126.833333333,,,
Tujunga,1,1087.00,42426.666666667,,,
Tujunga,0,,83905.333333333,,,
Tujunga,0,1117.00,64451,1.7142857142857142,1745.2,65458.14285714271
Tujunga Canyons,12,,83838.166666667,,,
Tujunga Canyons,0,,110055,6.0,0.0,96946.5833333335
Unincorporated Catalina Island,0,879.00,76379,0.0,879.0,76379.0
Unincorporated Santa Monica Mountains,1,2813.00,139669.666666667,,,
Unincorporated Santa Monica Mountains,1,2129.00,133239,,,
Unincorporated Santa Monica Mountains,0,2231.00,112492.5,,,
Unincorporated Santa Monica Mountains,0,2321.00,106098.666666667,,,
Unincorporated Santa Monica Mountains,0,1986.00,98226.833333333,,,
Unincorporated Santa Monica Mountains,0,2130.00,110278.666666667,,,
Unincorporated Santa Monica Mountains,0,2639.00,144824.333333333,0.2857142857142857,2321.285714285714,120689.95238095243
Unincorporated Santa Susana Mountains,3,881.00,66554.5,,,
Unincorporated Santa Susana Mountains,2,2025.00,124495.333333333,,,
Unincorporated Santa Susana Mountains,1,1672.00,85935.333333333,,,
Unincorporated Santa Susana Mountains,0,1965.00,111127.5,1.5,1635.75,97028.1666666665
University Park,25,726.00,18984,,,
University Park,20,976.00,25012.166666667,,,
University Park,14,1011.00,25717.5,,,
University Park,14,1018.00,12305.666666667,,,
University Park,11,1429.00,15296.5,,,
University Park,8,1422.00,9399.166666667,,,
University Park,7,2691.00,10703.5,14.142857142857142,1324.7142857142858,16774.071428571573
Valinda,4,1273.00,67168.166666667,,,
Valinda,2,1407.00,54567.166666667,,,
Valinda,1,1595.00,74805.333333333,2.3333333333333335,1425.0,65513.55555555567
Valley Glen,15,1124.00,45580,,,
Valley Glen,12,1148.00,36530.5,,,
Valley Glen,9,1282.00,44196.166666667,,,
Valley Glen,9,1036.00,40512.833333333,,,
Valley Glen,9,1155.00,33132,,,
Valley Glen,8,1446.00,75068.833333333,,,
Valley Glen,8,1256.00,50236.5,,,
Valley Glen,7,1145.00,36099.5,,,
Valley Glen,7,1058.00,38293.666666667,,,
Valley Glen,6,1274.00,57031.166666667,,,
Valley Glen,6,1270.00,45975.666666667,,,
Valley Glen,5,1190.00,48399.166666667,,,
Valley Glen,5,1233.00,54890.666666667,,,
Valley Glen,5,1051.00,31126,,,
Valley Glen,4,1169.00,39378.833333333,7.666666666666667,1189.1333333333334,45096.76666666673
Valley Village,8,1291.00,49273.333333333,,,
Valley Village,7,1172.00,43006.5,,,
Valley Village,5,1322.00,50554.166666667,,,
Valley Village,2,1218.00,57806.833333333,,,
Valley Village,2,1443.00,80094.166666667,4.8,1289.2,56147.0
Van Nuys,21,968.00,34566.166666667,,,
Van Nuys,19,1132.00,35521.666666667,,,
Van Nuys,19,1128.00,30376.833333333,,,
Van Nuys,19,979.00,35428.833333333,,,
Van Nuys,17,1078.00,31298.833333333,,,
Van Nuys,17,1133.00,45506.5,,,
Van Nuys,15,1016.00,28843.333333333,,,
Van Nuys,14,1088.00,41871.333333333,,,
Van Nuys,13,1033.00,31149.166666667,,,
Van Nuys,12,1203.00,38264.833333333,,,
Van Nuys,12,1000.00,32371.333333333,,,
Van Nuys,11,1124.00,29380.833333333,,,
Van Nuys,11,993.00,41744.833333333,,,
Van Nuys,11,1161.00,42769.5,,,
Van Nuys,11,1160.00,37725.833333333,,,
Van Nuys,10,1029.00,37963,,,
Van Nuys,9,1431.00,56516.833333333,,,
Van Nuys,8,959.00,37316.5,,,
Van Nuys,7,1038.00,40162.5,,,
Van Nuys,7,1123.00,63941.5,,,
Van Nuys,6,1168.00,47351.333333333,,,
Van Nuys,6,1042.00,43969.666666667,,,
Van Nuys,6,1155.00,36500.833333333,,,
Van Nuys,2,1083.00,37941.666666667,,,
Van Nuys,1,1045.00,30549.5,,,
Van Nuys,0,988.00,33136.333333333,10.923076923076923,1086.8076923076924,38544.98076923066
Venice,7,1487.00,63375,,,
Venice,6,1719.00,78536.833333333,,,
Venice,4,2026.00,91390.333333333,,,
Venice,4,1498.00,75367.333333333,,,
Venice,4,1760.00,71718.333333333,,,
Venice,3,1805.00,116726.5,,,
Venice,2,1993.00,73578.833333333,,,
Venice,1,2348.00,106605,,,
Venice,1,2191.00,94851.666666667,,,
Venice,1,2492.00,101223.166666667,,,
Venice,0,1773.00,61196.666666667,3.0,1917.4545454545455,84960.87878787873
Vermont Knolls,21,1020.00,20638,,,
Vermont Knolls,20,977.00,32351.333333333,,,
Vermont Knolls,15,909.00,25513.166666667,,,
Vermont Knolls,14,978.00,22541.5,,,
Vermont Knolls,10,1143.00,40920.333333333,,,
Vermont Knolls,8,999.00,33580.166666667,14.666666666666666,1004.3333333333334,29257.416666666668
Vermont Square,31,954.00,24958.666666667,,,
Vermont Square,28,1032.00,27492.666666667,,,
Vermont Square,22,918.00,32222.166666667,,,
Vermont Square,20,985.00,23847.666666667,,,
Vermont Square,13,968.00,33960,,,
Vermont Square,13,907.00,29337.666666667,,,
Vermont Square,12,1007.00,29417,,,
Vermont Square,11,1407.00,31716.666666667,,,
Vermont Square,10,1128.00,40643.833333333,17.77777777777778,1034.0,30399.592592592777
Vermont Vista,19,870.00,28312.166666667,,,
Vermont Vista,17,1113.00,32756.833333333,,,
Vermont Vista,14,941.00,27732.5,,,
Vermont Vista,14,1005.00,30938.666666667,,,
Vermont Vista,11,968.00,27922.166666667,,,
Vermont Vista,5,1274.00,34600.5,13.333333333333334,1028.5,30377.138888889003
Vermont-Slauson,21,902.00,24138,,,
Vermont-Slauson,17,1127.00,33497.666666667,,,
Vermont-Slauson,15,1013.00,31297.666666667,,,
Vermont-Slauson,15,898.00,25600.833333333,,,
Vermont-Slauson,13,974.00,28576.833333333,,,
Vermont-Slauson,12,1077.00,30742.666666667,,,
Vermont-Slauson,12,1013.00,35839.833333333,,,
Vermont-Slauson,11,1009.00,34534.666666667,14.5,1001.625,30528.520833333376
Vernon,0,583.00,39173.833333333,0.0,583.0,39173.833333333
Veterans Administration,36,1386.00,29770.6,36.0,1386.0,29770.6
View Park-Windsor Hills,2,1162.00,69430.333333333,,,
View Park-Windsor Hills,1,1377.00,90068,1.5,1269.5,79749.1666666665
Vincent,4,1151.00,65365,,,
Vincent,3,2028.00,80341.5,,,
Vincent,2,1165.00,68055.666666667,,,
Vincent,1,1148.00,48243.833333333,2.5,1373.0,65501.5
Walnut,3,2221.00,101824.333333333,,,
Walnut,3,2074.00,129023.833333333,,,
Walnut,3,2199.00,93184.166666667,,,
Walnut,2,1678.00,69985.5,,,
Walnut,2,2309.00,108373.833333333,,,
Walnut,2,2750.00,126004.333333333,,,
Walnut,0,3265.00,137612,2.142857142857143,2356.5714285714284,109429.71428571416
Walnut Park,13,1072.00,44486.166666667,,,
Walnut Park,12,1003.00,34279.833333333,,,
Walnut Park,9,900.00,32788.5,,,
Walnut Park,4,1218.00,53194.333333333,9.5,1048.25,41187.20833333325
Watts,19,1018.00,35887,,,
Watts,17,1057.00,39625.166666667,,,
Watts,17,1304.00,37431.833333333,,,
Watts,16,866.00,32263.833333333,,,
Watts,15,531.00,13878.5,,,
Watts,12,1037.00,29156.833333333,,,
Watts,11,755.00,24225,,,
Watts,9,1017.00,32081.833333333,14.5,948.125,30568.749999999873
West Adams,15,1023.00,27546.833333333,,,
West Adams,13,1039.00,36787.5,,,
West Adams,12,1111.00,43485.166666667,,,
West Adams,9,1077.00,35689.5,,,
West Adams,9,885.00,34255.666666667,,,
West Adams,7,1274.00,38913.166666667,10.833333333333334,1068.1666666666667,36112.972222222335
West Carson,2,874.00,62732.333333333,,,
West Carson,2,1412.00,64310.833333333,,,
West Carson,2,1206.00,64696.666666667,,,
West Carson,1,1140.00,62700.666666667,1.75,1158.0,63610.125
West Compton,8,1188.00,39745.666666667,,,
West Compton,5,1109.00,47007,6.5,1148.5,43376.3333333335
West Covina,9,1369.00,61200.666666667,,,
West Covina,9,1443.00,77702.166666667,,,
West Covina,5,1716.00,70668.5,,,
West Covina,5,1398.00,60512.5,,,
West Covina,5,1246.00,65796.5,,,
West Covina,5,980.00,76121.5,,,
West Covina,4,1290.00,83105.666666667,,,
West Covina,4,1935.00,82441.5,,,
West Covina,4,1522.00,79852.166666667,,,
West Covina,3,1537.00,77143.833333333,,,
West Covina,3,1365.00,57634.833333333,,,
West Covina,3,1403.00,58308.5,,,
West Covina,3,982.00,97255.5,,,
West Covina,2,1978.00,86884.5,,,
West Covina,2,1512.00,79139.166666667,,,
West Covina,2,1385.00,69331.166666667,,,
West Covina,2,2217.00,94470.333333333,,,
West Covina,2,1062.00,65037.5,,,
West Covina,2,1362.00,74830.666666667,,,
West Covina,1,1685.00,66732.333333333,,,
West Covina,1,1643.00,82997.166666667,,,
West Covina,1,1475.00,69115.833333333,,,
West Covina,1,1846.00,76483.666666667,3.391304347826087,1493.5217391304348,74468.09420289862
West Hills,4,1578.00,80611.5,,,
West Hills,3,2619.00,85589.333333333,,,
West Hills,3,2119.00,83294,,,
West Hills,2,2183.00,150261.333333333,,,
West Hills,2,2423.00,90796.833333333,,,
West Hills,1,2193.00,79861.833333333,,,
West Hills,1,2693.00,76855.5,,,
West Hills,1,2342.00,78729.666666667,,,
West Hills,1,2733.00,86517,,,
West Hills,0,2581.00,85953.833333333,,,
West Hills,0,3253.00,106227.5,1.6363636363636365,2428.818181818182,91336.212121212
West Hollywood,7,1142.00,24994.833333333,,,
West Hollywood,6,1599.00,62703.333333333,,,
West Hollywood,4,1493.00,66251.666666667,,,
West Hollywood,3,1211.00,35877.333333333,,,
West Hollywood,2,1433.00,51640.5,,,
West Hollywood,1,1484.00,62993.5,,,
West Hollywood,1,1498.00,73875.5,3.4285714285714284,1408.5714285714287,54048.09523809515
West Los Angeles,6,1993.00,92362.333333333,,,
West Los Angeles,5,1999.00,71441.5,,,
West Los Angeles,2,1832.00,92095.666666667,,,
West Los Angeles,2,1661.00,91831.833333333,3.75,1871.25,86932.83333333326
West Puente Valley,7,1261.00,61832.833333333,,,
West Puente Valley,4,1296.00,50268.666666667,,,
West Puente Valley,3,1328.00,58570.333333333,,,
West Puente Valley,2,1452.00,61631.666666667,,,
West Puente Valley,0,880.00,69116.5,3.2,1243.4,60284.0
West Whittier-Los Nietos,6,1487.00,51069.833333333,,,
West Whittier-Los Nietos,4,1112.00,39167,,,
West Whittier-Los Nietos,3,2026.00,71932.333333333,,,
West Whittier-Los Nietos,1,1247.00,62515.833333333,,,
West Whittier-Los Nietos,0,1517.00,61750.166666667,,,
West Whittier-Los Nietos,0,1065.00,52554.166666667,2.3333333333333335,1409.0,56498.22222222216
Westchester,5,1175.00,42176.666666667,,,
Westchester,4,1475.00,58971,,,
Westchester,4,2075.00,105132.833333333,,,
Westchester,3,1959.00,86248.166666667,,,
Westchester,3,1719.00,60955.833333333,,,
Westchester,2,1831.00,124817.833333333,,,
Westchester,1,1672.00,71449.833333333,,,
Westchester,1,2314.00,90828.666666667,,,
Westchester,1,1813.00,71335.333333333,,,
Westchester,1,1607.00,105877.833333333,,,
Westchester,0,1740.00,106816.5,2.272727272727273,1761.8181818181818,84055.49999999991
Westlake,74,904.00,30992.833333333,,,
Westlake,71,812.00,26480.666666667,,,
Westlake,61,768.00,24327.166666667,,,
Westlake,59,778.00,17716.166666667,,,
Westlake,59,674.00,17772.833333333,,,
Westlake,57,800.00,21908,,,
Westlake,54,1065.00,37454.833333333,,,
Westlake,51,866.00,23628.333333333,,,
Westlake,49,768.00,24396.333333333,,,
Westlake,48,688.00,17490.166666667,,,
Westlake,48,747.00,19471.666666667,,,
Westlake,47,796.00,19272.833333333,,,
Westlake,43,847.00,23176.166666667,,,
Westlake,42,867.00,28979.5,,,
Westlake,41,800.00,28744.833333333,,,
Westlake,39,1025.00,35308.333333333,,,
Westlake,32,851.00,29523,,,
Westlake,32,1030.00,40620.5,,,
Westlake,31,869.00,28026.666666667,,,
Westlake,29,942.00,24142.5,,,
Westlake,26,784.00,29470.333333333,,,
Westlake,23,899.00,25635,,,
Westlake,22,1527.00,32484.666666667,,,
Westlake,22,1027.00,40340,,,
Westlake,17,1200.00,42315.833333333,,,
Westlake,16,1256.00,44608.666666667,,,
Westlake,16,1111.00,41769.5,,,
Westlake,15,1159.00,40535.333333333,,,
Westlake,15,1019.00,34731.5,,,
Westlake,11,1070.00,38648.833333333,38.333333333333336,931.6333333333333,29665.766666666637
Westlake Village,1,3029.00,136962.5,,,
Westlake Village,0,1926.00,91595.166666667,0.5,2477.5,114278.8333333335
Westmont,26,954.00,26390,,,
Westmont,18,924.00,27750,,,
Westmont,17,990.00,26303.5,,,
Westmont,15,1029.00,22029.5,,,
Westmont,11,1115.00,30037.166666667,,,
Westmont,5,1140.00,46227.166666667,,,
Westmont,4,998.00,42822.5,13.714285714285714,1021.4285714285714,31651.404761904858
Westwood,11,1599.00,18398.166666667,,,
Westwood,10,1878.00,58487.5,,,
Westwood,5,1979.00,83066.166666667,,,
Westwood,4,1800.00,19559,,,
Westwood,3,1970.00,97480.5,,,
Westwood,3,1435.00,15455.166666667,,,
Westwood,2,2233.00,82769.833333333,,,
Westwood,1,2341.00,108377.666666667,,,
Westwood,0,2372.00,156670.5,,,
Westwood,0,2152.00,74258.666666667,,,
Westwood,0,1436.00,90777.333333333,,,
Westwood,0,2302.00,110946.5,3.25,1958.0833333333333,76353.91666666674
Whittier,9,995.00,34513.833333333,,,
Whittier,8,1272.00,47702.666666667,,,
Whittier,5,1406.00,72422.833333333,,,
Whittier,4,1327.00,65617.166666667,,,
Whittier,3,1039.00,42254.5,,,
Whittier,3,1450.00,62801,,,
Whittier,3,970.00,35581.833333333,,,
Whittier,3,1163.00,54028.333333333,,,
Whittier,2,1387.00,62567.5,,,
Whittier,2,1148.00,89623.666666667,,,
Whittier,2,984.00,129669.833333333,,,
Whittier,1,1520.00,79190.666666667,,,
Whittier,1,1724.00,81816.666666667,,,
Whittier,1,1086.00,58775,,,
Whittier,1,1314.00,75577.5,,,
Whittier,1,1693.00,89723.166666667,,,
Whittier,0,1739.00,77697.333333333,,,
Whittier,0,1373.00,74422,2.7222222222222223,1310.5555555555557,68554.75
Whittier Narrows,1,1375.00,63964,1.0,1375.0,63964.0
Willowbrook,11,1264.00,39002.333333333,,,
Willowbrook,7,963.00,42356.5,,,
Willowbrook,7,1164.00,43239,,,
Willowbrook,7,1243.00,43021.5,,,
Willowbrook,7,1029.00,31585.666666667,,,
Willowbrook,3,1135.00,32779.166666667,7.0,1133.0,38664.02777777783
Wilmington,14,961.00,45529.833333333,,,
Wilmington,8,959.00,31104.833333333,,,
Wilmington,8,893.00,29931,,,
Wilmington,8,992.00,34702.833333333,,,
Wilmington,7,916.00,31023,,,
Wilmington,7,963.00,28941.333333333,,,
Wilmington,6,1037.00,46348.5,,,
Wilmington,5,1062.00,34778.833333333,,,
Wilmington,5,1001.00,41631.166666667,,,
Wilmington,4,961.00,37413.833333333,,,
Wilmington,3,1290.00,69782.166666667,,,
Wilmington,3,1256.00,44895,,,
Wilmington,3,1072.00,60865.333333333,,,
Wilmington,2,1067.00,39915,,,
Wilmington,1,1061.00,66320.333333333,5.6,1032.7333333333333,42878.86666666654
Windsor Square,8,1164.00,49326,,,
Windsor Square,2,1688.00,57412.333333333,5.0,1426.0,53369.1666666665
Winnetka,13,1072.00,36649.5,,,
Winnetka,10,1388.00,44962.166666667,,,
Winnetka,8,943.00,45136,,,
Winnetka,7,1146.00,67420.5,,,
Winnetka,5,1216.00,51634.5,,,
Winnetka,5,1293.00,60043.833333333,,,
Winnetka,5,1148.00,60759.333333333,,,
Winnetka,4,1182.00,59737.333333333,,,
Winnetka,3,1661.00,64651.166666667,,,
Winnetka,3,1118.00,54367.5,,,
Winnetka,2,1136.00,69689.666666667,5.909090909090909,1209.3636363636363,55913.77272727273
Woodland Hills,5,1610.00,66652.5,,,
Woodland Hills,3,2034.00,71565,,,
Woodland Hills,2,1685.00,71143.666666667,,,
Woodland Hills,2,2482.00,105739.666666667,,,
Woodland Hills,2,1983.00,100966.75,,,
Woodland Hills,1,1930.00,96200.333333333,,,
Woodland Hills,1,2843.00,135180.333333333,,,
Woodland Hills,1,3190.00,99695.833333333,,,
Woodland Hills,1,1766.00,75901.166666667,,,
Woodland Hills,0,2828.00,112190.5,,,
Woodland Hills,0,,143201.833333333,,,
Woodland Hills,0,2452.00,83982.5,,,
Woodland Hills,0,2332.00,102005.666666667,,,
